Id,Burg,Province,Province Full Name,State,State Full Name,Culture,Religion,Group,Population,X,Y,Latitude,Longitude,Elevation (m),Temperature,Temperature likeness,Capital,Port,Citadel,Walls,Plaza,Temple,Shanty Town,Emblem,Preview link
1,Wilhalmi,Bearse,Bearse County,Dawnwalia,Principality of Dawnwalia,阿诺（人类）,Embergrakecism,capital,29081,7808.24,3407.26,-32.47,100.68,9,17°C,Lisbon (Portugal),capital,port,citadel,walls,plaza,,shanty town,{t1:argent;division:{division:perFess;t:vert;line:invecked};charges:[{charge:wolfHeadErased;t:sable;p:k;t2:sable;size:0.7};{charge:horseHeadCouped;t:or;p:n;size:0.7}];shield:culture},https://watabou.github.io/city-generator/?name=Wilhalmi&population=29081&size=46&seed=1234182160001&river=1&coast=1&farms=0&citadel=1&urban_castle=0&hub=1&plaza=1&greens=1&temple=0&walls=1&shantytown=1&style=natural
2,Genosanil,Wasinzan,Wasinzan Barony,Shemnaselu,Grand Duchy of Shemnaselu,昆雅（精灵）,昆雅（精灵） Druidism,capital,19951,5451.59,2101.16,14.48,15.96,4,28°C,Bangkok (Thailand),capital,port,citadel,walls,plaza,,,{t1:gules;charges:[{charge:crossClechy;t:argent;p:e;size:1.5}];shield:culture},https://watabou.github.io/city-generator/?name=Genosanil&population=19951&size=40&seed=1234182160002&river=1&coast=1&farms=1&citadel=1&urban_castle=1&hub=1&plaza=1&greens=1&temple=0&walls=1&shantytown=0&style=natural&sea=1.12
3,Razinb,Razinb,Razinb Canton,Digez,Digezan League,尤顿（巨人）,尤顿（巨人） Druidism,capital,10712,8599.62,2470.62,1.2,129.12,1521,20°C,Alexandria (Egypt),capital,,citadel,walls,,,,{t1:or;division:{division:perBendSinister;t:purpure;line:wavy};charges:[{charge:rustre;t:azure;p:jo;size:0.7}];shield:culture},https://watabou.github.io/city-generator/?name=Razinb&population=10712&size=32&seed=1234182160003&river=0&coast=0&farms=1&citadel=1&urban_castle=0&hub=0&plaza=0&greens=0&temple=0&walls=1&shantytown=0&style=natural
4,Bothar,Vigkandi,Vigkandi County,Solka,Kingdom of Solka,尤顿（巨人）,尤顿（巨人） Druidism,capital,45208,8558.02,1636.57,31.18,127.63,9,16°C,Dubrovnik (Croatia),capital,port,citadel,walls,plaza,temple,shanty town,{t1:gules;charges:[{charge:caravel;t:or;p:beh;t2:argent;t3:or;size:0.5}];shield:culture},https://watabou.github.io/city-generator/?name=Bothar&population=45208&size=55&seed=1234182160004&river=1&coast=1&farms=1&citadel=1&urban_castle=1&hub=1&plaza=1&greens=1&temple=1&walls=1&shantytown=1&style=natural&sea=0.33
5,Drayhost,Drayhost,Drayhost Earldom,Eartland,Grand Duchy of Eartland,阿诺（人类）,Embergrakecism,capital,11786,7209.38,3607.56,-39.66,79.15,25,12°C,Paris (France),capital,port,citadel,walls,,,,{t1:argent;division:{division:perFess;t:sable;line:straight};ordinaries:[{ordinary:pallReversed;t:azure;divided:counter}];shield:culture},https://watabou.github.io/city-generator/?name=Drayhost&population=11786&size=33&seed=1234182160005&river=1&coast=1&farms=1&citadel=1&urban_castle=0&hub=1&plaza=0&greens=0&temple=0&walls=1&shantytown=0&style=natural&sea=1.51
6,Tolnarg,Tolnarg,Tolnarg County,Tolnarg,Grand Duchy of Tolnarg,尤顿（巨人）,Embergrakecism,capital,14180,8839.39,2877.73,-13.43,137.74,256,27°C,Mogadishu (Somalia),capital,,citadel,walls,,,,{t1:pappellony-vert-argent;ordinaries:[{ordinary:quarter;t:argent}];shield:culture},https://watabou.github.io/city-generator/?name=Tolnarg&population=14180&size=35&seed=1234182160006&river=0&coast=0&farms=1&citadel=1&urban_castle=1&hub=0&plaza=0&greens=0&temple=0&walls=1&shantytown=0&style=natural
7,Zel,Zel,Zel County,Srach,Grand Duchy of Srach,阿拉戈（蛛形）,Deities of the Amber Cold,capital,15250,4949.15,1515.57,35.53,-2.1,9,10°C,London (England),capital,port,citadel,walls,plaza,,,{t1:azure;division:{division:perBend;t:argent;line:straight};charges:[{charge:bugleHorn;t:or;p:l;t2:or;size:0.7};{charge:caravel;t:purpure;p:m;size:0.7}];shield:culture},https://watabou.github.io/city-generator/?name=Zel&population=15250&size=36&seed=1234182160007&river=0&coast=1&farms=1&citadel=1&urban_castle=0&hub=0&plaza=1&greens=1&temple=0&walls=1&shantytown=0&style=natural&sea=1.71
8,Vreagab,Voh,Voh Captaincy,Vreagab,Kingdom of Vreagab,狗头人（哥布林）,狗头人（哥布林） Religion,capital,5061,3273.21,1631.44,31.36,-62.34,25,16°C,Dubrovnik (Croatia),capital,port,citadel,walls,,,,{t1:azure;charges:[{charge:helmetCorinthian;t:argent;p:e;t2:argent;t3:or;size:1.5}];shield:culture},https://watabou.github.io/city-generator/?name=Vreagab&population=5061&size=24&seed=1234182160008&river=1&coast=1&farms=1&citadel=1&urban_castle=1&hub=1&plaza=0&greens=0&temple=0&walls=1&shantytown=0&style=natural&sea=0.33
9,Brat,Brat,Brat County,Brat,Principality of Brat,狗头人（哥布林）,Old Gneabligzism,capital,16226,3818.77,1778.49,26.08,-42.73,49,17°C,Lisbon (Portugal),capital,port,citadel,walls,plaza,,,{t1:azure;charges:[{charge:anchor;t:or;p:abc;size:0.5}];shield:culture},https://watabou.github.io/city-generator/?name=Brat&population=16226&size=37&seed=1234182160009&river=0&coast=1&farms=1&citadel=1&urban_castle=0&hub=1&plaza=1&greens=1&temple=0&walls=1&shantytown=0&style=natural&sea=1.95
10,Zrio,Croi,Croi Earldom,Zrio,Kingdom of Zrio,狗头人（哥布林）,Old Gneabligzism,capital,27763,1990.42,3314.57,-29.13,-108.45,36,20°C,Alexandria (Egypt),capital,port,citadel,walls,plaza,temple,,{t1:masoned-azure-or-small;division:{division:perCross;t:or;line:straight};charges:[{charge:hand;t:argent;p:j;size:0.6};{charge:anchor;t:sable;p:l;size:0.6};{charge:estoile;t:purpure;p:m;size:0.6};{charge:pike;t:or;p:o;size:0.6}];shield:culture},https://watabou.github.io/city-generator/?name=Zrio&population=27763&size=46&seed=1234182160010&river=1&coast=1&farms=1&citadel=1&urban_castle=1&hub=1&plaza=1&greens=1&temple=1&walls=1&shantytown=0&style=natural&sea=1.79
11,Phig,Phig,Phig Province,Biok,Republic of Biok,狗头人（哥布林）,Old Gneabligzism,capital,6146,4195.63,1651.23,30.65,-29.18,64,16°C,Dubrovnik (Croatia),capital,port,citadel,walls,,,,{t1:vert;charges:[{charge:shipWheel;t:argent;p:e;size:1.5}];shield:culture},https://watabou.github.io/city-generator/?name=Phig&population=6146&size=26&seed=1234182160011&river=0&coast=1&farms=1&citadel=1&urban_castle=0&hub=0&plaza=0&greens=0&temple=0&walls=1&shantytown=0&style=natural&sea=0.11
12,Bug,Nildai,Nildai County,Bug,Duchy of Bug,狗头人（哥布林）,Old Gneabligzism,capital,12581,3375.04,2607.48,-3.72,-58.68,25,30°C,Khartoum (Sudan),capital,port,citadel,walls,,,,{t1:argent;charges:[{charge:helmetZischagge;t:sable;p:e;size:1.5;sinister:1}];shield:culture},https://watabou.github.io/city-generator/?name=Bug&population=12581&size=34&seed=1234182160012&river=0&coast=1&farms=1&citadel=1&urban_castle=1&hub=0&plaza=0&greens=0&temple=0&walls=1&shantytown=0&style=natural&sea=1.9
13,Phax,Phax,Phax Department,Engai,Republic of Engai,狗头人（哥布林）,Old Gneabligzism,capital,8532,2890.33,2950.8,-16.06,-76.1,25,28°C,Bangkok (Thailand),capital,,citadel,walls,plaza,,,{t1:argent;charges:[{charge:triangle;t:azure;p:def;size:0.5}];shield:culture},https://watabou.github.io/city-generator/?name=Phax&population=8532&size=29&seed=1234182160013&river=1&coast=0&farms=1&citadel=1&urban_castle=0&hub=1&plaza=1&greens=1&temple=0&walls=1&shantytown=0&style=natural
14,Dretheas,Dretheas,Dretheas Barony,Olerin,Olerin Empire,昆雅（精灵）,昆雅（精灵） Druidism,capital,8379,6390.21,1508.85,35.77,49.7,484,7°C,Montreal (Canada),capital,,citadel,walls,,,,{t1:argent;division:{division:perPale;t:sable;line:straight};ordinaries:[{ordinary:pale;t:azure;line:straight;divided:counter}];shield:culture},https://watabou.github.io/city-generator/?name=Dretheas&population=8379&size=29&seed=1234182160014&river=0&coast=0&farms=1&citadel=1&urban_castle=1&hub=0&plaza=0&greens=0&temple=0&walls=1&shantytown=0&style=natural
15,Elase,Adhelumye,Adhelumye County,Kyathlulil,Kingdom of Kyathlulil,昆雅（精灵）,昆雅（精灵） Druidism,capital,9869,5632.97,1679.64,29.63,22.48,100,15°C,Rome (Italy),capital,,citadel,walls,,,,{t1:or;charges:[{charge:hand;t:sable;p:abc;size:0.5}];shield:culture},https://watabou.github.io/city-generator/?name=Elase&population=9869&size=31&seed=1234182160015&river=1&coast=0&farms=1&citadel=1&urban_castle=0&hub=1&plaza=0&greens=0&temple=0&walls=1&shantytown=0&style=natural
16,Duzec,Golzog,Golzog County,Grur,Gruran Marches,乌鲁克（兽人）,乌鲁克（兽人） Beliefs,capital,18508,2917.69,1947.19,20.01,-75.12,900,17°C,Lisbon (Portugal),capital,port,citadel,walls,,,,{t1:purpure;charges:[{charge:helmetGreat;t:argent;p:kn;size:0.7}];shield:culture},https://watabou.github.io/city-generator/?name=Duzec&population=18508&size=39&seed=1234182160016&river=1&coast=1&farms=1&citadel=1&urban_castle=1&hub=0&plaza=0&greens=0&temple=0&walls=1&shantytown=0&style=natural
17,Memruch,Brem,Brem Earldom,Giruzar,Giruzar Empire,尤顿（巨人）,Embergrakecism,capital,65567,7572.3,2421.68,2.96,92.19,64,30°C,Khartoum (Sudan),capital,port,citadel,walls,plaza,temple,shanty town,{t1:sable;ordinaries:[{ordinary:cross;t:argent;line:straight}];charges:[{charge:roundel2;t:gules;p:beh;size:0.3}];shield:culture},https://watabou.github.io/city-generator/?name=Memruch&population=65567&size=63&seed=1234182160017&river=1&coast=1&farms=1&citadel=1&urban_castle=0&hub=0&plaza=1&greens=1&temple=1&walls=1&shantytown=1&style=natural
18,Cryshield,Cryshield,Cryshield County,Milstar,Kingdom of Milstar,阿诺（人类）,Embergrakecism,capital,22885,6531.64,3354.28,-30.56,54.79,169,19°C,Marrakesh (Morocco),capital,port,citadel,walls,plaza,temple,shanty town,{t1:argent;ordinaries:[{ordinary:fessCotissed;t:gules;line:straight}];charges:[{charge:dragonRampant;t:sable;p:e;t2:sable;t3:purpure;size:1.5}];shield:culture},https://watabou.github.io/city-generator/?name=Cryshield&population=22885&size=42&seed=1234182160018&river=0&coast=1&farms=1&citadel=1&urban_castle=1&hub=1&plaza=1&greens=1&temple=1&walls=1&shantytown=1&style=natural&sea=1.11
19,Eliemaran,Olulilne,Olulilne Prefecture,Yethmel,Republic of Yethmel,昆雅（精灵）,昆雅（精灵） Druidism,capital,4606,8025.09,1285.06,43.81,108.47,16,5°C,Harbin (China),capital,port,citadel,walls,,,,{t1:sable;ordinaries:[{ordinary:bordure;t:argent}];charges:[{charge:billet;t:sable;p:ABCDEFGHIJKL;size:0.18};{charge:eagleTwoHeads;t:or;p:e;size:1.1}];shield:culture},https://watabou.github.io/city-generator/?name=Eliemaran&population=4606&size=23&seed=1234182160019&river=0&coast=1&farms=1&citadel=1&urban_castle=0&hub=0&plaza=0&greens=0&temple=0&walls=1&shantytown=0&style=natural&sea=0.45
20,Myths,Laughed,Laughed County,Karion,Protectorate of Karion,昆雅（精灵）,昆雅（精灵） Druidism,capital,35032,7401.05,1513.21,35.61,86.04,196,9°C,Copenhagen (Denmark),capital,,citadel,walls,plaza,temple,,{t1:gules;division:{division:perFess;t:bendy-vert-argent-smaller;line:flechy};charges:[{charge:heart;t:or;p:k;size:0.7};{charge:arrowsSheaf;t:or;p:n;size:0.7}];shield:culture},https://watabou.github.io/city-generator/?name=Myths&population=35032&size=50&seed=1234182160020&river=1&coast=0&farms=1&citadel=1&urban_castle=1&hub=1&plaza=1&greens=1&temple=1&walls=1&shantytown=0&style=natural
21,Veekz,Zighel,Zighel Barony,Zrio,Kingdom of Zrio,狗头人（哥布林）,Old Gneabligzism,town,8443,2097.7,3221.03,-25.77,-104.6,16,23°C,Rio de Janeiro (Brazil),,port,citadel,,,,,{t1:purpure;charges:[{charge:eagle;t:or;p:e;t2:argent;t3:or;size:1.5}];shield:culture},https://watabou.github.io/city-generator/?name=Veekz&population=8443&size=29&seed=1234182160021&river=0&coast=1&farms=1&citadel=1&urban_castle=0&hub=0&plaza=0&greens=0&temple=0&walls=0&shantytown=0&style=natural&sea=1.82
22,Croi,Croi,Croi Canton,Engai,Republic of Engai,狗头人（哥布林）,Old Gneabligzism,town,10429,2929.88,2839.66,-12.06,-74.68,36,29°C,Niamey (Niger),,,,,,,,{t1:azure;charges:[{charge:plough;t:argent;p:e;t2:argent;size:1.5}];shield:culture},https://watabou.github.io/city-generator/?name=Croi&population=10429&size=31&seed=1234182160022&river=1&coast=0&farms=1&citadel=0&urban_castle=0&hub=0&plaza=0&greens=0&temple=0&walls=0&shantytown=0&style=natural
23,Throthoza,Bothizda,Bothizda County,Solka,Kingdom of Solka,尤顿（巨人）,尤顿（巨人） Druidism,village,1449,8281.2,2223.46,10.08,117.68,1764,17°C,Lisbon (Portugal),,,,,,,,{t1:gules;ordinaries:[{ordinary:chevron;t:argent}];charges:[{charge:plough;t:or;p:e;t2:or;size:1.5}];shield:culture},https://watabou.github.io/village-generator/?pop=1449&name=Throthoza&seed=1234182160023&width=1400&height=683&style=default&tags=dead+end%2Cfarmland%2Cno+square%2Cdense
24,Shizses,Ynathes,Ynathes Captaincy,Kyathlulil,Kingdom of Kyathlulil,阿拉戈（蛛形）,Deities of the Amber Cold,town,3054,5119.67,1365.16,40.93,4.03,16,5°C,Harbin (China),,port,,,,,,{t1:or;ordinaries:[{ordinary:chevron;t:gules}];charges:[{charge:lymphad;t:or;p:ach;t2:or;t3:or;size:0.5}];shield:culture},https://watabou.github.io/city-generator/?name=Shizses&population=3054&size=20&seed=1234182160024&river=0&coast=1&farms=1&citadel=0&urban_castle=0&hub=1&plaza=0&greens=0&temple=0&walls=0&shantytown=0&style=natural&sea=1.17
25,Grineneld,Grineneld,Grineneld County,Dawnwalia,Principality of Dawnwalia,阿诺（人类）,Embergrakecism,city,16048,8148.31,3522.9,-36.62,112.9,9,14°C,Washington (D.C.),,port,,walls,,,,{t1:sable;division:{division:perFess;t:argent;line:straight};charges:[{charge:drakkar;t:or;p:k;t2:or;t3:or;size:0.7};{charge:portcullis;t:purpure;p:n;size:0.7}];shield:culture},https://watabou.github.io/city-generator/?name=Grineneld&population=16048&size=37&seed=1234182160025&river=0&coast=1&farms=1&citadel=0&urban_castle=0&hub=1&plaza=0&greens=0&temple=0&walls=1&shantytown=0&style=natural&sea=0.08
26,Wruil,Onq,Onq County,Brat,Principality of Brat,狗头人（哥布林）,Old Gneabligzism,city,14396,3159.99,2023.3,17.28,-66.41,676,21°C,Tegucigalpa (Honduras),,,citadel,,,,,{t1:or;charges:[{charge:bow;t:gules;p:e;size:1.5}];shield:culture},https://watabou.github.io/city-generator/?name=Wruil&population=14396&size=36&seed=1234182160026&river=0&coast=0&farms=1&citadel=1&urban_castle=1&hub=0&plaza=0&greens=0&temple=0&walls=0&shantytown=0&style=natural
27,Jortec,Brem,Brem Earldom,Giruzar,Giruzar Empire,尤顿（巨人）,Embergrakecism,village,1670,7574.87,2873.8,-13.29,92.29,64,29°C,Niamey (Niger),,,,,,,,{t1:argent;charges:[{charge:scythe;t:sable;p:jeo;t2:sable;size:0.5}];shield:culture},https://watabou.github.io/village-generator/?pop=1670&name=Jortec&seed=1234182160027&width=1600&height=780&style=default&tags=estuary%2Cdead+end%2Cno+orchards%2Cno+square%2Cdense
28,Broluch,Mernaram,Mernaram County,Milstar,Kingdom of Milstar,尤顿（巨人）,尤顿（巨人） Druidism,town,7216,6268.61,2894.55,-14.04,45.33,169,28°C,Bangkok (Thailand),,port,,walls,,,,{t1:barryBendy-or-gules;ordinaries:[{ordinary:crossParted;t:sable;line:straight}];charges:[{charge:shipWheel;t:argent;p:e;size:1.5}];shield:culture},https://watabou.github.io/city-generator/?name=Broluch&population=7216&size=27&seed=1234182160028&river=1&coast=1&farms=1&citadel=0&urban_castle=0&hub=0&plaza=0&greens=0&temple=0&walls=1&shantytown=0&style=natural
29,Phax,Phax,Phax County,Brat,Principality of Brat,狗头人（哥布林）,Old Gneabligzism,city,20473,3922.37,1701.07,28.86,-39.01,36,16°C,Dubrovnik (Croatia),,port,,walls,,,shanty town,{t1:azure;charges:[{charge:anchor;t:argent;p:e;size:1.5}];shield:culture},https://watabou.github.io/city-generator/?name=Phax&population=20473&size=41&seed=1234182160029&river=0&coast=1&farms=1&citadel=0&urban_castle=0&hub=0&plaza=0&greens=0&temple=0&walls=1&shantytown=1&style=natural&sea=1.5
30,Sshaumynat,Rethe,Rethe Captaincy,Kyathlulil,Kingdom of Kyathlulil,昆雅（精灵）,昆雅（精灵） Druidism,town,11733,5074.98,1778.66,26.07,2.43,9,17°C,Lisbon (Portugal),,port,,,,,,{t1:argent;charges:[{charge:billet;t:azure;p:e;size:1.5}];shield:culture},https://watabou.github.io/city-generator/?name=Sshaumynat&population=11733&size=33&seed=1234182160030&river=0&coast=1&farms=1&citadel=0&urban_castle=0&hub=0&plaza=0&greens=0&temple=0&walls=0&shantytown=0&style=natural&sea=0.69
31,Henohil,Thalya,Thalya County,Olerin,Olerin Empire,昆雅（精灵）,昆雅（精灵） Druidism,town,3383,6368.75,1380.33,40.39,48.93,324,4°C,Reykjavik (Iceland),,,,,,,,{t1:or;ordinaries:[{ordinary:bordure;t:azure}];charges:[{charge:fleurDeLis;t:or;p:ABCDEFGHIJKL;t2:or;t3:sable;size:0.18};{charge:boat;t:azure;p:e;size:1.1}];shield:culture},https://watabou.github.io/city-generator/?name=Henohil&population=3383&size=21&seed=1234182160031&river=0&coast=0&farms=1&citadel=0&urban_castle=0&hub=0&plaza=0&greens=0&temple=0&walls=0&shantytown=0&style=natural
32,Darkadab,Brem,Brem Earldom,Giruzar,Giruzar Empire,尤顿（巨人）,Embergrakecism,town,4236,7527.38,2791.18,-10.32,90.58,121,28°C,Bangkok (Thailand),,,,,,,,{t1:azure;ordinaries:[{ordinary:chevron;t:or}];charges:[{charge:pike;t:argent;p:e;t2:argent;size:1.5}];shield:culture},https://watabou.github.io/city-generator/?name=Darkadab&population=4236&size=22&seed=1234182160032&river=0&coast=0&farms=1&citadel=0&urban_castle=0&hub=0&plaza=0&greens=0&temple=0&walls=0&shantytown=0&style=natural
33,Driz,Bratliaq,Bratliaq Department,Engai,Republic of Engai,乌鲁克（兽人）,乌鲁克（兽人） Beliefs,village,1471,2704.41,2295.91,7.48,-82.79,1369,18°C,Barcelona (Spain),,,,,,,,{t1:ermine-argent-sable-smaller;charges:[{charge:inescutcheon;t:gules;p:e;size:1.5};{charge:crossFormee;t:argent;p:e;size:0.75}];shield:culture},https://watabou.github.io/village-generator/?pop=1471&name=Driz&seed=1234182160033&width=1400&height=683&style=default&tags=dead+end%2Cno+square%2Cdense
34,Nyteselalon,Unore,Unore County,Kyathlulil,Kingdom of Kyathlulil,昆雅（精灵）,昆雅（精灵） Druidism,town,8765,5746.31,2099.95,14.52,26.56,36,28°C,Bangkok (Thailand),,port,,,,,,{t1:or;ordinaries:[{ordinary:chevronReversed;t:azure}];charges:[{charge:crossMoline;t:azure;p:b;size:0.5}];shield:culture},https://watabou.github.io/city-generator/?name=Nyteselalon&population=8765&size=29&seed=1234182160034&river=0&coast=1&farms=1&citadel=0&urban_castle=0&hub=0&plaza=0&greens=0&temple=0&walls=0&shantytown=0&style=natural&sea=1.06
35,Brathagab,Stryt,Stryt Province,Biok,Republic of Biok,狗头人（哥布林）,Old Gneabligzism,town,4507,4061.52,1619.99,31.77,-34,64,13°C,Milan (Italy),,,,,,,,{t1:argent;charges:[{charge:drum;t:gules;p:jln;t2:gules;t3:gules;size:0.7}];shield:culture},https://watabou.github.io/city-generator/?name=Brathagab&population=4507&size=23&seed=1234182160035&river=0&coast=0&farms=1&citadel=0&urban_castle=0&hub=0&plaza=0&greens=0&temple=0&walls=0&shantytown=0&style=natural
36,Innead,Shaulal,Shaulal County,Olerin,Olerin Empire,昆雅（精灵）,昆雅（精灵） Druidism,town,9189,6670.37,1667.98,30.05,59.77,529,13°C,Milan (Italy),,,citadel,,plaza,,,{t1:chainy-argent-vert;division:{division:perCross;t:gules;line:straight};shield:culture},https://watabou.github.io/city-generator/?name=Innead&population=9189&size=30&seed=1234182160036&river=0&coast=0&farms=0&citadel=1&urban_castle=1&hub=0&plaza=1&greens=1&temple=0&walls=0&shantytown=0&style=natural
37,Narnelka,Narnelka,Narnelka County,Digez,Digezan League,尤顿（巨人）,尤顿（巨人） Druidism,city,14037,8631.7,2402.08,3.66,130.28,2116,16°C,Dubrovnik (Croatia),,,,walls,plaza,,,{t1:purpure;division:{division:perBendSinister;t:or;line:wavy};charges:[{charge:annulet;t:argent;p:j;size:0.7};{charge:lionSejant;t:vert;p:o;size:0.7}];shield:culture},https://watabou.github.io/city-generator/?name=Narnelka&population=14037&size=35&seed=1234182160037&river=0&coast=0&farms=1&citadel=0&urban_castle=0&hub=0&plaza=1&greens=1&temple=0&walls=1&shantytown=0&style=natural
38,Itheiheilera,Itheiheilera,Itheiheilera Barony,Olerin,Olerin Empire,昆雅（精灵）,昆雅（精灵） Druidism,city,20101,6678.03,1553.41,34.17,60.05,225,8°C,Prague (Czechia),,,citadel,walls,,temple,,{t1:chainy-argent-vert;charges:[{charge:crescent;t:vert;p:e;size:1.5}];shield:culture},https://watabou.github.io/city-generator/?name=Itheiheilera&population=20101&size=40&seed=1234182160038&river=1&coast=0&farms=1&citadel=1&urban_castle=1&hub=0&plaza=0&greens=0&temple=1&walls=1&shantytown=0&style=natural
39,Ghedg,Ghodog,Ghodog County,Grur,Gruran Marches,乌鲁克（兽人）,乌鲁克（兽人） Beliefs,town,6147,2545.1,2012.46,17.67,-88.51,1296,18°C,Barcelona (Spain),,,,,,,,{t1:or;charges:[{charge:scissors2;t:azure;p:e;size:1.5}];shield:culture},https://watabou.github.io/city-generator/?name=Ghedg&population=6147&size=26&seed=1234182160039&river=0&coast=0&farms=1&citadel=0&urban_castle=0&hub=0&plaza=0&greens=0&temple=0&walls=0&shantytown=0&style=natural
40,Ryuethalon,Ryuethalon,Ryuethalon Barony,Olerin,Olerin Empire,昆雅（精灵）,昆雅（精灵） Druidism,town,6088,6528.56,1510.48,35.71,54.68,225,8°C,Prague (Czechia),,,,,,,,{t1:argent;charges:[{charge:anchor;t:purpure;p:e;size:1.5}];shield:culture},https://watabou.github.io/city-generator/?name=Ryuethalon&population=6088&size=26&seed=1234182160040&river=1&coast=0&farms=1&citadel=0&urban_castle=0&hub=0&plaza=0&greens=0&temple=0&walls=0&shantytown=0&style=natural
41,Joim,Qosx,Qosx Governorate,Engai,Republic of Engai,狗头人（哥布林）,Old Gneabligzism,city,13413,2330,3266.6,-27.41,-96.25,49,20°C,Alexandria (Egypt),,,,walls,,,,{t1:argent;charges:[{charge:archer;t:gules;p:jln;t2:gules;t3:gules;size:0.7}];shield:culture},https://watabou.github.io/city-generator/?name=Joim&population=13413&size=35&seed=1234182160041&river=0&coast=0&farms=1&citadel=0&urban_castle=0&hub=0&plaza=0&greens=0&temple=0&walls=1&shantytown=0&style=natural
42,Farnaahx,Wat,Wat Captaincy,Vreagab,Kingdom of Vreagab,狗头人（哥布林）,Old Gneabligzism,town,4641,3130.48,1610.78,32.1,-67.47,64,13°C,Milan (Italy),,,citadel,,,,,{t1:azure;charges:[{charge:log;t:argent;p:abc;size:0.5}];shield:culture},https://watabou.github.io/city-generator/?name=Farnaahx&population=4641&size=23&seed=1234182160042&river=0&coast=0&farms=1&citadel=1&urban_castle=1&hub=0&plaza=0&greens=0&temple=0&walls=0&shantytown=0&style=natural
43,Vrea,Ulm,Ulm Landgrave,Vreagab,Kingdom of Vreagab,狗头人（哥布林）,Old Gneabligzism,town,4844,2856.01,1885.65,22.23,-77.34,576,17°C,Lisbon (Portugal),,port,,,,,,{t1:argent;division:{division:perBendSinister;t:gules;line:straight};ordinaries:[{ordinary:pale;t:vert;line:straight}];charges:[{charge:caravel;t:vert;p:y;t2:vert;t3:azure;size:0.5}];shield:culture},https://watabou.github.io/city-generator/?name=Vrea&population=4844&size=24&seed=1234182160043&river=1&coast=1&farms=1&citadel=0&urban_castle=0&hub=0&plaza=0&greens=0&temple=0&walls=0&shantytown=0&style=natural
44,Ugualleanse,Nylmsenilwen,Nylmsenilwen Prefecture,Yethmel,Republic of Yethmel,昆雅（精灵）,昆雅（精灵） Druidism,town,4541,7761.59,1516.53,35.49,99,36,10°C,London (England),,port,,,,,,{t1:argent;division:{division:perCross;t:azure;line:dovetailedIndented};charges:[{charge:escallop;t:vert;p:j;size:0.6};{charge:hindStatant;t:argent;p:l;size:0.6};{charge:crossClechy;t:argent;p:m;size:0.6};{charge:ouroboros;t:purpure;p:o;size:0.6}];shield:culture},https://watabou.github.io/city-generator/?name=Ugualleanse&population=4541&size=23&seed=1234182160044&river=1&coast=1&farms=1&citadel=0&urban_castle=0&hub=0&plaza=0&greens=0&temple=0&walls=0&shantytown=0&style=natural
45,Sunkeep,Drayhost,Drayhost Earldom,Eartland,Grand Duchy of Eartland,阿诺（人类）,Embergrakecism,town,4633,7330.4,3507.99,-36.09,83.5,49,14°C,Washington (D.C.),,,,,,,,{t1:argent;charges:[{charge:dragonRampant;t:azure;p:jlh;t2:azure;t3:gules;size:0.7}];shield:culture},https://watabou.github.io/city-generator/?name=Sunkeep&population=4633&size=23&seed=1234182160045&river=1&coast=0&farms=1&citadel=0&urban_castle=0&hub=0&plaza=0&greens=0&temple=0&walls=0&shantytown=0&style=natural
46,Stioshas,Stryt,Stryt Governorate,Biok,Republic of Biok,狗头人（哥布林）,Old Gneabligzism,town,9395,4195.8,2138.2,13.15,-29.18,4,28°C,Bangkok (Thailand),,,,,,,,{t1:vert;division:{division:perPale;t:or;line:wavy};charges:[{charge:sun;t:argent;p:ABCDEFGHIJKL;t2:argent;size:0.18};{charge:arbalest;t:argent;p:e;size:1.5}];shield:culture},https://watabou.github.io/city-generator/?name=Stioshas&population=9395&size=30&seed=1234182160046&river=0&coast=0&farms=1&citadel=0&urban_castle=0&hub=0&plaza=0&greens=0&temple=0&walls=0&shantytown=0&style=natural
47,Dustcross,Drayhost,Drayhost Earldom,Eartland,Grand Duchy of Eartland,阿诺（人类）,Embergrakecism,town,2542,7286.82,3577.67,-38.59,81.93,9,12°C,Paris (France),,,,,,,,{t1:sable;charges:[{charge:griffinPassant;t:argent;p:e;t2:argent;t3:argent;size:1.5}];shield:culture},https://watabou.github.io/city-generator/?name=Dustcross&population=2542&size=18&seed=1234182160047&river=1&coast=0&farms=1&citadel=0&urban_castle=0&hub=0&plaza=0&greens=0&temple=0&walls=0&shantytown=0&style=natural
48,Paas,Gneabsil,Gneabsil County,Zrio,Kingdom of Zrio,狗头人（哥布林）,Old Gneabligzism,town,10888,1437.68,3648.57,-41.14,-128.32,196,8°C,Prague (Czechia),,port,,walls,,,,{t1:semy_of_mullet6-argent-sable-small;ordinaries:[{ordinary:bar;t:gules;line:straight}];shield:culture},https://watabou.github.io/city-generator/?name=Paas&population=10888&size=32&seed=1234182160048&river=0&coast=1&farms=0&citadel=0&urban_castle=0&hub=0&plaza=0&greens=0&temple=0&walls=1&shantytown=0&style=natural&sea=1.83
49,Thilhanalas,Ynathes,Ynathes Captaincy,Kyathlulil,Kingdom of Kyathlulil,昆雅（精灵）,昆雅（精灵） Druidism,town,4045,5109.58,1428,38.67,3.67,9,9°C,Copenhagen (Denmark),,port,,,,,,{t1:vert;charges:[{charge:armEmbowedHoldingSabre;t:or;p:e;t2:argent;t3:or;size:1.5}];shield:culture},https://watabou.github.io/city-generator/?name=Thilhanalas&population=4045&size=22&seed=1234182160049&river=0&coast=1&farms=1&citadel=0&urban_castle=0&hub=0&plaza=0&greens=0&temple=0&walls=0&shantytown=0&style=natural&sea=0.78
50,Qidroz,Kuzg,Kuzg County,Zrio,Kingdom of Zrio,乌格卢克（兽人）,乌格卢克（兽人） Forefathers,village,1136,1796.82,2152.3,12.64,-115.41,169,28°C,Bangkok (Thailand),,,,,,,,{t1:bendy-vert-or;charges:[{charge:pegasus;t:argent;p:e;t2:argent;t3:argent;size:1.5}];shield:culture},https://watabou.github.io/village-generator/?pop=1136&name=Qidroz&seed=1234182160050&width=1400&height=683&style=default&tags=dead+end%2Cfarmland%2Cno+orchards%2Cno+square%2Cdense
51,Tlaumenalean,Tlaumenalean,Tlaumenalean Barony,Olerin,Olerin Empire,昆雅（精灵）,昆雅（精灵） Druidism,city,13786,5970.37,1640.65,31.03,34.61,441,13°C,Milan (Italy),,,,,plaza,,,{t1:bendySinister-argent-vert-small;ordinaries:[{ordinary:saltireParted;t:gules;line:straight}];charges:[{charge:grenade;t:argent;p:e;t2:argent;size:1.5}];shield:culture},https://watabou.github.io/city-generator/?name=Tlaumenalean&population=13786&size=35&seed=1234182160051&river=0&coast=0&farms=1&citadel=0&urban_castle=0&hub=0&plaza=1&greens=1&temple=0&walls=0&shantytown=0&style=natural
52,Ishlon,Ishlon,Ishlon Province,Yethmel,Republic of Yethmel,昆雅（精灵）,昆雅（精灵） Druidism,city,13187,8115.5,1545.1,34.47,111.72,16,10°C,London (England),,,,,,,,{t1:azure;division:{division:perPale;t:or;line:straight};charges:[{charge:bridge;t:argent;p:jo;divided:field;size:0.7};{charge:garb;t:gules;p:pq;divided:division;size:0.7}];shield:culture},https://watabou.github.io/city-generator/?name=Ishlon&population=13187&size=34&seed=1234182160052&river=0&coast=0&farms=1&citadel=0&urban_castle=0&hub=0&plaza=0&greens=0&temple=0&walls=0&shantytown=0&style=natural
53,Paasvil,Iah,Iah Province,Engai,Republic of Engai,狗头人（哥布林）,Old Gneabligzism,town,2058,3453.26,2397.67,3.82,-55.87,25,30°C,Khartoum (Sudan),,port,,,,,,{t1:vert;division:{division:perFess;t:or;line:straight};ordinaries:[{ordinary:pile;t:argent}];shield:culture},https://watabou.github.io/city-generator/?name=Paasvil&population=2058&size=17&seed=1234182160053&river=0&coast=1&farms=1&citadel=0&urban_castle=0&hub=0&plaza=0&greens=0&temple=0&walls=0&shantytown=0&style=natural&sea=1.54
54,Slofboif,Croi,Croi Earldom,Zrio,Kingdom of Zrio,狗头人（哥布林）,Old Gneabligzism,village,1369,1866.06,3207.98,-25.3,-112.92,400,20°C,Alexandria (Egypt),,,,,,,,{t1:azure;ordinaries:[{ordinary:fess;t:argent;line:wavy}];charges:[{charge:cock;t:argent;p:abc;t2:argent;t3:argent;size:0.5}];shield:culture},https://watabou.github.io/village-generator/?pop=1369&name=Slofboif&seed=1234182160054&width=1400&height=683&style=default&tags=dead+end%2Cno+square%2Cdense
55,Rhiaca,Shranqel,Shranqel County,Srach,Grand Duchy of Srach,阿拉戈（蛛形）,Deities of the Amber Cold,town,11533,4857.91,1659.73,30.35,-5.38,121,15°C,Rome (Italy),,,,,,,,{t1:gules;charges:[{charge:ladybird;t:or;p:e;t2:or;t3:or;size:1.5}];shield:culture},https://watabou.github.io/city-generator/?name=Rhiaca&population=11533&size=33&seed=1234182160055&river=0&coast=0&farms=1&citadel=0&urban_castle=0&hub=0&plaza=0&greens=0&temple=0&walls=0&shantytown=0&style=natural
56,Crild,Brybrinqi,Brybrinqi County,Vreagab,Kingdom of Vreagab,狗头人（哥布林）,Old Gneabligzism,village,1184,3230.91,1900.72,21.68,-63.86,576,18°C,Barcelona (Spain),,,,walls,,,,{t1:fusily-argent-vert;division:{division:perPale;t:pally-or-sable;line:straight};ordinaries:[{ordinary:pile;t:gules}];shield:culture},https://watabou.github.io/village-generator/?pop=1184&name=Crild&seed=1234182160056&width=1400&height=683&style=default&tags=highway%2Cfarmland%2Cno+square%2Cpalisade%2Cdense
57,Gostinkuc,Nelkunbu,Nelkunbu County,Shemnaselu,Grand Duchy of Shemnaselu,尤顿（巨人）,尤顿（巨人） Druidism,town,5226,5723.64,2323.23,6.5,25.74,49,29°C,Niamey (Niger),,,citadel,,,,,{t1:gules;ordinaries:[{ordinary:bendlet;t:or;line:nowy}];charges:[{charge:scissors;t:argent;p:cg;size:0.5}];shield:culture},https://watabou.github.io/city-generator/?name=Gostinkuc&population=5226&size=24&seed=1234182160057&river=0&coast=0&farms=1&citadel=1&urban_castle=0&hub=0&plaza=0&greens=0&temple=0&walls=0&shantytown=0&style=natural
58,Swampmoorga,Swampmoorga,Swampmoorga County,Eartland,Grand Duchy of Eartland,阿诺（人类）,Embergrakecism,town,12499,7107.32,3305.47,-28.81,75.48,225,19°C,Marrakesh (Morocco),,,,,,,,{t1:argent;charges:[{charge:arrowsSheaf;t:gules;p:e;t2:azure;t3:gules;size:1.5}];shield:culture},https://watabou.github.io/city-generator/?name=Swampmoorga&population=12499&size=34&seed=1234182160058&river=1&coast=0&farms=1&citadel=0&urban_castle=0&hub=0&plaza=0&greens=0&temple=0&walls=0&shantytown=0&style=natural
59,Qosx,Qosx,Qosx Department,Engai,Republic of Engai,狗头人（哥布林）,Old Gneabligzism,town,7560,2824.81,3382.2,-31.56,-78.46,36,18°C,Barcelona (Spain),,,,,,,,{t1:argent;charges:[{charge:mallet;t:purpure;p:abcpqh;t2:purpure;size:0.5}];shield:culture},https://watabou.github.io/city-generator/?name=Qosx&population=7560&size=28&seed=1234182160059&river=0&coast=0&farms=1&citadel=0&urban_castle=0&hub=0&plaza=0&greens=0&temple=0&walls=0&shantytown=0&style=natural
60,Velkun,Narnelka,Narnelka County,Digez,Digezan League,尤顿（巨人）,尤顿（巨人） Druidism,town,6650,8309.2,2388,4.17,118.68,1600,19°C,Marrakesh (Morocco),,,,,,,,{t1:purpure;division:{division:gyronny;t:argent};charges:[{charge:crossCeltic2;t:or;p:e;divided:counter;size:1.5}];shield:culture},https://watabou.github.io/city-generator/?name=Velkun&population=6650&size=27&seed=1234182160060&river=0&coast=0&farms=1&citadel=0&urban_castle=0&hub=0&plaza=0&greens=0&temple=0&walls=0&shantytown=0&style=natural
61,Kalbredh,Lightia,Lightia Landgrave,Vreagab,Kingdom of Vreagab,乌格卢克（兽人）,乌格卢克（兽人） Forefathers,village,1209,2576.57,1531.59,34.95,-87.38,100,9°C,Copenhagen (Denmark),,,,,,,,{t1:gules;charges:[{charge:crossHummetty;t:or;p:e;size:1.5}];shield:culture},https://watabou.github.io/village-generator/?pop=1209&name=Kalbredh&seed=1234182160061&width=1400&height=683&style=default&tags=confluence%2Chighway%2Cno+square%2Cdense
62,Givzie,Sios,Sios Earldom,Zrio,Kingdom of Zrio,狗头人（哥布林）,Old Gneabligzism,village,1807,1905.6,2814.03,-11.14,-111.5,9,29°C,Niamey (Niger),,port,,,,,,{t1:argent;charges:[{charge:heart;t:gules;p:e;size:1.5}];shield:culture},https://watabou.github.io/village-generator/?pop=1807&name=Givzie&seed=1234182160062&width=1600&height=780&style=default&tags=coast%2Chighway%2Cno+orchards%2Cno+square%2Cdense
63,Croi,Croi,Croi Earldom,Zrio,Kingdom of Zrio,狗头人（哥布林）,Old Gneabligzism,town,10543,1834.55,3241.22,-26.5,-114.06,729,18°C,Barcelona (Spain),,,,,,,,{t1:purpure;charges:[{charge:fusil;t:or;p:e;size:1.5}];shield:culture},https://watabou.github.io/city-generator/?name=Croi&population=10543&size=32&seed=1234182160063&river=0&coast=0&farms=1&citadel=0&urban_castle=0&hub=0&plaza=0&greens=0&temple=0&walls=0&shantytown=0&style=natural
64,Saint,Chulankia,Chulankia Department,Engai,Republic of Engai,杜兰迪尔（人类）,杜兰迪尔（人类） Beliefs,city,24090,4022.53,3679.33,-42.24,-35.41,9,8°C,Prague (Czechia),,port,citadel,walls,plaza,temple,shanty town,{t1:vert;charges:[{charge:mullet6;t:argent;p:def;size:0.5}];shield:culture},https://watabou.github.io/city-generator/?name=Saint&population=24090&size=43&seed=1234182160064&river=0&coast=1&farms=1&citadel=1&urban_castle=1&hub=0&plaza=1&greens=1&temple=1&walls=1&shantytown=1&style=natural&sea=0.37
65,Rinarki,Boulhallse,Boulhallse County,Milstar,Kingdom of Milstar,尤顿（巨人）,Embergrakecism,town,7036,6931.43,2979,-17.07,69.16,484,24°C,Dakar (Senegal),,,,,,,,{t1:or;ordinaries:[{ordinary:bend;t:azure;line:straight}];charges:[{charge:shield;t:or;p:e;t2:or;size:0.7}];shield:culture},https://watabou.github.io/city-generator/?name=Rinarki&population=7036&size=27&seed=1234182160065&river=0&coast=0&farms=1&citadel=0&urban_castle=0&hub=0&plaza=0&greens=0&temple=0&walls=0&shantytown=0&style=natural
66,Chalk,Fel,Fel Governorate,Engai,Republic of Engai,狗头人（哥布林）,Old Gneabligzism,town,2722,2445.69,2862.54,-12.89,-92.09,225,28°C,Bangkok (Thailand),,,,,,,,{t1:argent;division:{division:perChevronReversed;t:azure;line:straight};charges:[{charge:roundel;t:gules;p:dfh;divided:counter;size:0.5}];shield:culture},https://watabou.github.io/city-generator/?name=Chalk&population=2722&size=19&seed=1234182160066&river=0&coast=0&farms=1&citadel=0&urban_castle=0&hub=0&plaza=0&greens=0&temple=0&walls=0&shantytown=0&style=natural
67,Vohniots,Gneabsil,Gneabsil County,Zrio,Kingdom of Zrio,狗头人（哥布林）,Old Gneabligzism,town,6483,1352.42,3288.33,-28.19,-131.39,81,19°C,Marrakesh (Morocco),,,,,,,,{t1:masoned-azure-or-small;division:{division:perBend;t:argent;line:straight};shield:culture},https://watabou.github.io/city-generator/?name=Vohniots&population=6483&size=26&seed=1234182160067&river=0&coast=0&farms=1&citadel=0&urban_castle=0&hub=0&plaza=0&greens=0&temple=0&walls=0&shantytown=0&style=natural
68,Bukex,Gasinx,Gasinx County,Brat,Principality of Brat,狗头人（哥布林）,Old Gneabligzism,village,1847,3747.02,1945.09,20.09,-45.31,16,24°C,Dakar (Senegal),,,,,,,,{t1:argent;ordinaries:[{ordinary:fess;t:gules;line:straight}];charges:[{charge:crossClechy;t:gules;p:abc;size:0.5}];shield:culture},https://watabou.github.io/village-generator/?pop=1847&name=Bukex&seed=1234182160068&width=1600&height=780&style=default&tags=dead+end%2Cno+square%2Cdense
69,Srefs,Fel,Fel Governorate,Engai,Republic of Engai,狗头人（哥布林）,Old Gneabligzism,village,1687,2513.37,2732.45,-8.21,-89.65,144,28°C,Bangkok (Thailand),,port,,,,,,{t1:sable;ordinaries:[{ordinary:fess;t:or;line:rayonne}];charges:[{charge:caravel;t:gules;p:def;t2:gules;t3:or;size:0.5}];shield:culture},https://watabou.github.io/village-generator/?pop=1687&name=Srefs&seed=1234182160069&width=1600&height=780&style=default&tags=coast%2Chighway%2Cno+square%2Cdense
70,Draken,Steameria,Steameria Earldom,Eartland,Grand Duchy of Eartland,阿诺（人类）,Embergrakecism,city,18278,7278.08,3274.64,-27.7,81.62,256,18°C,Barcelona (Spain),,,,walls,,,,{t1:vert;charges:[{charge:monk;t:argent;p:e;size:1.5}];shield:culture},https://watabou.github.io/city-generator/?name=Draken&population=18278&size=39&seed=1234182160070&river=0&coast=0&farms=1&citadel=0&urban_castle=0&hub=0&plaza=0&greens=0&temple=0&walls=1&shantytown=0&style=natural
71,Kluirm,Phax,Phax Department,Engai,Republic of Engai,狗头人（哥布林）,Old Gneabligzism,town,2098,2895.85,3202.33,-25.1,-75.91,9,25°C,Miami (USA),,port,,,,,,{t1:argent;charges:[{charge:dragonPassant;t:gules;p:e;t2:purpure;t3:gules;size:1.5}];shield:culture},https://watabou.github.io/city-generator/?name=Kluirm&population=2098&size=17&seed=1234182160071&river=0&coast=1&farms=1&citadel=0&urban_castle=0&hub=0&plaza=0&greens=0&temple=0&walls=0&shantytown=0&style=natural&sea=1.93
72,Shathamunz,Ranwyn,Ranwyn County,Solka,Kingdom of Solka,尤顿（巨人）,尤顿（巨人） Druidism,village,1294,8492.42,1273.01,44.24,125.27,9,5°C,Harbin (China),,port,,,,,,{t1:argent;ordinaries:[{ordinary:gemelle;t:sable;line:straight}];charges:[{charge:inescutcheon;t:gules;p:abc;size:0.5};{charge:fusil;t:argent;p:abc;size:0.25}];shield:culture},https://watabou.github.io/village-generator/?pop=1294&name=Shathamunz&seed=1234182160072&width=1400&height=683&style=snow&tags=coast%2Chighway%2Cno+square%2Cdense
73,Ranzad,Tozuzar,Tozuzar County,Solka,Kingdom of Solka,尤顿（巨人）,尤顿（巨人） Druidism,city,13586,8651.4,1625.2,31.59,130.98,9,13°C,Milan (Italy),,,,walls,,,,{t1:or;charges:[{charge:cinquefoil;t:sable;p:e;size:1.5}];shield:culture},https://watabou.github.io/city-generator/?name=Ranzad&population=13586&size=35&seed=1234182160073&river=0&coast=0&farms=1&citadel=0&urban_castle=0&hub=0&plaza=0&greens=0&temple=0&walls=1&shantytown=0&style=natural
74,Fygbigbig,Brat,Brat County,Brat,Principality of Brat,狗头人（哥布林）,Old Gneabligzism,town,8517,3672.87,1760.01,26.74,-47.97,196,16°C,Dubrovnik (Croatia),,,,,,,,{t1:lozengy-azure-argent;division:{division:perFess;t:or;line:straight};ordinaries:[{ordinary:chevronReversed;t:sable}];shield:culture},https://watabou.github.io/city-generator/?name=Fygbigbig&population=8517&size=29&seed=1234182160074&river=0&coast=0&farms=1&citadel=0&urban_castle=0&hub=1&plaza=0&greens=0&temple=0&walls=0&shantytown=0&style=natural
75,Holcairnrun,Oxbreakia,Oxbreakia Department,Engai,Republic of Engai,戴尔（人类）,戴尔（人类） Spirits,town,4912,2047.8,1456.28,37.66,-106.39,25,9°C,Copenhagen (Denmark),,port,,walls,,,,{t1:gules;charges:[{charge:boarHeadErased;t:argent;p:e;t2:argent;t3:argent;size:1.5}];shield:culture},https://watabou.github.io/city-generator/?name=Holcairnrun&population=4912&size=24&seed=1234182160075&river=1&coast=1&farms=1&citadel=0&urban_castle=0&hub=0&plaza=0&greens=0&temple=0&walls=1&shantytown=0&style=natural
76,Hethsalean,Hethsalean,Hethsalean County,Kyathlulil,Kingdom of Kyathlulil,昆雅（精灵）,昆雅（精灵） Druidism,city,24167,5704.11,1549.3,34.31,25.04,169,9°C,Copenhagen (Denmark),,,citadel,walls,,temple,shanty town,{t1:chequy-argent-sable;ordinaries:[{ordinary:fess;t:azure;line:straight}];charges:[{charge:fountain;t:gules;p:abc;size:0.5}];shield:culture},https://watabou.github.io/city-generator/?name=Hethsalean&population=24167&size=43&seed=1234182160076&river=1&coast=0&farms=1&citadel=1&urban_castle=1&hub=0&plaza=0&greens=0&temple=1&walls=1&shantytown=1&style=natural
77,Sidlaugkan,Froth,Froth County,Solka,Kingdom of Solka,尤顿（巨人）,尤顿（巨人） Druidism,village,1189,8918.34,1646.84,30.81,140.58,289,14°C,Washington (D.C.),,,,,,,,{t1:gules;division:{division:perPile;t:argent;line:straight};charges:[{charge:helmetGreat;t:or;p:be;divided:counter;size:0.5}];shield:culture},https://watabou.github.io/village-generator/?pop=1189&name=Sidlaugkan&seed=1234182160077&width=1400&height=683&style=default&tags=highway%2Cno+square%2Cdense
78,Sshaunelie,Sshaunelie,Sshaunelie Margrave,Karion,Protectorate of Karion,昆雅（精灵）,昆雅（精灵） Druidism,town,9151,7212.77,1545.18,34.46,79.27,625,6°C,Stockholm (Sweden),,,citadel,,,,,{t1:or;charges:[{charge:pincers;t:sable;p:e;size:1.5}];shield:culture},https://watabou.github.io/city-generator/?name=Sshaunelie&population=9151&size=30&seed=1234182160078&river=0&coast=0&farms=1&citadel=1&urban_castle=1&hub=0&plaza=0&greens=0&temple=0&walls=0&shantytown=0&style=natural
79,Kalbrol,Brazadh,Brazadh Province,Engai,Republic of Engai,乌格卢克（兽人）,乌格卢克（兽人） Forefathers,town,4151,1884.88,1880.89,22.4,-112.25,4,22°C,Guangzhou (China),,,,,,,,{t1:argent;ordinaries:[{ordinary:pale;t:sable;line:dovetailedIndented}];charges:[{charge:hook;t:argent;p:b;size:0.7}];shield:culture},https://watabou.github.io/city-generator/?name=Kalbrol&population=4151&size=22&seed=1234182160079&river=1&coast=0&farms=1&citadel=0&urban_castle=0&hub=1&plaza=0&greens=0&temple=0&walls=0&shantytown=0&style=natural
80,Zrul,Ghodog,Ghodog County,Grur,Gruran Marches,乌鲁克（兽人）,乌鲁克（兽人） Beliefs,village,1568,2826.41,2041.42,16.63,-78.4,2116,10°C,London (England),,,,,,,,{t1:vairAncien-argent-purpure;ordinaries:[{ordinary:pale;t:gules;line:straight}];charges:[{charge:mullet;t:argent;p:beh;size:0.5;reversed:1}];shield:culture},https://watabou.github.io/village-generator/?pop=1568&name=Zrul&seed=1234182160080&width=1600&height=780&style=default&tags=dead+end%2Cfarmland%2Cno+square%2Cdense
81,Sidorran,Hethsalean,Hethsalean County,Kyathlulil,Kingdom of Kyathlulil,昆雅（精灵）,昆雅（精灵） Druidism,town,7394,5883.89,1640.99,31.02,31.5,225,15°C,Rome (Italy),,,,,,,,{t1:or;ordinaries:[{ordinary:bend;t:sable;line:arched}];charges:[{charge:bridge;t:argent;p:jo;size:0.7}];shield:culture},https://watabou.github.io/city-generator/?name=Sidorran&population=7394&size=28&seed=1234182160081&river=1&coast=0&farms=1&citadel=0&urban_castle=0&hub=0&plaza=0&greens=0&temple=0&walls=0&shantytown=0&style=natural
82,Cielb,Phax,Phax Department,Engai,Republic of Engai,狗头人（哥布林）,Old Gneabligzism,town,2458,2628.69,2717.24,-7.66,-85.51,144,28°C,Bangkok (Thailand),,port,,,,,,{t1:argent;ordinaries:[{ordinary:piles;t:purpure}];charges:[{charge:agnusDei;t:azure;p:jlh;t2:azure;size:0.7}];shield:culture},https://watabou.github.io/city-generator/?name=Cielb&population=2458&size=18&seed=1234182160082&river=1&coast=1&farms=1&citadel=0&urban_castle=0&hub=1&plaza=0&greens=0&temple=0&walls=0&shantytown=0&style=natural
83,Harthiz,Gahourg,Gahourg County,Solka,Kingdom of Solka,尤顿（巨人）,尤顿（巨人） Druidism,village,1116,8433.58,1997.42,18.21,123.15,196,25°C,Miami (USA),,port,,,,,,{t1:argent;charges:[{charge:cossack;t:gules;p:e;t2:gules;t3:gules;size:1.5}];shield:culture},https://watabou.github.io/village-generator/?pop=1116&name=Harthiz&seed=1234182160083&width=1400&height=683&style=default&tags=coast%2Chighway%2Cuncultivated%2Cno+square%2Cdense
84,Smootcairn,Dewden,Dewden Earldom,Milstar,Kingdom of Milstar,阿诺（人类）,阿诺（人类） Totems,town,8004,6863.6,3825.76,-47.51,66.72,25,6°C,Stockholm (Sweden),,port,citadel,,,,,{t1:gules;ordinaries:[{ordinary:bendletSinister;t:or;line:nowy}];charges:[{charge:drawingCompass;t:vert;p:lem;size:0.3}];shield:culture},https://watabou.github.io/city-generator/?name=Smootcairn&population=8004&size=28&seed=1234182160084&river=0&coast=1&farms=1&citadel=1&urban_castle=1&hub=0&plaza=0&greens=0&temple=0&walls=0&shantytown=0&style=natural&sea=1.9
85,Ummarlondell,Laughed,Laughed County,Karion,Protectorate of Karion,昆雅（精灵）,昆雅（精灵） Druidism,village,1234,7597.08,1581.99,33.14,93.09,100,12°C,Paris (France),,port,,,,,,{t1:gules;charges:[{charge:bugleHorn2;t:argent;p:e;t2:argent;size:1.5}];shield:culture},https://watabou.github.io/village-generator/?pop=1234&name=Ummarlondell&seed=1234182160085&width=1400&height=683&style=default&tags=coast%2Chighway%2Cno+square%2Cdense
86,Lienora,Saquasanar,Saquasanar Barony,Olerin,Olerin Empire,昆雅（精灵）,昆雅（精灵） Druidism,village,1114,6598.64,1860.17,23.14,57.2,729,17°C,Lisbon (Portugal),,,,,,,,{t1:or;charges:[{charge:lanceWithBanner;t:gules;p:e;t2:gules;t3:gules;size:1.5}];shield:culture},https://watabou.github.io/village-generator/?pop=1114&name=Lienora&seed=1234182160086&width=1400&height=683&style=default&tags=dead+end%2Cno+square%2Cdense
87,Stiagsee,Zighel,Zighel Barony,Zrio,Kingdom of Zrio,狗头人（哥布林）,Old Gneabligzism,town,5204,2127.44,3198.34,-24.96,-103.53,9,25°C,Miami (USA),,port,citadel,,,,,{t1:azure;division:{division:perFess;t:argent;line:archedReversed};shield:culture},https://watabou.github.io/city-generator/?name=Stiagsee&population=5204&size=24&seed=1234182160087&river=1&coast=1&farms=1&citadel=1&urban_castle=0&hub=1&plaza=0&greens=0&temple=0&walls=0&shantytown=0&style=natural&sea=1.64
88,Trakecross,Griron,Griron Shire,Dawnwalia,Principality of Dawnwalia,阿诺（人类）,Embergrakecism,village,1782,8023.63,3533.27,-36.99,108.42,361,12°C,Paris (France),,port,,,,,,{t1:argent;division:{division:gyronny;t:azure};charges:[{charge:mullet4;t:purpure;p:abcpqh;divided:counter;size:0.5}];shield:culture},https://watabou.github.io/village-generator/?pop=1782&name=Trakecross&seed=1234182160088&width=1600&height=780&style=default&tags=coast%2Chighway%2Cfarmland%2Cno+square%2Cdense
89,Thelhasasin,Saquasanar,Saquasanar Barony,Olerin,Olerin Empire,昆雅（精灵）,昆雅（精灵） Druidism,town,7054,6635.42,1813.14,24.83,58.52,676,16°C,Dubrovnik (Croatia),,,,,,,,{t1:gules;division:{division:perCross;t:or;line:straight};charges:[{charge:billet;t:argent;p:e;size:1.5}];shield:culture},https://watabou.github.io/city-generator/?name=Thelhasasin&population=7054&size=27&seed=1234182160089&river=0&coast=0&farms=1&citadel=0&urban_castle=0&hub=0&plaza=0&greens=0&temple=0&walls=0&shantytown=0&style=natural
90,Gridri,Travia,Travia Governorate,Engai,Republic of Engai,乌格卢克（兽人）,乌格卢克（兽人） Forefathers,village,1442,2344.38,1651.88,30.63,-95.73,441,13°C,Milan (Italy),,,,,,,,{t1:gules;division:{division:perPale;t:argent;line:rayonne};charges:[{charge:grapeBunch;t:or;p:pq;t2:or;t3:or;size:0.7}];shield:culture},https://watabou.github.io/village-generator/?pop=1442&name=Gridri&seed=1234182160090&width=1400&height=683&style=default&tags=dead+end%2Cno+square%2Cdense
91,Strythaxi,Gneabsil,Gneabsil County,Zrio,Kingdom of Zrio,狗头人（哥布林）,Old Gneabligzism,town,4412,1562.04,3269.48,-27.51,-123.85,361,17°C,Lisbon (Portugal),,,,,,,,{t1:argent;ordinaries:[{ordinary:bar;t:azure;line:straight}];charges:[{charge:crossAnkh;t:azure;p:jlh;size:0.7}];shield:culture},https://watabou.github.io/city-generator/?name=Strythaxi&population=4412&size=23&seed=1234182160091&river=0&coast=0&farms=1&citadel=0&urban_castle=0&hub=0&plaza=0&greens=0&temple=0&walls=0&shantytown=0&style=natural
92,Yeenas,Tlaumenalean,Tlaumenalean Barony,Olerin,Olerin Empire,昆雅（精灵）,昆雅（精灵） Druidism,village,1130,5910.31,1895.9,21.86,32.45,121,21°C,Tegucigalpa (Honduras),,,,,,,,{t1:chainy-argent-vert;ordinaries:[{ordinary:point;t:vert}];charges:[{charge:mullet6;t:azure;p:acbdef;size:0.4}];shield:culture},https://watabou.github.io/village-generator/?pop=1130&name=Yeenas&seed=1234182160092&width=1400&height=683&style=default&tags=dead+end%2Cno+square%2Cdense
93,Brirongarmi,Swampmoorga,Swampmoorga County,Eartland,Grand Duchy of Eartland,阿诺（人类）,Embergrakecism,town,3843,7088.42,3391.2,-31.89,74.8,225,17°C,Lisbon (Portugal),,,,,,,,{t1:argent;division:{division:perFess;t:sable;line:straight};charges:[{charge:roundel2;t:gules;p:e;divided:field;size:1.5};{charge:crossPatonce;t:or;p:e;divided:division;size:1.5}];shield:culture},https://watabou.github.io/city-generator/?name=Brirongarmi&population=3843&size=22&seed=1234182160093&river=0&coast=0&farms=1&citadel=0&urban_castle=0&hub=0&plaza=0&greens=0&temple=0&walls=0&shantytown=0&style=natural
94,Harthola,Hildhor,Hildhor County,Digez,Digezan League,尤顿（巨人）,Embergrakecism,town,4989,8390.12,2717.76,-7.68,121.59,1849,17°C,Lisbon (Portugal),,,citadel,,,,,{t1:or;division:{division:perPale;t:gules;line:straight};charges:[{charge:axe;t:purpure;p:p;t2:sable;size:0.7};{charge:mullet6;t:argent;p:q;size:0.7}];shield:culture},https://watabou.github.io/city-generator/?name=Harthola&population=4989&size=24&seed=1234182160094&river=0&coast=0&farms=1&citadel=1&urban_castle=1&hub=0&plaza=0&greens=0&temple=0&walls=0&shantytown=0&style=natural
95,Ingord,Gahourg,Gahourg County,Solka,Kingdom of Solka,尤顿（巨人）,尤顿（巨人） Druidism,town,2489,8409.31,2248.06,9.2,122.28,441,27°C,Mogadishu (Somalia),,,,,,,,{t1:gules;charges:[{charge:salmon;t:argent;p:e;t2:argent;size:1.5}];shield:culture},https://watabou.github.io/city-generator/?name=Ingord&population=2489&size=18&seed=1234182160095&river=1&coast=0&farms=1&citadel=0&urban_castle=0&hub=0&plaza=0&greens=0&temple=0&walls=0&shantytown=0&style=natural
96,Khatholuch,Shat,Shat Earldom,Solka,Kingdom of Solka,尤顿（巨人）,尤顿（巨人） Druidism,town,11263,8655.6,1366.47,40.89,131.13,25,6°C,Stockholm (Sweden),,,,walls,,,,{t1:gules;charges:[{charge:horsePassant;t:argent;p:jln;t2:or;size:0.7}];shield:culture},https://watabou.github.io/city-generator/?name=Khatholuch&population=11263&size=32&seed=1234182160096&river=0&coast=0&farms=1&citadel=0&urban_castle=0&hub=0&plaza=0&greens=0&temple=0&walls=1&shantytown=0&style=natural
97,Nuzarartec,Bothizda,Bothizda County,Solka,Kingdom of Solka,尤顿（巨人）,尤顿（巨人） Druidism,town,6493,8313.68,2205.72,10.72,118.84,625,25°C,Miami (USA),,,,,,,,{t1:gules;charges:[{charge:portcullis;t:argent;p:e;t2:argent;size:1.5}];shield:culture},https://watabou.github.io/city-generator/?name=Nuzarartec&population=6493&size=26&seed=1234182160097&river=0&coast=0&farms=1&citadel=0&urban_castle=0&hub=0&plaza=0&greens=0&temple=0&walls=0&shantytown=0&style=natural
98,Qosx,Bratliaq,Bratliaq Department,Engai,Republic of Engai,狗头人（哥布林）,Old Gneabligzism,town,4154,3083.67,2504.26,-0.01,-69.15,289,28°C,Bangkok (Thailand),,,,,,,,{t1:argent;ordinaries:[{ordinary:flaunches;t:sable}];charges:[{charge:portcullis;t:sable;p:e;t2:sable;size:1.5}];shield:culture},https://watabou.github.io/city-generator/?name=Qosx&population=4154&size=22&seed=1234182160098&river=0&coast=0&farms=1&citadel=0&urban_castle=0&hub=0&plaza=0&greens=0&temple=0&walls=0&shantytown=0&style=natural
99,Sylfana,Reshele,Reshele County,Kyathlulil,Kingdom of Kyathlulil,昆雅（精灵）,昆雅（精灵） Druidism,village,1514,5499.93,1808.77,24.99,17.7,100,19°C,Marrakesh (Morocco),,,citadel,,,,,{t1:vert;division:{division:perFess;t:or;line:nowyReversed};charges:[{charge:grapeBunch;t:argent;p:k;t2:argent;t3:argent;size:0.7};{charge:cinquefoil;t:sable;p:n;size:0.7}];shield:culture},https://watabou.github.io/village-generator/?pop=1514&name=Sylfana&seed=1234182160099&width=1600&height=780&style=default&tags=river%2Chighway%2Cno+square%2Cdense
100,Syueghed-Did,Ishlon,Ishlon Province,Yethmel,Republic of Yethmel,昆雅（精灵）,昆雅（精灵） Druidism,town,2359,7982.12,1524.97,35.19,106.93,25,10°C,London (England),,port,,,,,,{t1:gules;charges:[{charge:scalesHanging;t:argent;p:e;size:1.5}];shield:culture},https://watabou.github.io/city-generator/?name=Syueghed-Did&population=2359&size=18&seed=1234182160100&river=1&coast=1&farms=1&citadel=0&urban_castle=0&hub=0&plaza=0&greens=0&temple=0&walls=0&shantytown=0&style=natural
101,Gagh,Golzog,Golzog County,Grur,Gruran Marches,乌鲁克（兽人）,乌鲁克（兽人） Beliefs,village,1792,2986.2,1907.8,21.43,-72.66,900,16°C,Dubrovnik (Croatia),,,,,,,,{t1:vairInPale-purpure-or-small;division:{division:perCross;t:argent;line:straight};ordinaries:[{ordinary:cross;t:azure;line:straight}];shield:culture},https://watabou.github.io/village-generator/?pop=1792&name=Gagh&seed=1234182160101&width=1600&height=780&style=default&tags=highway%2Cno+square%2Cdense
102,Dewgraven,Oxbreakia,Oxbreakia Department,Engai,Republic of Engai,戴尔（人类）,戴尔（人类） Spirits,town,11282,1952.76,1398.73,39.73,-109.81,4,9°C,Copenhagen (Denmark),,port,,walls,,,,{t1:sable;charges:[{charge:armillarySphere;t:or;p:e;size:1.5}];shield:culture},https://watabou.github.io/city-generator/?name=Dewgraven&population=11282&size=32&seed=1234182160102&river=1&coast=1&farms=1&citadel=0&urban_castle=0&hub=0&plaza=0&greens=0&temple=0&walls=1&shantytown=0&style=natural&sea=0.71
103,Kleabrin,Okh-Grar,Okh-Grar Margrave,Vreagab,Kingdom of Vreagab,狗头人（哥布林）,Old Gneabligzism,town,3249,3084.42,1835.21,24.04,-69.13,196,19°C,Marrakesh (Morocco),,port,,,,,,{t1:azure;charges:[{charge:trowel;t:or;p:kn;t2:or;size:0.7}];shield:culture},https://watabou.github.io/city-generator/?name=Kleabrin&population=3249&size=20&seed=1234182160103&river=1&coast=1&farms=1&citadel=0&urban_castle=0&hub=1&plaza=0&greens=0&temple=0&walls=0&shantytown=0&style=natural
104,Rusthclif,Boulhallse,Boulhallse County,Milstar,Kingdom of Milstar,阿诺（人类）,Embergrakecism,village,1950,6664.91,2996.2,-17.69,59.58,529,25°C,Miami (USA),,,,,,,,{t1:azure;division:{division:perSaltire;t:argent};charges:[{charge:basilisk;t:or;p:bhdf;t2:or;t3:or;divided:counter;size:0.5}];shield:culture},https://watabou.github.io/village-generator/?pop=1950&name=Rusthclif&seed=1234182160104&width=1600&height=780&style=default&tags=highway%2Cno+square%2Cdense
105,Mernan,Gahourg,Gahourg County,Solka,Kingdom of Solka,尤顿（巨人）,尤顿（巨人） Druidism,town,7687,8317.09,1884.86,22.25,118.97,1024,14°C,Washington (D.C.),,,,,,,,{t1:gules;charges:[{charge:portcullis;t:argent;p:e;t2:argent;size:1.5}];shield:culture},https://watabou.github.io/city-generator/?name=Mernan&population=7687&size=28&seed=1234182160105&river=0&coast=0&farms=1&citadel=0&urban_castle=0&hub=0&plaza=0&greens=0&temple=0&walls=0&shantytown=0&style=natural
106,Alomalian,Timyrang,Timyrang Earldom,Olerin,Olerin Empire,昆雅（精灵）,昆雅（精灵） Druidism,town,5181,6013.22,1579.69,33.22,36.15,324,10°C,London (England),,,,,,,,{t1:chainy-argent-vert;division:{division:perCross;t:vert;line:straight};ordinaries:[{ordinary:saltireParted;t:gules;line:straight}];charges:[{charge:dragonPassant;t:purpure;p:e;t2:gules;t3:purpure;size:1.5}];shield:culture},https://watabou.github.io/city-generator/?name=Alomalian&population=5181&size=24&seed=1234182160106&river=0&coast=0&farms=1&citadel=0&urban_castle=0&hub=0&plaza=0&greens=0&temple=0&walls=0&shantytown=0&style=natural
107,Westvate,Westvate,Westvate Governorate,Engai,Republic of Engai,戴尔（人类）,戴尔（人类） Spirits,town,12041,1868.95,1234.73,45.62,-112.82,16,2°C,Anchorage (Alaska),,,,walls,,,,{t1:purpure;ordinaries:[{ordinary:pile;t:argent}];charges:[{charge:garb;t:or;p:b;t2:or;size:0.5}];shield:culture},https://watabou.github.io/city-generator/?name=Westvate&population=12041&size=33&seed=1234182160107&river=0&coast=0&farms=0&citadel=0&urban_castle=0&hub=0&plaza=0&greens=0&temple=0&walls=1&shantytown=0&style=natural
108,Vorluch,Zira,Zira County,Giruzar,Giruzar Empire,尤顿（巨人）,尤顿（巨人） Druidism,city,12868,7137.35,2504.87,-0.03,76.56,1681,19°C,Marrakesh (Morocco),,,,walls,,,,{t1:argent;ordinaries:[{ordinary:bend;t:gules;line:straight}];charges:[{charge:sunInSplendour;t:argent;p:e;size:0.7}];shield:culture},https://watabou.github.io/city-generator/?name=Vorluch&population=12868&size=34&seed=1234182160108&river=0&coast=0&farms=1&citadel=0&urban_castle=0&hub=0&plaza=0&greens=0&temple=0&walls=1&shantytown=0&style=natural
109,Tramevilde,Cleargar,Cleargar Earldom,Milstar,Kingdom of Milstar,阿诺（人类）,Embergrakecism,village,1375,6911.76,3431.46,-33.34,68.45,324,15°C,Rome (Italy),,,,,,,,{t1:gules;charges:[{charge:donkeyHeadCaboshed;t:or;p:e;t2:or;size:1.5}];shield:culture},https://watabou.github.io/village-generator/?pop=1375&name=Tramevilde&seed=1234182160109&width=1400&height=683&style=default&tags=highway%2Cno+square%2Cdense
110,Noladab,Shatholuch,Shatholuch County,Tolnarg,Grand Duchy of Tolnarg,尤顿（巨人）,Embergrakecism,town,4731,8516.09,2723.05,-7.87,126.12,1369,20°C,Alexandria (Egypt),,,,,,,,{t1:sable;ordinaries:[{ordinary:bendSinister;t:or;line:straight}];charges:[{charge:scythe2;t:azure;p:lem;size:0.5}];shield:culture},https://watabou.github.io/city-generator/?name=Noladab&population=4731&size=23&seed=1234182160110&river=0&coast=0&farms=1&citadel=0&urban_castle=0&hub=0&plaza=0&greens=0&temple=0&walls=0&shantytown=0&style=natural
111,Stryt,Croi,Croi Earldom,Zrio,Kingdom of Zrio,狗头人（哥布林）,Old Gneabligzism,village,1531,1921.24,3463.08,-34.47,-110.94,25,17°C,Lisbon (Portugal),,,,,,,,{t1:azure;charges:[{charge:bowWithThreeArrows;t:or;p:jln;t2:or;t3:argent;size:0.7}];shield:culture},https://watabou.github.io/village-generator/?pop=1531&name=Stryt&seed=1234182160111&width=1600&height=780&style=default&tags=dead+end%2Cno+square%2Cdense
112,Sluyagh,Phax,Phax Department,Engai,Republic of Engai,狗头人（哥布林）,Old Gneabligzism,town,7021,2905.93,3178.93,-24.26,-75.54,9,25°C,Miami (USA),,port,,,,,,{t1:gules;ordinaries:[{ordinary:chevron;t:or}];shield:culture},https://watabou.github.io/city-generator/?name=Sluyagh&population=7021&size=27&seed=1234182160112&river=1&coast=1&farms=1&citadel=0&urban_castle=0&hub=1&plaza=0&greens=0&temple=0&walls=0&shantytown=0&style=natural&sea=1.6
113,Sigzundzah,Yudhyrgu,Yudhyrgu County,Giruzar,Giruzar Empire,尤顿（巨人）,Embergrakecism,town,6079,8125.71,2984.83,-17.28,112.09,196,26°C,Jakarta (Indonesia),,,,,,,,{t1:or;charges:[{charge:crossHummetty;t:gules;p:e;size:1.5}];shield:culture},https://watabou.github.io/city-generator/?name=Sigzundzah&population=6079&size=26&seed=1234182160113&river=1&coast=0&farms=1&citadel=0&urban_castle=0&hub=0&plaza=0&greens=0&temple=0&walls=0&shantytown=0&style=natural
114,Dosasini,Nylmsenilwen,Nylmsenilwen Prefecture,Yethmel,Republic of Yethmel,昆雅（精灵）,昆雅（精灵） Druidism,village,1626,7728.53,1397.63,39.77,97.81,64,6°C,Stockholm (Sweden),,,,,,,,{t1:argent;division:{division:perFess;t:azure;line:dentilly};charges:[{charge:anchor;t:gules;p:k;size:0.7};{charge:chain;t:or;p:n;size:0.7}];shield:culture},https://watabou.github.io/village-generator/?pop=1626&name=Dosasini&seed=1234182160114&width=1600&height=780&style=default&tags=highway%2Cno+square%2Cdense
115,Reiqualian,Shaulal,Shaulal County,Olerin,Olerin Empire,昆雅（精灵）,昆雅（精灵） Druidism,town,2402,6735.77,1806.66,25.06,62.12,441,16°C,Dubrovnik (Croatia),,,,walls,,,,{t1:azure;ordinaries:[{ordinary:bendletSinister;t:argent;line:urdy}];charges:[{charge:bell;t:azure;p:lem;t2:azure;size:0.3}];shield:culture},https://watabou.github.io/city-generator/?name=Reiqualian&population=2402&size=18&seed=1234182160115&river=1&coast=0&farms=1&citadel=0&urban_castle=0&hub=0&plaza=0&greens=0&temple=0&walls=1&shantytown=0&style=natural
116,Khara,Zira,Zira County,Giruzar,Giruzar Empire,尤顿（巨人）,Embergrakecism,town,8938,7347.02,2843.56,-12.2,84.1,625,25°C,Miami (USA),,,,,,,,{t1:gules;division:{division:perBend;t:argent;line:potentyDexter};charges:[{charge:arbalest;t:or;p:e;t2:or;t3:or;size:1.5}];shield:culture},https://watabou.github.io/city-generator/?name=Khara&population=8938&size=30&seed=1234182160116&river=0&coast=0&farms=1&citadel=0&urban_castle=0&hub=0&plaza=0&greens=0&temple=0&walls=0&shantytown=0&style=natural
117,Keathyr,Shaulal,Shaulal County,Olerin,Olerin Empire,昆雅（精灵）,昆雅（精灵） Druidism,town,3691,6917.13,1616.64,31.89,68.64,256,10°C,London (England),,,,,,,,{t1:purpure;charges:[{charge:cinquefoil;t:or;p:jln;size:0.7}];shield:culture},https://watabou.github.io/city-generator/?name=Keathyr&population=3691&size=21&seed=1234182160117&river=1&coast=0&farms=1&citadel=0&urban_castle=0&hub=0&plaza=0&greens=0&temple=0&walls=0&shantytown=0&style=natural
118,Kleabtong,Iah,Iah Province,Engai,Republic of Engai,狗头人（哥布林）,Old Gneabligzism,village,1315,3550.38,2297.64,7.42,-52.38,16,29°C,Niamey (Niger),,port,,,,,,{t1:argent;charges:[{charge:greyhoundRampant;t:purpure;p:e;t2:purpure;size:1.5}];shield:culture},https://watabou.github.io/village-generator/?pop=1315&name=Kleabtong&seed=1234182160118&width=1400&height=683&style=default&tags=coast%2Chighway%2Cno+orchards%2Cno+square%2Cdense
119,Zigli,Qosx,Qosx Department,Engai,Republic of Engai,狗头人（哥布林）,Old Gneabligzism,town,4380,2722.79,3437.85,-33.56,-82.13,36,17°C,Lisbon (Portugal),,,,,,,,{t1:argent;ordinaries:[{ordinary:bendletSinister;t:sable;line:straight}];charges:[{charge:triangle;t:argent;p:lem;size:0.3}];shield:culture},https://watabou.github.io/city-generator/?name=Zigli&population=4380&size=23&seed=1234182160119&river=1&coast=0&farms=1&citadel=0&urban_castle=0&hub=0&plaza=0&greens=0&temple=0&walls=0&shantytown=0&style=natural
120,Shatholuch,Shatholuch,Shatholuch County,Tolnarg,Grand Duchy of Tolnarg,尤顿（巨人）,Embergrakecism,city,16869,8616.37,2786.92,-10.17,129.72,1089,21°C,Tegucigalpa (Honduras),,,,,,,,{t1:azure;division:{division:perFess;t:argent;line:engrailed};charges:[{charge:lozengeFaceted;t:or;p:k;size:0.7};{charge:anchor;t:gules;p:n;size:0.7}];shield:culture},https://watabou.github.io/city-generator/?name=Shatholuch&population=16869&size=38&seed=1234182160120&river=0&coast=0&farms=1&citadel=0&urban_castle=0&hub=0&plaza=0&greens=0&temple=0&walls=0&shantytown=0&style=natural
121,Mishundhor,Wasinzan,Wasinzan Barony,Shemnaselu,Grand Duchy of Shemnaselu,尤顿（巨人）,尤顿（巨人） Druidism,town,4111,5411.8,2212.5,10.48,14.53,4,29°C,Niamey (Niger),,,citadel,,,,,{t1:or;division:{division:perBendSinister;t:gules;line:embattledGhibellin};charges:[{charge:bridge2;t:vert;p:jo;size:0.7}];shield:culture},https://watabou.github.io/city-generator/?name=Mishundhor&population=4111&size=22&seed=1234182160121&river=0&coast=0&farms=1&citadel=1&urban_castle=0&hub=0&plaza=0&greens=0&temple=0&walls=0&shantytown=0&style=natural
122,Freystar,Dewden,Dewden Earldom,Milstar,Kingdom of Milstar,阿诺（人类）,Embergrakecism,town,11171,6957.8,3755.9,-45,70.11,25,8°C,Prague (Czechia),,,,walls,,,,{t1:pally-argent-vert;division:{division:perChevron;t:sable;line:straight};shield:culture},https://watabou.github.io/city-generator/?name=Freystar&population=11171&size=32&seed=1234182160122&river=0&coast=0&farms=1&citadel=0&urban_castle=0&hub=0&plaza=0&greens=0&temple=0&walls=1&shantytown=0&style=natural
123,Inntyrlor,Selfahoma,Selfahoma County,Karion,Protectorate of Karion,昆雅（精灵）,昆雅（精灵） Druidism,village,1092,7251.65,1396.94,39.79,80.67,225,5°C,Harbin (China),,,,,,,,{t1:argent;division:{division:perChevron;t:purpure;line:straight};charges:[{charge:crossPommy;t:azure;p:dfbh;divided:counter;size:0.5}];shield:culture},https://watabou.github.io/village-generator/?pop=1092&name=Inntyrlor&seed=1234182160123&width=1400&height=683&style=snow&tags=river%2Chighway%2Cfarmland%2Cno+square%2Cdense
124,Babizengi,Tolnarg,Tolnarg County,Tolnarg,Grand Duchy of Tolnarg,尤顿（巨人）,尤顿（巨人） Druidism,village,1702,8984.34,3130.74,-22.53,142.95,36,25°C,Miami (USA),,,citadel,,,,,{t1:argent;ordinaries:[{ordinary:orle;t:azure}];charges:[{charge:mascle;t:sable;p:e;size:1.1}];shield:culture},https://watabou.github.io/village-generator/?pop=1702&name=Babizengi&seed=1234182160124&width=1600&height=780&style=default&tags=dead+end%2Cno+square%2Cdense
125,Ge'alysela,Ololunesa,Ololunesa County,Olerin,Olerin Empire,昆雅（精灵）,昆雅（精灵） Druidism,village,1160,6643.67,1675.29,29.79,58.81,256,13°C,Milan (Italy),,,citadel,,,,,{t1:sable;ordinaries:[{ordinary:cross;t:argent;line:dragonTeeth}];charges:[{charge:castle2;t:sable;p:beh;t2:argent;t3:sable;size:0.3}];shield:culture},https://watabou.github.io/village-generator/?pop=1160&name=Ge%27alysela&seed=1234182160125&width=1400&height=683&style=default&tags=river%2Cdead+end%2Cno+square%2Cdense
126,Paas,Swa,Swa County,Brat,Principality of Brat,狗头人（哥布林）,Old Gneabligzism,village,1047,3562.33,1522.8,35.27,-51.95,144,9°C,Copenhagen (Denmark),,,,,,,,{t1:azure;charges:[{charge:lionHeadCaboshed;t:argent;p:e;t2:argent;size:1.5}];shield:culture},https://watabou.github.io/village-generator/?pop=1047&name=Paas&seed=1234182160126&width=1400&height=683&style=default&tags=highway%2Cno+square%2Cdense
127,Kharb,Mernaram,Mernaram County,Milstar,Kingdom of Milstar,尤顿（巨人）,尤顿（巨人） Druidism,town,7456,6560.34,2790.41,-10.29,55.82,784,24°C,Dakar (Senegal),,,,,,,,{t1:argent;charges:[{charge:tower;t:sable;p:e;t2:sable;size:1.5}];shield:culture},https://watabou.github.io/city-generator/?name=Kharb&population=7456&size=28&seed=1234182160127&river=0&coast=0&farms=1&citadel=0&urban_castle=0&hub=0&plaza=0&greens=0&temple=0&walls=0&shantytown=0&style=natural
128,Maleansenesi,Ynathes,Ynathes Captaincy,Kyathlulil,Kingdom of Kyathlulil,昆雅（精灵）,昆雅（精灵） Druidism,village,1459,5117.76,1406.15,39.46,3.96,9,6°C,Stockholm (Sweden),,port,,,,,,{t1:argent;ordinaries:[{ordinary:bar;t:sable;line:dovetailedIndented}];charges:[{charge:goutte;t:argent;p:def;size:0.3}];shield:culture},https://watabou.github.io/village-generator/?pop=1459&name=Maleansenesi&seed=1234182160128&width=1400&height=683&style=default&tags=coast%2Chighway%2Cfarmland%2Cno+square%2Cdense
129,Wrog,Moft,Moft Department,Engai,Republic of Engai,狗头人（哥布林）,Old Gneabligzism,town,8946,2554.76,3176.2,-24.16,-88.17,1024,18°C,Barcelona (Spain),,,,walls,,,,{t1:gules;charges:[{charge:arbalest;t:or;p:e;t2:or;t3:or;size:1.5}];shield:culture},https://watabou.github.io/city-generator/?name=Wrog&population=8946&size=30&seed=1234182160129&river=0&coast=0&farms=1&citadel=0&urban_castle=0&hub=0&plaza=0&greens=0&temple=0&walls=1&shantytown=0&style=natural
130,Ollsmelfaron,Mythshele,Mythshele County,Olerin,Olerin Empire,昆雅（精灵）,昆雅（精灵） Druidism,town,5824,6218.24,1748.25,27.16,43.52,225,15°C,Rome (Italy),,,,,,,,{t1:argent;charges:[{charge:crossCeltic2;t:purpure;p:e;size:1.5}];shield:culture},https://watabou.github.io/city-generator/?name=Ollsmelfaron&population=5824&size=25&seed=1234182160130&river=0&coast=0&farms=1&citadel=0&urban_castle=0&hub=0&plaza=0&greens=0&temple=0&walls=0&shantytown=0&style=natural
131,Bunny,Tolde,Tolde County,Solka,Kingdom of Solka,尤顿（巨人）,尤顿（巨人） Druidism,town,10708,8932.3,1716.9,28.29,141.08,121,15°C,Rome (Italy),,,,walls,,,,{t1:gules;charges:[{charge:ramHeadErased;t:argent;p:e;t2:argent;t3:argent;size:1.5}];shield:culture},https://watabou.github.io/city-generator/?name=Bunny&population=10708&size=32&seed=1234182160131&river=0&coast=0&farms=1&citadel=0&urban_castle=0&hub=0&plaza=0&greens=0&temple=0&walls=1&shantytown=0&style=natural
132,Nylmsenilwen,Nylmsenilwen,Nylmsenilwen Prefecture,Yethmel,Republic of Yethmel,昆雅（精灵）,昆雅（精灵） Druidism,city,13472,7845.46,1462.33,37.44,102.01,36,9°C,Copenhagen (Denmark),,port,,walls,,,,{t1:argent;charges:[{charge:axe;t:sable;p:e;t2:sable;size:1.5}];shield:culture},https://watabou.github.io/city-generator/?name=Nylmsenilwen&population=13472&size=35&seed=1234182160132&river=1&coast=1&farms=1&citadel=0&urban_castle=0&hub=0&plaza=0&greens=0&temple=0&walls=1&shantytown=0&style=natural
133,Evrarireth,Sylleluven,Sylleluven Captaincy,Kyathlulil,Kingdom of Kyathlulil,昆雅（精灵）,昆雅（精灵） Druidism,village,1336,5511.68,1296.61,43.4,18.12,225,4°C,Reykjavik (Iceland),,,,,,,,{t1:or;division:{division:perCross;t:sable;line:invecked};charges:[{charge:ladder2;t:azure;p:j;size:0.6};{charge:crossHummetty;t:argent;p:l;size:0.6};{charge:arbalest2;t:argent;p:m;size:0.6};{charge:crossDouble;t:azure;p:o;size:0.6}];shield:culture},https://watabou.github.io/village-generator/?pop=1336&name=Evrarireth&seed=1234182160133&width=1400&height=683&style=snow&tags=river%2Cdead+end%2Cno+square%2Cdense
134,Dierzan,Croi,Croi Earldom,Zrio,Kingdom of Zrio,狗头人（哥布林）,Old Gneabligzism,village,966,1795.47,3388.42,-31.79,-115.46,324,15°C,Rome (Italy),,,,,,,,{t1:masoned-azure-or-small;ordinaries:[{ordinary:chevron;t:argent}];shield:culture},https://watabou.github.io/village-generator/?pop=966&name=Dierzan&seed=1234182160134&width=1000&height=488&style=default&tags=river%2Chighway%2Cno+square%2Cdense
135,Nisierhod,Nisierhod,Nisierhod County,Srach,Grand Duchy of Srach,阿拉戈（蛛形）,Deities of the Amber Cold,town,10896,4997.59,1107.37,50.2,-0.36,9,-2°C,Fairbanks (Alaska),,,,walls,,,,{t1:argent;charges:[{charge:eagle;t:purpure;p:e;t2:purpure;t3:purpure;size:1.5}];shield:culture},https://watabou.github.io/city-generator/?name=Nisierhod&population=10896&size=32&seed=1234182160135&river=1&coast=0&farms=0&citadel=0&urban_castle=0&hub=0&plaza=0&greens=0&temple=0&walls=1&shantytown=0&style=natural
136,Rezgran,Drodh,Drodh Department,Engai,Republic of Engai,乌格卢克（兽人）,乌格卢克（兽人） Forefathers,town,4106,1953.73,2036.39,16.81,-109.77,49,26°C,Jakarta (Indonesia),,port,,,,,,{t1:azure;ordinaries:[{ordinary:terrace;t:or;line:wavy}];shield:culture},https://watabou.github.io/city-generator/?name=Rezgran&population=4106&size=22&seed=1234182160136&river=1&coast=1&farms=1&citadel=0&urban_castle=0&hub=0&plaza=0&greens=0&temple=0&walls=0&shantytown=0&style=natural
137,Eelion,Saquasanar,Saquasanar Barony,Olerin,Olerin Empire,昆雅（精灵）,昆雅（精灵） Druidism,town,2281,6920.5,1966.73,19.31,68.76,1156,16°C,Dubrovnik (Croatia),,,,,,,,{t1:or;charges:[{charge:pot;t:purpure;p:e;size:1.5}];shield:culture},https://watabou.github.io/city-generator/?name=Eelion&population=2281&size=18&seed=1234182160137&river=0&coast=0&farms=1&citadel=0&urban_castle=0&hub=0&plaza=0&greens=0&temple=0&walls=0&shantytown=0&style=natural
138,Zrazred,Gurmurd,Gurmurd Captaincy,Vreagab,Kingdom of Vreagab,乌格卢克（兽人）,乌格卢克（兽人） Forefathers,town,4680,2828.01,1604.77,32.32,-78.34,49,13°C,Milan (Italy),,,,walls,,,,{t1:azure;charges:[{charge:ramHeadErased;t:or;p:e;t2:or;t3:argent;size:1.5}];shield:culture},https://watabou.github.io/city-generator/?name=Zrazred&population=4680&size=23&seed=1234182160138&river=1&coast=0&farms=1&citadel=0&urban_castle=0&hub=0&plaza=0&greens=0&temple=0&walls=1&shantytown=0&style=natural
139,Wruildai,Brat,Brat County,Brat,Principality of Brat,狗头人（哥布林）,Old Gneabligzism,town,7416,3730.24,1654.36,30.54,-45.91,225,15°C,Rome (Italy),,,,,,,,{t1:pally-or-purpure-smaller;division:{division:perFess;t:azure;line:straight};ordinaries:[{ordinary:pall;t:gules}];shield:culture},https://watabou.github.io/city-generator/?name=Wruildai&population=7416&size=28&seed=1234182160139&river=0&coast=0&farms=1&citadel=0&urban_castle=0&hub=0&plaza=0&greens=0&temple=0&walls=0&shantytown=0&style=natural
140,Khizruc,Nelkunbu,Nelkunbu County,Shemnaselu,Grand Duchy of Shemnaselu,尤顿（巨人）,尤顿（巨人） Druidism,town,6915,5753.19,2547.39,-1.56,26.8,100,29°C,Niamey (Niger),,port,,,,,,{t1:azure;charges:[{charge:eagleTwoHeads;t:or;p:e;t2:or;t3:or;size:1.5}];shield:culture},https://watabou.github.io/city-generator/?name=Khizruc&population=6915&size=27&seed=1234182160140&river=0&coast=1&farms=1&citadel=0&urban_castle=0&hub=0&plaza=0&greens=0&temple=0&walls=0&shantytown=0&style=natural&sea=1.49
141,Bres,Kuzg,Kuzg County,Zrio,Kingdom of Zrio,狗头人（哥布林）,Old Gneabligzism,town,2045,2083.67,2428.12,2.73,-105.1,324,27°C,Mogadishu (Somalia),,,,,,,,{t1:gules;ordinaries:[{ordinary:fess;t:or;line:flechy}];charges:[{charge:bell;t:azure;p:def;t2:azure;size:0.5}];shield:culture},https://watabou.github.io/city-generator/?name=Bres&population=2045&size=17&seed=1234182160141&river=0&coast=0&farms=1&citadel=0&urban_castle=0&hub=0&plaza=0&greens=0&temple=0&walls=0&shantytown=0&style=natural
142,Brug,Kuzg,Kuzg County,Zrio,Kingdom of Zrio,乌格卢克（兽人）,乌格卢克（兽人） Forefathers,town,4896,1889.9,2173.03,11.9,-112.07,484,26°C,Jakarta (Indonesia),,,,,,,,{t1:gules;charges:[{charge:pique;t:or;p:beh;size:0.5}];shield:culture},https://watabou.github.io/city-generator/?name=Brug&population=4896&size=24&seed=1234182160142&river=0&coast=0&farms=1&citadel=0&urban_castle=0&hub=1&plaza=0&greens=0&temple=0&walls=0&shantytown=0&style=natural
143,Tragli,Qosx,Qosx Governorate,Engai,Republic of Engai,狗头人（哥布林）,Old Gneabligzism,town,4175,2420.23,3269.41,-27.51,-93,49,20°C,Alexandria (Egypt),,,,,,,,{t1:vairAncien-argent-sable;division:{division:perBend;t:azure;line:straight};shield:culture},https://watabou.github.io/city-generator/?name=Tragli&population=4175&size=22&seed=1234182160143&river=0&coast=0&farms=1&citadel=0&urban_castle=0&hub=0&plaza=0&greens=0&temple=0&walls=0&shantytown=0&style=natural
144,Mudcallere,Drayhost,Drayhost Earldom,Eartland,Grand Duchy of Eartland,阿诺（人类）,Embergrakecism,town,7081,7383.3,3523.59,-36.65,85.4,64,14°C,Washington (D.C.),,,,walls,,,,{t1:argent;charges:[{charge:cannon;t:azure;p:e;t2:azure;size:1.5}];shield:culture},https://watabou.github.io/city-generator/?name=Mudcallere&population=7081&size=27&seed=1234182160144&river=0&coast=0&farms=1&citadel=0&urban_castle=0&hub=0&plaza=0&greens=0&temple=0&walls=1&shantytown=0&style=natural
145,Dosearius,Nalas,Nalas Barony,Shemnaselu,Grand Duchy of Shemnaselu,昆雅（精灵）,昆雅（精灵） Druidism,town,7951,5666.58,2098.48,14.58,23.69,9,28°C,Bangkok (Thailand),,port,,,,,,{t1:sable;division:{division:perPale;t:argent;line:straight};charges:[{charge:roundel2;t:or;p:e;divided:field;size:1.5};{charge:boat;t:azure;p:e;divided:division;size:1.5}];shield:culture},https://watabou.github.io/city-generator/?name=Dosearius&population=7951&size=28&seed=1234182160145&river=1&coast=1&farms=1&citadel=0&urban_castle=0&hub=0&plaza=0&greens=0&temple=0&walls=0&shantytown=0&style=natural&sea=1.98
146,Illalassin,Sylleluven,Sylleluven Captaincy,Kyathlulil,Kingdom of Kyathlulil,昆雅（精灵）,昆雅（精灵） Druidism,town,2064,5816.98,1438.44,38.3,29.1,529,5°C,Harbin (China),,,,,,,,{t1:vert;division:{division:perCross;t:argent;line:urdy};charges:[{charge:hourglass;t:or;p:jl;t2:or;t3:or;size:0.7}];shield:culture},https://watabou.github.io/city-generator/?name=Illalassin&population=2064&size=17&seed=1234182160146&river=0&coast=0&farms=1&citadel=0&urban_castle=0&hub=0&plaza=0&greens=0&temple=0&walls=0&shantytown=0&style=natural
147,Hildhor,Hildhor,Hildhor County,Digez,Digezan League,尤顿（巨人）,尤顿（巨人） Druidism,city,17096,8628.55,2569.46,-2.35,130.16,1369,21°C,Tegucigalpa (Honduras),,,,walls,,,,{t1:maily-gules-argent;division:{division:perSaltire;t:or};shield:culture},https://watabou.github.io/city-generator/?name=Hildhor&population=17096&size=38&seed=1234182160147&river=0&coast=0&farms=1&citadel=0&urban_castle=0&hub=0&plaza=0&greens=0&temple=0&walls=1&shantytown=0&style=natural
148,Macheinora,Thalya,Thalya County,Olerin,Olerin Empire,艾尔达（精灵）,艾尔达（精灵） Spirits,village,1249,6459.54,1303.14,43.16,52.2,144,3°C,Tromsø (Norway),,,,,,,,{t1:purpure;charges:[{charge:wheatStalk;t:argent;p:jlh;t2:argent;size:0.7}];shield:culture},https://watabou.github.io/village-generator/?pop=1249&name=Macheinora&seed=1234182160148&width=1400&height=683&style=snow&tags=river%2Chighway%2Cuncultivated%2Cno+square%2Cdense
149,Boulhallse,Boulhallse,Boulhallse County,Milstar,Kingdom of Milstar,阿诺（人类）,Embergrakecism,city,14647,6815.83,3098.63,-21.37,65,400,24°C,Dakar (Senegal),,port,,,,,,{t1:gules;ordinaries:[{ordinary:bar;t:argent;line:dentilly}];charges:[{charge:centaur;t:argent;p:ach;t2:argent;t3:argent;size:0.5}];shield:culture},https://watabou.github.io/city-generator/?name=Boulhallse&population=14647&size=36&seed=1234182160149&river=1&coast=1&farms=1&citadel=0&urban_castle=0&hub=0&plaza=0&greens=0&temple=0&walls=0&shantytown=0&style=natural
150,Shatreora,Shatreora,Shatreora County,Solka,Kingdom of Solka,尤顿（巨人）,尤顿（巨人） Druidism,city,20302,8671.67,1685.38,29.42,131.71,9,16°C,Dubrovnik (Croatia),,,citadel,walls,,temple,shanty town,{t1:vert;ordinaries:[{ordinary:label;t:argent}];charges:[{charge:flamberge;t:or;p:pqn;t2:or;size:0.5}];shield:culture},https://watabou.github.io/city-generator/?name=Shatreora&population=20302&size=40&seed=1234182160150&river=0&coast=0&farms=1&citadel=1&urban_castle=1&hub=0&plaza=0&greens=0&temple=1&walls=1&shantytown=1&style=natural
151,Thelt,Swa,Swa County,Brat,Principality of Brat,狗头人（哥布林）,Old Gneabligzism,village,1499,3409.54,1539.92,34.65,-57.44,25,10°C,London (England),,port,,,,,,{t1:azure;charges:[{charge:bucket;t:argent;p:e;t2:argent;size:1.5}];shield:culture},https://watabou.github.io/village-generator/?pop=1499&name=Thelt&seed=1234182160151&width=1400&height=683&style=default&tags=coast%2Chighway%2Cno+square%2Cdense
152,Shatharga,Beornel,Beornel County,Giruzar,Giruzar Empire,尤顿（巨人）,尤顿（巨人） Druidism,town,5540,7181.75,2189.14,11.32,78.16,529,25°C,Miami (USA),,,,,,,,{t1:pally-purpure-argent;ordinaries:[{ordinary:chevron;t:or}];shield:culture},https://watabou.github.io/city-generator/?name=Shatharga&population=5540&size=25&seed=1234182160152&river=1&coast=0&farms=1&citadel=0&urban_castle=0&hub=0&plaza=0&greens=0&temple=0&walls=0&shantytown=0&style=natural
153,Mur,Uzdrodh,Uzdrodh Barony,Zrio,Kingdom of Zrio,乌格卢克（兽人）,乌格卢克（兽人） Forefathers,village,1065,2001.3,2224.45,10.05,-108.06,400,25°C,Miami (USA),,,,,,,,{t1:vert;ordinaries:[{ordinary:bendletSinister;t:or;line:straight}];charges:[{charge:pike;t:gules;p:lem;t2:gules;size:0.3}];shield:culture},https://watabou.github.io/village-generator/?pop=1065&name=Mur&seed=1234182160153&width=1400&height=683&style=default&tags=dead+end%2Cno+square%2Cdense
154,Hiszils,Ulm,Ulm Landgrave,Vreagab,Kingdom of Vreagab,狗头人（哥布林）,Old Gneabligzism,town,5784,3002.61,1685.94,29.4,-72.07,121,15°C,Rome (Italy),,,,,,,,{t1:gules;charges:[{charge:bearRampant;t:argent;p:jln;t2:argent;t3:or;size:0.7}];shield:culture},https://watabou.github.io/city-generator/?name=Hiszils&population=5784&size=25&seed=1234182160154&river=0&coast=0&farms=1&citadel=0&urban_castle=0&hub=0&plaza=0&greens=0&temple=0&walls=0&shantytown=0&style=natural
155,Nudh,Ghodog,Ghodog County,Grur,Gruran Marches,乌鲁克（兽人）,乌鲁克（兽人） Beliefs,town,8474,2730.25,2094.6,14.71,-81.86,3249,7°C,Montreal (Canada),,,,,,,,{t1:azure;charges:[{charge:donkeyHeadCaboshed;t:argent;p:jlh;t2:argent;size:0.7}];shield:culture},https://watabou.github.io/city-generator/?name=Nudh&population=8474&size=29&seed=1234182160155&river=0&coast=0&farms=1&citadel=0&urban_castle=0&hub=0&plaza=0&greens=0&temple=0&walls=0&shantytown=0&style=natural
156,Joimzois,Phax,Phax Department,Engai,Republic of Engai,狗头人（哥布林）,Old Gneabligzism,town,9683,2748.24,3206.27,-25.24,-81.21,289,21°C,Tegucigalpa (Honduras),,,citadel,,,,,{t1:argent;charges:[{charge:castle;t:gules;p:e;t2:gules;size:1.5}];shield:culture},https://watabou.github.io/city-generator/?name=Joimzois&population=9683&size=31&seed=1234182160156&river=0&coast=0&farms=1&citadel=1&urban_castle=1&hub=0&plaza=0&greens=0&temple=0&walls=0&shantytown=0&style=natural
157,Graz,Gurmurd,Gurmurd Captaincy,Vreagab,Kingdom of Vreagab,乌格卢克（兽人）,乌格卢克（兽人） Forefathers,town,6079,2645.5,1668.82,30.02,-84.9,169,15°C,Rome (Italy),,,,walls,,,,{t1:purpure;charges:[{charge:pike;t:argent;p:e;t2:argent;size:1.5}];shield:culture},https://watabou.github.io/city-generator/?name=Graz&population=6079&size=26&seed=1234182160157&river=1&coast=0&farms=1&citadel=0&urban_castle=0&hub=0&plaza=0&greens=0&temple=0&walls=1&shantytown=0&style=natural
158,Thvethelumye,Thvethelumye,Thvethelumye County,Kyathlulil,Kingdom of Kyathlulil,昆雅（精灵）,昆雅（精灵） Druidism,town,7477,5587.93,1752.28,27.02,20.86,100,16°C,Dubrovnik (Croatia),,,citadel,,,,,{t1:or;ordinaries:[{ordinary:saltire;t:sable;line:firTrees}];charges:[{charge:serpent;t:purpure;p:e;t2:purpure;size:1.5}];shield:culture},https://watabou.github.io/city-generator/?name=Thvethelumye&population=7477&size=28&seed=1234182160158&river=1&coast=0&farms=1&citadel=1&urban_castle=1&hub=0&plaza=0&greens=0&temple=0&walls=0&shantytown=0&style=natural
159,Anfalle,Lightia,Lightia Landgrave,Vreagab,Kingdom of Vreagab,戴尔（人类）,戴尔（人类） Spirits,town,12050,2426.01,1420.8,38.93,-92.79,256,7°C,Montreal (Canada),,,,walls,,,,{t1:azure;charges:[{charge:axe;t:argent;p:kn;t2:argent;size:0.7}];shield:culture},https://watabou.github.io/city-generator/?name=Anfalle&population=12050&size=33&seed=1234182160159&river=0&coast=0&farms=1&citadel=0&urban_castle=0&hub=0&plaza=0&greens=0&temple=0&walls=1&shantytown=0&style=natural
160,Vorgunhe,Shola,Shola Earldom,Giruzar,Giruzar Empire,尤顿（巨人）,尤顿（巨人） Druidism,fort,992,7097.42,2328.81,6.3,75.12,1521,19°C,Marrakesh (Morocco),,,citadel,,,,,{t1:or;ordinaries:[{ordinary:orle;t:vert}];charges:[{charge:crescent;t:vert;p:ken;size:0.4}];shield:culture},null
161,Turil,Tolnarg,Tolnarg County,Tolnarg,Grand Duchy of Tolnarg,尤顿（巨人）,Embergrakecism,town,4089,8837.32,2965.92,-16.6,137.67,289,26°C,Jakarta (Indonesia),,,,,,,,{t1:argent;charges:[{charge:catPassantGuardant;t:azure;p:e;t2:azure;size:1.5}];shield:culture},https://watabou.github.io/city-generator/?name=Turil&population=4089&size=22&seed=1234182160161&river=0&coast=0&farms=1&citadel=0&urban_castle=0&hub=0&plaza=0&greens=0&temple=0&walls=0&shantytown=0&style=natural
162,Velkake,Narnelka,Narnelka County,Digez,Digezan League,尤顿（巨人）,Embergrakecism,town,10077,8455.38,2461.61,1.52,123.94,784,25°C,Miami (USA),,,,,,,,{t1:or;division:{division:perSaltire;t:azure};charges:[{charge:trefle;t:gules;p:abcdefgzi;divided:counter;size:0.3}];shield:culture},https://watabou.github.io/city-generator/?name=Velkake&population=10077&size=31&seed=1234182160162&river=0&coast=0&farms=1&citadel=0&urban_castle=0&hub=0&plaza=0&greens=0&temple=0&walls=0&shantytown=0&style=natural
163,Bothizda,Bothizda,Bothizda County,Solka,Kingdom of Solka,尤顿（巨人）,尤顿（巨人） Druidism,town,7120,8224.91,2047.49,16.41,115.65,400,23°C,Rio de Janeiro (Brazil),,,,,,,,{t1:argent;division:{division:gyronny;t:azure};charges:[{charge:archer;t:gules;p:e;t2:gules;t3:gules;size:1.5}];shield:culture},https://watabou.github.io/city-generator/?name=Bothizda&population=7120&size=27&seed=1234182160163&river=0&coast=0&farms=1&citadel=0&urban_castle=0&hub=0&plaza=0&greens=0&temple=0&walls=0&shantytown=0&style=natural
164,Onacross,Swampmoorga,Swampmoorga County,Eartland,Grand Duchy of Eartland,阿诺（人类）,Embergrakecism,town,2494,7049.42,3414.85,-32.74,73.4,196,16°C,Dubrovnik (Croatia),,,,,,,,{t1:argent;ordinaries:[{ordinary:chevron;t:purpure}];charges:[{charge:mullet;t:or;p:ach;size:0.5}];shield:culture},https://watabou.github.io/city-generator/?name=Onacross&population=2494&size=18&seed=1234182160164&river=1&coast=0&farms=1&citadel=0&urban_castle=0&hub=0&plaza=0&greens=0&temple=0&walls=0&shantytown=0&style=natural
165,Ollsharireth,Adhelumye,Adhelumye County,Kyathlulil,Kingdom of Kyathlulil,昆雅（精灵）,昆雅（精灵） Druidism,town,7144,5575.64,1539.66,34.66,20.42,196,9°C,Copenhagen (Denmark),,,,walls,,,,{t1:or;division:{division:perBend;t:gules;line:arched};charges:[{charge:billet;t:vert;p:l;size:0.7};{charge:anchor;t:argent;p:m;size:0.7}];shield:culture},https://watabou.github.io/city-generator/?name=Ollsharireth&population=7144&size=27&seed=1234182160165&river=0&coast=0&farms=1&citadel=0&urban_castle=0&hub=0&plaza=0&greens=0&temple=0&walls=1&shantytown=0&style=natural
166,Sleh,Slukex,Slukex County,Brat,Principality of Brat,狗头人（哥布林）,Old Gneabligzism,village,1982,3312.28,2029.38,17.06,-60.94,36,26°C,Jakarta (Indonesia),,port,,,,,,{t1:chequy-argent-sable-smaller;division:{division:perCross;t:vert;line:straight};charges:[{charge:lymphad;t:gules;p:j;t2:gules;t3:gules;size:0.6};{charge:column;t:argent;p:l;size:0.6};{charge:palace;t:argent;p:m;size:0.6};{charge:pineCone;t:azure;p:o;size:0.6}];shield:culture},https://watabou.github.io/village-generator/?pop=1982&name=Sleh&seed=1234182160166&width=1600&height=780&style=default&tags=coast%2Chighway%2Cno+square%2Cdense
167,Kluird,Qeekork,Qeekork Governorate,Engai,Republic of Engai,狗头人（哥布林）,Old Gneabligzism,village,1307,2358.46,3034.29,-19.06,-95.22,144,27°C,Mogadishu (Somalia),,,,,,,,{t1:argent;division:{division:chevronny;t:azure};charges:[{charge:key;t:gules;p:e;size:1.5}];shield:culture},https://watabou.github.io/village-generator/?pop=1307&name=Kluird&seed=1234182160167&width=1400&height=683&style=default&tags=dead+end%2Cno+square%2Cdense
168,Adhelfase,Itheiheilera,Itheiheilera Barony,Olerin,Olerin Empire,昆雅（精灵）,昆雅（精灵） Druidism,village,1218,6851.69,1589.88,32.86,66.29,400,11°C,Antwerp (Belgium),,,,walls,,,,{t1:chainy-argent-vert;division:{division:perBend;t:purpure;line:straight};ordinaries:[{ordinary:bordure;t:sable}];shield:culture},https://watabou.github.io/village-generator/?pop=1218&name=Adhelfase&seed=1234182160168&width=1400&height=683&style=default&tags=highway%2Cno+square%2Cpalisade%2Cdense
169,Veekz,Phax,Phax Department,Engai,Republic of Engai,狗头人（哥布林）,Old Gneabligzism,town,8245,2704.57,3312.79,-29.07,-82.78,625,16°C,Dubrovnik (Croatia),,,,,,,,{t1:argent;charges:[{charge:ouroboros;t:azure;p:e;size:1.5}];shield:culture},https://watabou.github.io/city-generator/?name=Veekz&population=8245&size=29&seed=1234182160169&river=0&coast=0&farms=1&citadel=0&urban_castle=0&hub=1&plaza=0&greens=0&temple=0&walls=0&shantytown=0&style=natural
170,Khathiz,Migez,Migez Earldom,Tolnarg,Grand Duchy of Tolnarg,尤顿（巨人）,尤顿（巨人） Druidism,village,929,8821,3316.9,-29.22,137.08,16,20°C,Alexandria (Egypt),,,,,,,,{t1:barry-argent-azure;ordinaries:[{ordinary:chevron;t:sable}];shield:culture},https://watabou.github.io/village-generator/?pop=929&name=Khathiz&seed=1234182160170&width=1000&height=488&style=default&tags=dead+end%2Cno+square%2Cdense
171,Khrir,Shranqel,Shranqel County,Srach,Grand Duchy of Srach,阿拉戈（蛛形）,Deities of the Amber Cold,village,1000,4837.41,1642.54,30.96,-6.11,25,13°C,Milan (Italy),,,,,,,,{t1:barry-gules-argent;ordinaries:[{ordinary:pile;t:or}];charges:[{charge:buckle;t:vert;p:b;size:0.5}];shield:culture},https://watabou.github.io/village-generator/?pop=1000&name=Khrir&seed=1234182160171&width=1000&height=488&style=default&tags=river%2Cdead+end%2Cno+square%2Cdense
172,Zugberthar,Zugberthar,Zugberthar Captaincy,Solka,Kingdom of Solka,尤顿（巨人）,尤顿（巨人） Druidism,city,16209,8606.48,1424.07,38.82,129.37,9,6°C,Stockholm (Sweden),,port,citadel,,,,,{t1:purpure;charges:[{charge:inescutcheon;t:or;p:e;size:1.5};{charge:mullet8;t:gules;p:e;size:0.75}];shield:culture},https://watabou.github.io/city-generator/?name=Zugberthar&population=16209&size=37&seed=1234182160172&river=0&coast=1&farms=1&citadel=1&urban_castle=1&hub=1&plaza=0&greens=0&temple=0&walls=0&shantytown=0&style=natural&sea=1.35
173,Ulmzois,Gasinx,Gasinx County,Brat,Principality of Brat,狗头人（哥布林）,Old Gneabligzism,town,3811,3514.92,1642.35,30.97,-53.65,121,15°C,Rome (Italy),,,,,,,,{t1:azure;ordinaries:[{ordinary:pall;t:or}];charges:[{charge:anvil;t:vert;p:jlh;size:0.5}];shield:culture},https://watabou.github.io/city-generator/?name=Ulmzois&population=3811&size=21&seed=1234182160173&river=0&coast=0&farms=1&citadel=0&urban_castle=0&hub=0&plaza=0&greens=0&temple=0&walls=0&shantytown=0&style=natural
174,Trag,Srurd,Srurd County,Zrio,Kingdom of Zrio,狗头人（哥布林）,Old Gneabligzism,village,1894,1436.12,2959.87,-16.39,-128.38,9,28°C,Bangkok (Thailand),,,,,,,,{t1:gules;charges:[{charge:shield;t:or;p:jln;t2:or;size:0.7}];shield:culture},https://watabou.github.io/village-generator/?pop=1894&name=Trag&seed=1234182160174&width=1600&height=780&style=default&tags=isolated%2Cfarmland%2Cno+orchards%2Cno+square%2Cdense
175,Narak,Brem,Brem Earldom,Giruzar,Giruzar Empire,尤顿（巨人）,Embergrakecism,town,8549,7624.5,2722.46,-7.85,94.07,64,29°C,Niamey (Niger),,,,,,,,{t1:ermine-argent-purpure;division:{division:perFess;t:sable;line:straight};ordinaries:[{ordinary:pallReversed;t:azure}];shield:culture},https://watabou.github.io/city-generator/?name=Narak&population=8549&size=29&seed=1234182160175&river=1&coast=0&farms=0&citadel=0&urban_castle=0&hub=1&plaza=0&greens=0&temple=0&walls=0&shantytown=0&style=natural
176,Driorvaq,Eszbiard,Eszbiard County,Brat,Principality of Brat,狗头人（哥布林）,Old Gneabligzism,town,6054,3305.6,2078.3,15.3,-61.18,36,26°C,Jakarta (Indonesia),,,,,,,,{t1:argent;ordinaries:[{ordinary:cross;t:vert;line:invecked}];charges:[{charge:mullet6;t:or;p:e;size:0.5}];shield:culture},https://watabou.github.io/city-generator/?name=Driorvaq&population=6054&size=26&seed=1234182160176&river=0&coast=0&farms=1&citadel=0&urban_castle=0&hub=0&plaza=0&greens=0&temple=0&walls=0&shantytown=0&style=natural
177,Wrog,Phax,Phax Department,Engai,Republic of Engai,狗头人（哥布林）,Old Gneabligzism,village,1031,2627.91,3453.28,-34.12,-85.54,36,17°C,Lisbon (Portugal),,,,,,,,{t1:vert;ordinaries:[{ordinary:saltire;t:or;line:embattled}];charges:[{charge:trianglePierced;t:sable;p:e;size:0.7}];shield:culture},https://watabou.github.io/village-generator/?pop=1031&name=Wrog&seed=1234182160177&width=1400&height=683&style=default&tags=highway%2Cno+square%2Cdense
178,Giggan,Brybrinqi,Brybrinqi County,Vreagab,Kingdom of Vreagab,狗头人（哥布林）,Old Gneabligzism,town,4137,3381.95,1703.61,28.77,-58.43,169,16°C,Dubrovnik (Croatia),,,,,,,,{t1:azure;charges:[{charge:maces;t:or;p:e;t2:or;size:1.5}];shield:culture},https://watabou.github.io/city-generator/?name=Giggan&population=4137&size=22&seed=1234182160178&river=0&coast=0&farms=1&citadel=0&urban_castle=0&hub=0&plaza=0&greens=0&temple=0&walls=0&shantytown=0&style=natural
179,Gneable,Qosx,Qosx Governorate,Engai,Republic of Engai,狗头人（哥布林）,Old Gneabligzism,town,2919,2458.88,3236.66,-26.33,-91.61,144,22°C,Guangzhou (China),,,,,,,,{t1:azure;division:{division:perPale;t:scaly-gules-or;line:straight};ordinaries:[{ordinary:gore;t:argent}];shield:culture},https://watabou.github.io/city-generator/?name=Gneable&population=2919&size=19&seed=1234182160179&river=1&coast=0&farms=1&citadel=0&urban_castle=0&hub=1&plaza=0&greens=0&temple=0&walls=0&shantytown=0&style=natural
180,Gortharb,Zugberthar,Zugberthar Captaincy,Solka,Kingdom of Solka,尤顿（巨人）,尤顿（巨人） Druidism,town,7372,8586.81,1316.21,42.69,128.66,81,4°C,Reykjavik (Iceland),,,,,,,,{t1:gules;division:{division:perPale;t:argent;line:enclavy};charges:[{charge:fusil;t:or;p:p;size:0.7};{charge:rose;t:gules;p:q;size:0.7}];shield:culture},https://watabou.github.io/city-generator/?name=Gortharb&population=7372&size=28&seed=1234182160180&river=0&coast=0&farms=1&citadel=0&urban_castle=0&hub=0&plaza=0&greens=0&temple=0&walls=0&shantytown=0&style=natural
181,Mernaram,Mernaram,Mernaram County,Milstar,Kingdom of Milstar,尤顿（巨人）,尤顿（巨人） Druidism,town,9662,6714.23,2804.65,-10.81,61.35,529,25°C,Miami (USA),,,,,,,,{t1:gules;ordinaries:[{ordinary:bendSinister;t:argent;line:straight}];charges:[{charge:stagPassant;t:argent;p:a;t2:or;size:0.5}];shield:culture},https://watabou.github.io/city-generator/?name=Mernaram&population=9662&size=31&seed=1234182160181&river=1&coast=0&farms=1&citadel=0&urban_castle=0&hub=0&plaza=0&greens=0&temple=0&walls=0&shantytown=0&style=natural
182,Doglen,Steameria,Steameria Earldom,Eartland,Grand Duchy of Eartland,阿诺（人类）,Embergrakecism,town,9119,7323.06,3347.92,-30.33,83.24,196,17°C,Lisbon (Portugal),,,,walls,,,,{t1:azure;charges:[{charge:wasp;t:or;p:e;t2:or;t3:or;size:1.5}];shield:culture},https://watabou.github.io/city-generator/?name=Doglen&population=9119&size=30&seed=1234182160182&river=0&coast=0&farms=1&citadel=0&urban_castle=0&hub=0&plaza=0&greens=0&temple=0&walls=1&shantytown=0&style=natural
183,Bratliaq,Bratliaq,Bratliaq Department,Engai,Republic of Engai,狗头人（哥布林）,Old Gneabligzism,city,15531,2857.55,2517.14,-0.47,-77.28,169,29°C,Niamey (Niger),,,,,,,,{t1:argent;charges:[{charge:drakkar;t:purpure;p:jln;t2:purpure;t3:purpure;size:0.7}];shield:culture},https://watabou.github.io/city-generator/?name=Bratliaq&population=15531&size=37&seed=1234182160183&river=1&coast=0&farms=1&citadel=0&urban_castle=0&hub=0&plaza=0&greens=0&temple=0&walls=0&shantytown=0&style=natural
184,Rorestle,Swampmoorga,Swampmoorga County,Eartland,Grand Duchy of Eartland,阿诺（人类）,Embergrakecism,town,12378,6946.85,3299.77,-28.6,69.71,361,17°C,Lisbon (Portugal),,,citadel,walls,,,,{t1:or;charges:[{charge:ramHeadErased;t:sable;p:e;t2:azure;t3:sable;size:1.5}];shield:culture},https://watabou.github.io/city-generator/?name=Rorestle&population=12378&size=34&seed=1234182160184&river=0&coast=0&farms=1&citadel=1&urban_castle=1&hub=0&plaza=0&greens=0&temple=0&walls=1&shantytown=0&style=natural
185,Boulpass,Steameria,Steameria Earldom,Eartland,Grand Duchy of Eartland,阿诺（人类）,Embergrakecism,town,7999,7398.79,3229.2,-26.07,85.96,225,22°C,Guangzhou (China),,port,,,,,,{t1:argent;division:{division:perBend;t:sable;line:straight};ordinaries:[{ordinary:orle;t:azure}];shield:culture},https://watabou.github.io/city-generator/?name=Boulpass&population=7999&size=28&seed=1234182160185&river=1&coast=1&farms=1&citadel=0&urban_castle=0&hub=1&plaza=0&greens=0&temple=0&walls=0&shantytown=0&style=natural
186,Gloomhorn,Gloomhorn,Gloomhorn County,Dawnwalia,Principality of Dawnwalia,阿诺（人类）,Embergrakecism,city,22149,8029.27,3556.8,-37.84,108.62,16,12°C,Paris (France),,port,,walls,,temple,shanty town,{t1:purpure;charges:[{charge:scissors;t:argent;p:e;size:1.5}];shield:culture},https://watabou.github.io/city-generator/?name=Gloomhorn&population=22149&size=42&seed=1234182160186&river=0&coast=1&farms=1&citadel=0&urban_castle=0&hub=0&plaza=0&greens=0&temple=1&walls=1&shantytown=1&style=natural&sea=0.92
187,Gahourg,Gahourg,Gahourg County,Solka,Kingdom of Solka,尤顿（巨人）,尤顿（巨人） Druidism,town,9439,8317.5,1836.14,24,118.98,256,18°C,Barcelona (Spain),,,,,,,,{t1:purpure;charges:[{charge:mullet4;t:argent;p:abcpqh;size:0.5}];shield:culture},https://watabou.github.io/city-generator/?name=Gahourg&population=9439&size=30&seed=1234182160187&river=1&coast=0&farms=1&citadel=0&urban_castle=0&hub=0&plaza=0&greens=0&temple=0&walls=0&shantytown=0&style=natural
188,Klilm,Voh,Voh County,Bug,Duchy of Bug,狗头人（哥布林）,Old Gneabligzism,town,3830,3134.71,2583,-2.84,-67.32,144,29°C,Niamey (Niger),,,,,,,,{t1:pally-gules-argent;division:{division:perFess;t:or;line:straight};shield:culture},https://watabou.github.io/city-generator/?name=Klilm&population=3830&size=22&seed=1234182160188&river=0&coast=0&farms=1&citadel=0&urban_castle=0&hub=0&plaza=0&greens=0&temple=0&walls=0&shantytown=0&style=natural
189,Gurmurd,Gurmurd,Gurmurd Captaincy,Vreagab,Kingdom of Vreagab,乌格卢克（兽人）,乌格卢克（兽人） Forefathers,town,10863,2774.84,1447.74,37.96,-80.26,49,9°C,Copenhagen (Denmark),,port,,,plaza,,,{t1:argent;charges:[{charge:billet;t:gules;p:def;size:0.5}];shield:culture},https://watabou.github.io/city-generator/?name=Gurmurd&population=10863&size=32&seed=1234182160189&river=1&coast=1&farms=1&citadel=0&urban_castle=0&hub=1&plaza=1&greens=1&temple=0&walls=0&shantytown=0&style=natural
190,Vorgin,Nadab,Nadab County,Giruzar,Giruzar Empire,尤顿（巨人）,尤顿（巨人） Druidism,village,1991,7530.4,2244.03,9.34,90.69,81,28°C,Bangkok (Thailand),,,,,,,,{t1:sable;charges:[{charge:mitre;t:or;p:beh;t2:or;t3:or;size:0.5}];shield:culture},https://watabou.github.io/village-generator/?pop=1991&name=Vorgin&seed=1234182160190&width=1600&height=780&style=default&tags=highway%2Cno+square%2Cdense
191,Eszbiard,Eszbiard,Eszbiard County,Brat,Principality of Brat,狗头人（哥布林）,Old Gneabligzism,city,30805,3275.4,2149.45,12.74,-62.26,9,29°C,Niamey (Niger),,port,citadel,walls,plaza,temple,,{t1:or;division:{division:perFess;t:vert;line:dragonTeeth};shield:culture},https://watabou.github.io/city-generator/?name=Eszbiard&population=30805&size=47&seed=1234182160191&river=1&coast=1&farms=1&citadel=1&urban_castle=0&hub=1&plaza=1&greens=1&temple=1&walls=1&shantytown=0&style=natural&sea=1.86
192,Bayan Agt,,,Neutrals,undefined,杜兰迪尔（人类）,杜兰迪尔（人类） Beliefs,city,14854,4259.06,3909.7,-50.52,-26.9,25,1°C,Arkhangelsk (Russia),,port,,walls,,,,{t1:gules;ordinaries:[{ordinary:terrace;t:argent;line:bevilled}];charges:[{charge:crossFormee2;t:argent;p:e;size:1.5}];shield:culture},https://watabou.github.io/city-generator/?name=Bayan+Agt&population=14854&size=36&seed=1234182160192&river=0&coast=1&farms=0&citadel=0&urban_castle=0&hub=0&plaza=0&greens=0&temple=0&walls=1&shantytown=0&style=natural&sea=1.99
193,Unyverara,Selfahoma,Selfahoma County,Karion,Protectorate of Karion,昆雅（精灵）,昆雅（精灵） Druidism,town,4647,7459.45,1356.88,41.23,88.14,121,5°C,Harbin (China),,,,,,,,{t1:gules;charges:[{charge:snail;t:argent;p:e;t2:argent;size:1.5}];shield:culture},https://watabou.github.io/city-generator/?name=Unyverara&population=4647&size=23&seed=1234182160193&river=0&coast=0&farms=1&citadel=0&urban_castle=0&hub=0&plaza=0&greens=0&temple=0&walls=0&shantytown=0&style=natural
194,Lynead,Dretheas,Dretheas Barony,Olerin,Olerin Empire,昆雅（精灵）,昆雅（精灵） Druidism,town,2424,6193.96,1477.54,36.89,42.65,289,6°C,Stockholm (Sweden),,,,,,,,{t1:gules;ordinaries:[{ordinary:pileInBend;t:argent}];charges:[{charge:cock;t:purpure;p:e;t2:purpure;t3:purpure;size:0.5}];shield:culture},https://watabou.github.io/city-generator/?name=Lynead&population=2424&size=18&seed=1234182160194&river=0&coast=0&farms=1&citadel=0&urban_castle=0&hub=0&plaza=0&greens=0&temple=0&walls=0&shantytown=0&style=natural
195,Rusthtown,Boulhallse,Boulhallse County,Milstar,Kingdom of Milstar,阿诺（人类）,Embergrakecism,village,1167,6881.22,3375.59,-31.33,67.35,484,15°C,Rome (Italy),,,,,,,,{t1:sable;ordinaries:[{ordinary:cross;t:argent;line:rayonne}];charges:[{charge:eagle;t:sable;p:beh;t2:argent;t3:sable;size:0.3}];shield:culture},https://watabou.github.io/village-generator/?pop=1167&name=Rusthtown&seed=1234182160195&width=1400&height=683&style=default&tags=highway%2Cfarmland%2Cno+square%2Cdense
196,Kinabunul,Hildhor,Hildhor County,Digez,Digezan League,尤顿（巨人）,Embergrakecism,town,11154,8513.82,2554.68,-1.82,126.04,1369,21°C,Tegucigalpa (Honduras),,,,,,,,{t1:vert;ordinaries:[{ordinary:mount;t:or}];charges:[{charge:compassRose;t:or;p:bdf;size:0.5}];shield:culture},https://watabou.github.io/city-generator/?name=Kinabunul&population=11154&size=32&seed=1234182160196&river=0&coast=0&farms=1&citadel=0&urban_castle=0&hub=1&plaza=0&greens=0&temple=0&walls=0&shantytown=0&style=natural
197,Fruict,Phax,Phax Department,Engai,Republic of Engai,狗头人（哥布林）,Old Gneabligzism,town,5665,2591.9,3452.39,-34.09,-86.83,4,17°C,Lisbon (Portugal),,,,,,,,{t1:azure;charges:[{charge:plough;t:argent;p:jln;t2:argent;size:0.7}];shield:culture},https://watabou.github.io/city-generator/?name=Fruict&population=5665&size=25&seed=1234182160197&river=1&coast=0&farms=1&citadel=0&urban_castle=0&hub=0&plaza=0&greens=0&temple=0&walls=0&shantytown=0&style=natural
198,Mythshele,Mythshele,Mythshele County,Olerin,Olerin Empire,昆雅（精灵）,昆雅（精灵） Druidism,town,12164,6144.02,1684.55,29.45,40.85,400,13°C,Milan (Italy),,,,walls,,,,{t1:sable;ordinaries:[{ordinary:chief;t:argent;line:straight}];charges:[{charge:lionPassant;t:gules;p:abc;t2:gules;t3:or;size:0.5}];shield:culture},https://watabou.github.io/city-generator/?name=Mythshele&population=12164&size=33&seed=1234182160198&river=0&coast=0&farms=1&citadel=0&urban_castle=0&hub=0&plaza=0&greens=0&temple=0&walls=1&shantytown=0&style=natural
199,Idhelm,Migez,Migez Earldom,Tolnarg,Grand Duchy of Tolnarg,尤顿（巨人）,尤顿（巨人） Druidism,village,1598,8985.12,3330.39,-29.7,142.98,36,18°C,Barcelona (Spain),,port,,,,,,{t1:vert;ordinaries:[{ordinary:label;t:argent}];charges:[{charge:mullet;t:argent;p:pqn;size:0.5}];shield:culture},https://watabou.github.io/village-generator/?pop=1598&name=Idhelm&seed=1234182160199&width=1600&height=780&style=default&tags=coast%2Chighway%2Cno+square%2Cdense
200,Khathozig,Yudhyrgu,Yudhyrgu County,Giruzar,Giruzar Empire,尤顿（巨人）,Embergrakecism,village,1588,8264.71,2871.38,-13.2,117.08,1681,18°C,Barcelona (Spain),,,,,,,,{t1:argent;charges:[{charge:ratRampant;t:gules;p:jeo;t2:gules;size:0.5}];shield:culture},https://watabou.github.io/village-generator/?pop=1588&name=Khathozig&seed=1234182160200&width=1600&height=780&style=default&tags=highway%2Cno+square%2Cdense
201,Ilseri,Timyrang,Timyrang Earldom,Olerin,Olerin Empire,昆雅（精灵）,昆雅（精灵） Druidism,village,1971,6175.32,1605.32,32.3,41.98,625,9°C,Copenhagen (Denmark),,,,,,,,{t1:masoned-gules-argent;division:{division:perFess;t:or;line:straight};ordinaries:[{ordinary:canton;t:sable}];shield:culture},https://watabou.github.io/village-generator/?pop=1971&name=Ilseri&seed=1234182160201&width=1600&height=780&style=default&tags=dead+end%2Cno+square%2Cdense
202,Tuzakera,Gahourg,Gahourg County,Solka,Kingdom of Solka,尤顿（巨人）,尤顿（巨人） Druidism,village,1425,8384.57,2139.13,13.11,121.39,625,27°C,Mogadishu (Somalia),,,,,,,,{t1:gules;division:{division:perCross;t:or;line:indented};charges:[{charge:bookClosed;t:argent;p:j;t2:argent;t3:argent;size:0.6};{charge:palace;t:azure;p:l;size:0.6};{charge:dragonfly;t:gules;p:m;size:0.6;reversed:1};{charge:pike;t:argent;p:o;size:0.6}];shield:culture},https://watabou.github.io/village-generator/?pop=1425&name=Tuzakera&seed=1234182160202&width=1400&height=683&style=default&tags=highway%2Cno+square%2Cdense
203,Ozigrim,Yudgrimfa,Yudgrimfa County,Giruzar,Giruzar Empire,尤顿（巨人）,尤顿（巨人） Druidism,village,1159,8008.86,2183.54,11.52,107.89,169,28°C,Bangkok (Thailand),,,,,,,,{t1:gules;ordinaries:[{ordinary:bendSinister;t:argent;line:straight}];charges:[{charge:roundel2;t:gules;p:lm;size:0.7}];shield:culture},https://watabou.github.io/village-generator/?pop=1159&name=Ozigrim&seed=1234182160203&width=1400&height=683&style=default&tags=highway%2Cfarmland%2Cno+orchards%2Cno+square%2Cdense
204,Dhadog,Cloudgia,Cloudgia Landgrave,Vreagab,Kingdom of Vreagab,乌格卢克（兽人）,乌格卢克（兽人） Forefathers,village,863,2852,1170.02,47.95,-77.48,4,-2°C,Fairbanks (Alaska),,port,,,,,,{t1:azure;charges:[{charge:dolphin;t:argent;p:e;t2:argent;size:1.5}];shield:culture},https://watabou.github.io/village-generator/?pop=863&name=Dhadog&seed=1234182160204&width=1000&height=488&style=snow&tags=coast%2Chighway%2Cuncultivated%2Cno+orchards%2Cno+square%2Cdense
205,Yhalysa,Timyrang,Timyrang Earldom,Olerin,Olerin Empire,昆雅（精灵）,昆雅（精灵） Druidism,town,5293,6046.49,1373.7,40.63,37.35,441,3°C,Tromsø (Norway),,,,,,,,{t1:vert;division:{division:perPale;t:argent;line:straight};charges:[{charge:crossClechy;t:or;p:e;divided:field;size:1.5};{charge:plaice;t:gules;p:e;divided:division;size:1.5}];shield:culture},https://watabou.github.io/city-generator/?name=Yhalysa&population=5293&size=24&seed=1234182160205&river=0&coast=0&farms=1&citadel=0&urban_castle=0&hub=0&plaza=0&greens=0&temple=0&walls=0&shantytown=0&style=natural
206,Cragmeaven,Hound,Hound Captaincy,Dawnwalia,Principality of Dawnwalia,阿诺（人类）,Embergrakecism,town,7951,7702.42,3009.32,-18.16,96.87,64,28°C,Bangkok (Thailand),,port,,,,,,{t1:vert;division:{division:perChevronReversed;t:argent;line:embattledGhibellin};charges:[{charge:trefle;t:or;p:dfh;size:0.5}];shield:culture},https://watabou.github.io/city-generator/?name=Cragmeaven&population=7951&size=28&seed=1234182160206&river=0&coast=1&farms=1&citadel=0&urban_castle=0&hub=0&plaza=0&greens=0&temple=0&walls=0&shantytown=0&style=natural&sea=0.12
207,Drunul,Shola,Shola Earldom,Giruzar,Giruzar Empire,尤顿（巨人）,尤顿（巨人） Druidism,town,12530,7232.47,2271.59,8.35,79.98,529,25°C,Miami (USA),,,,walls,,,,{t1:argent;ordinaries:[{ordinary:saltire;t:azure;line:seaWaves}];charges:[{charge:lute;t:argent;p:e;t2:argent;size:0.7}];shield:culture},https://watabou.github.io/city-generator/?name=Drunul&population=12530&size=34&seed=1234182160207&river=1&coast=0&farms=1&citadel=0&urban_castle=0&hub=0&plaza=0&greens=0&temple=0&walls=1&shantytown=0&style=natural
208,Chiaf,Phax,Phax Department,Engai,Republic of Engai,狗头人（哥布林）,Old Gneabligzism,town,5347,2990.84,2990.24,-17.48,-72.49,36,28°C,Bangkok (Thailand),,,,,,,,{t1:argent;charges:[{charge:crescent;t:purpure;p:kn;size:0.7}];shield:culture},https://watabou.github.io/city-generator/?name=Chiaf&population=5347&size=24&seed=1234182160208&river=0&coast=0&farms=1&citadel=0&urban_castle=0&hub=0&plaza=0&greens=0&temple=0&walls=0&shantytown=0&style=natural
209,Nuron,Onq,Onq County,Brat,Principality of Brat,乌鲁克（兽人）,乌鲁克（兽人） Beliefs,village,1174,3131.99,1944.64,20.1,-67.42,1225,16°C,Dubrovnik (Croatia),,,,,,,,{t1:gules;charges:[{charge:anchor;t:argent;p:abcpqh;size:0.5}];shield:culture},https://watabou.github.io/village-generator/?pop=1174&name=Nuron&seed=1234182160209&width=1400&height=683&style=default&tags=highway%2Cno+square%2Cdense
210,Brazadh,Brazadh,Brazadh Province,Engai,Republic of Engai,乌格卢克（兽人）,乌格卢克（兽人） Forefathers,town,8914,1859.65,1702.82,28.8,-113.15,16,16°C,Dubrovnik (Croatia),,port,,,,,,{t1:sable;charges:[{charge:snake;t:or;p:jln;t2:or;size:0.7}];shield:culture},https://watabou.github.io/city-generator/?name=Brazadh&population=8914&size=30&seed=1234182160210&river=0&coast=1&farms=1&citadel=0&urban_castle=0&hub=0&plaza=0&greens=0&temple=0&walls=0&shantytown=0&style=natural&sea=0.83
211,Fygli,Gneabsil,Gneabsil County,Zrio,Kingdom of Zrio,狗头人（哥布林）,Old Gneabligzism,village,1567,1339.25,3326.03,-29.55,-131.86,9,20°C,Alexandria (Egypt),,,,walls,,,,{t1:ermine-argent-purpure;charges:[{charge:castle;t:gules;p:e;t2:gules;size:1.5}];shield:culture},https://watabou.github.io/village-generator/?pop=1567&name=Fygli&seed=1234182160211&width=1600&height=780&style=default&tags=estuary%2Cdead+end%2Cno+square%2Cpalisade%2Cdense
212,Stroi,Iah,Iah Province,Engai,Republic of Engai,狗头人（哥布林）,Old Gneabligzism,village,913,3450.04,2116.17,13.94,-55.98,36,28°C,Bangkok (Thailand),,port,,,,,,{t1:argent;charges:[{charge:peacockInPride;t:purpure;p:e;t2:purpure;t3:purpure;size:1.5}];shield:culture},https://watabou.github.io/village-generator/?pop=913&name=Stroi&seed=1234182160212&width=1000&height=488&style=default&tags=coast%2Chighway%2Cno+orchards%2Cno+square%2Cdense
213,Bulbruz,Drodh,Drodh Department,Engai,Republic of Engai,乌格卢克（兽人）,乌格卢克（兽人） Forefathers,village,1730,2461.33,1835.14,24.04,-91.52,484,17°C,Lisbon (Portugal),,,citadel,,,,,{t1:argent;charges:[{charge:bow;t:purpure;p:e;size:1.5}];shield:culture},https://watabou.github.io/village-generator/?pop=1730&name=Bulbruz&seed=1234182160213&width=1600&height=780&style=default&tags=highway%2Cno+square%2Cdense
214,Shemlar,Teriar,Teriar Barony,Olerin,Olerin Empire,昆雅（精灵）,昆雅（精灵） Druidism,village,937,6607.54,1365.33,40.93,57.52,400,3°C,Tromsø (Norway),,,,,,,,{t1:azure;charges:[{charge:tower;t:argent;p:e;t2:argent;size:1.5}];shield:culture},https://watabou.github.io/village-generator/?pop=937&name=Shemlar&seed=1234182160214&width=1000&height=488&style=snow&tags=dead+end%2Cno+square%2Cdense
215,Kirguz,Kazdur,Kazdur Earldom,Zrio,Kingdom of Zrio,乌格卢克（兽人）,乌格卢克（兽人） Forefathers,city,18477,1723.54,2765.15,-9.39,-118.05,9,29°C,Niamey (Niger),,,,walls,,,,{t1:argent;division:{division:perFess;t:gules;line:straight};shield:culture},https://watabou.github.io/city-generator/?name=Kirguz&population=18477&size=39&seed=1234182160215&river=1&coast=0&farms=1&citadel=0&urban_castle=0&hub=0&plaza=0&greens=0&temple=0&walls=1&shantytown=0&style=natural
216,Roceanshell,Cloudgia,Cloudgia Landgrave,Vreagab,Kingdom of Vreagab,戴尔（人类）,戴尔（人类） Spirits,town,10531,2647.73,1182.81,47.49,-84.82,36,1°C,Arkhangelsk (Russia),,port,,,,,,{t1:argent;division:{division:perPale;t:vert;line:straight};charges:[{charge:mascle;t:gules;p:p;size:0.7};{charge:crossPotent;t:or;p:q;size:0.7}];shield:culture},https://watabou.github.io/city-generator/?name=Roceanshell&population=10531&size=32&seed=1234182160216&river=1&coast=1&farms=0&citadel=0&urban_castle=0&hub=0&plaza=0&greens=0&temple=0&walls=0&shantytown=0&style=natural
217,Dulfald,Dulfald,Dulfald Land,Tolnarg,Grand Duchy of Tolnarg,尤顿（巨人）,Embergrakecism,village,1454,8305.53,2886.04,-13.73,118.55,2809,11°C,Antwerp (Belgium),,,,,,,,{t1:argent;charges:[{charge:column;t:gules;p:e;size:1.5}];shield:culture},https://watabou.github.io/village-generator/?pop=1454&name=Dulfald&seed=1234182160217&width=1400&height=683&style=default&tags=dead+end%2Cno+square%2Cdense
218,Lefdosa,Sylleluven,Sylleluven Captaincy,Kyathlulil,Kingdom of Kyathlulil,昆雅（精灵）,昆雅（精灵） Druidism,village,930,5765.25,1461.4,37.47,27.24,400,6°C,Stockholm (Sweden),,,,,,,,{t1:fretty-argent-gules;division:{division:perFess;t:sable;line:straight};charges:[{charge:mullet6;t:vert;p:k;size:0.7};{charge:boat;t:or;p:n;size:0.7}];shield:culture},https://watabou.github.io/village-generator/?pop=930&name=Lefdosa&seed=1234182160218&width=1000&height=488&style=default&tags=dead+end%2Cfarmland%2Cno+square%2Cdense
219,Nanar,Froth,Froth County,Solka,Kingdom of Solka,尤顿（巨人）,尤顿（巨人） Druidism,town,4665,8929.6,1472.4,37.08,140.98,36,9°C,Copenhagen (Denmark),,,,,,,,{t1:gules;division:{division:perPale;t:argent;line:dancetty};charges:[{charge:tower;t:or;p:p;t2:or;size:0.7};{charge:drawingCompass;t:gules;p:q;size:0.7}];shield:culture},https://watabou.github.io/city-generator/?name=Nanar&population=4665&size=23&seed=1234182160219&river=0&coast=0&farms=1&citadel=0&urban_castle=0&hub=0&plaza=0&greens=0&temple=0&walls=0&shantytown=0&style=natural
220,Kyathlelie,Hethsalean,Hethsalean County,Kyathlulil,Kingdom of Kyathlulil,昆雅（精灵）,昆雅（精灵） Druidism,village,1184,5838.34,1612.47,32.04,29.87,225,12°C,Paris (France),,,,,,,,{t1:or;charges:[{charge:billet;t:sable;p:def;size:0.5}];shield:culture},https://watabou.github.io/village-generator/?pop=1184&name=Kyathlelie&seed=1234182160220&width=1400&height=683&style=default&tags=highway%2Cno+square%2Cdense
221,Cleargar,Cleargar,Cleargar Earldom,Milstar,Kingdom of Milstar,阿诺（人类）,Embergrakecism,city,13481,6720.1,3427.57,-33.2,61.56,324,14°C,Washington (D.C.),,,,walls,,,,{t1:or;division:{division:perPale;t:vert;line:dragonTeeth};shield:culture},https://watabou.github.io/city-generator/?name=Cleargar&population=13481&size=35&seed=1234182160221&river=0&coast=0&farms=1&citadel=0&urban_castle=0&hub=0&plaza=0&greens=0&temple=0&walls=1&shantytown=0&style=natural
222,Prean,Bratliaq,Bratliaq Department,Engai,Republic of Engai,狗头人（哥布林）,Old Gneabligzism,town,3961,2563.32,2568.31,-2.31,-87.86,169,28°C,Bangkok (Thailand),,port,citadel,,,,,{t1:azure;division:{division:perBend;t:argent;line:wavy};charges:[{charge:dolphin;t:or;p:l;t2:or;size:0.7};{charge:pineTree;t:gules;p:m;size:0.7}];shield:culture},https://watabou.github.io/city-generator/?name=Prean&population=3961&size=22&seed=1234182160222&river=1&coast=1&farms=1&citadel=1&urban_castle=1&hub=0&plaza=0&greens=0&temple=0&walls=0&shantytown=0&style=natural
223,Thult,Fel,Fel Governorate,Engai,Republic of Engai,狗头人（哥布林）,Old Gneabligzism,village,1867,2703.47,3102.59,-21.51,-82.82,121,26°C,Jakarta (Indonesia),,,,,,,,{t1:vert;ordinaries:[{ordinary:chief;t:argent;line:straight}];charges:[{charge:inescutcheon;t:gules;p:abc;size:0.5};{charge:mullet6;t:argent;p:abc;size:0.25}];shield:culture},https://watabou.github.io/village-generator/?pop=1867&name=Thult&seed=1234182160223&width=1600&height=780&style=default&tags=river%2Chighway%2Cno+square%2Cdense
224,Eerindohil,Sylleluven,Sylleluven Captaincy,Kyathlulil,Kingdom of Kyathlulil,昆雅（精灵）,昆雅（精灵） Druidism,village,1672,5623.45,1324.75,42.39,22.14,289,3°C,Tromsø (Norway),,,,,,,,{t1:or;charges:[{charge:helmetGreat;t:azure;p:e;size:1.5}];shield:culture},https://watabou.github.io/village-generator/?pop=1672&name=Eerindohil&seed=1234182160224&width=1600&height=780&style=snow&tags=dead+end%2Cno+square%2Cdense
225,Dradevercht,Shatholuch,Shatholuch County,Tolnarg,Grand Duchy of Tolnarg,阿诺（人类）,Embergrakecism,town,2191,8429.71,3176.32,-24.16,123.02,100,24°C,Dakar (Senegal),,port,,,,,,{t1:barry-or-gules-smallest;division:{division:perFess;t:purpure;line:straight};shield:culture},https://watabou.github.io/city-generator/?name=Dradevercht&population=2191&size=17&seed=1234182160225&river=0&coast=1&farms=0&citadel=0&urban_castle=0&hub=0&plaza=0&greens=0&temple=0&walls=0&shantytown=0&style=natural&sea=1.45
226,Goldyard,Belde,Belde County,Dawnwalia,Principality of Dawnwalia,阿诺（人类）,Embergrakecism,city,19239,7669.17,3484,-35.22,95.68,36,14°C,Washington (D.C.),,,,,,,,{t1:pally-argent-purpure-smaller;division:{division:perPile;t:gules;line:straight};ordinaries:[{ordinary:bar;t:sable;line:straight}];shield:culture},https://watabou.github.io/city-generator/?name=Goldyard&population=19239&size=40&seed=1234182160226&river=0&coast=0&farms=1&citadel=0&urban_castle=0&hub=0&plaza=0&greens=0&temple=0&walls=0&shantytown=0&style=natural
227,Stiosheaf,Swa,Swa County,Brat,Principality of Brat,狗头人（哥布林）,Old Gneabligzism,town,8174,3693.03,1239.66,45.44,-47.25,121,1°C,Arkhangelsk (Russia),,,citadel,,,,,{t1:or;charges:[{charge:caravel;t:azure;p:e;t2:azure;t3:gules;size:1.5}];shield:culture},https://watabou.github.io/city-generator/?name=Stiosheaf&population=8174&size=29&seed=1234182160227&river=1&coast=0&farms=0&citadel=1&urban_castle=0&hub=0&plaza=0&greens=0&temple=0&walls=0&shantytown=0&style=natural
228,Srurd,Srurd,Srurd County,Zrio,Kingdom of Zrio,狗头人（哥布林）,Old Gneabligzism,city,13049,1421.6,3060.67,-20.01,-128.9,4,28°C,Bangkok (Thailand),,port,,walls,,,,{t1:gules;division:{division:perPale;t:argent;line:straight};ordinaries:[{ordinary:orle;t:or}];shield:culture},https://watabou.github.io/city-generator/?name=Srurd&population=13049&size=34&seed=1234182160228&river=1&coast=1&farms=1&citadel=0&urban_castle=0&hub=0&plaza=0&greens=0&temple=0&walls=1&shantytown=0&style=natural&sea=0.93
229,Sigrim,Yudhyrgu,Yudhyrgu County,Giruzar,Giruzar Empire,尤顿（巨人）,Embergrakecism,town,3151,7815.96,2632.36,-4.61,100.95,64,30°C,Khartoum (Sudan),,,,,,,,{t1:sable;charges:[{charge:crescent;t:argent;p:e;size:1.5}];shield:culture},https://watabou.github.io/city-generator/?name=Sigrim&population=3151&size=20&seed=1234182160229&river=0&coast=0&farms=1&citadel=0&urban_castle=0&hub=0&plaza=0&greens=0&temple=0&walls=0&shantytown=0&style=natural
230,Rekx,Iah,Iah Province,Engai,Republic of Engai,狗头人（哥布林）,Old Gneabligzism,town,4587,3382.6,2212.7,10.47,-58.41,49,29°C,Niamey (Niger),,,,,,,,{t1:or;charges:[{charge:crossTriquetra;t:sable;p:e;size:1.5}];shield:culture},https://watabou.github.io/city-generator/?name=Rekx&population=4587&size=23&seed=1234182160230&river=0&coast=0&farms=1&citadel=0&urban_castle=0&hub=0&plaza=0&greens=0&temple=0&walls=0&shantytown=0&style=natural
231,Memfarak,Gahourg,Gahourg County,Solka,Kingdom of Solka,尤顿（巨人）,尤顿（巨人） Druidism,town,6899,8485.48,2120.64,13.78,125.02,625,25°C,Miami (USA),,,,,,,,{t1:sable;ordinaries:[{ordinary:point;t:or}];charges:[{charge:crossCeltic2;t:argent;p:acbdef;size:0.4}];shield:culture},https://watabou.github.io/city-generator/?name=Memfarak&population=6899&size=27&seed=1234182160231&river=0&coast=0&farms=1&citadel=0&urban_castle=0&hub=0&plaza=0&greens=0&temple=0&walls=0&shantytown=0&style=natural
232,Heartval,Grineneld,Grineneld County,Dawnwalia,Principality of Dawnwalia,阿诺（人类）,Embergrakecism,village,904,8124.6,3572.2,-38.39,112.05,324,10°C,London (England),,,,walls,,,,{t1:azure;charges:[{charge:cavalier;t:argent;p:e;t2:argent;t3:argent;size:1.5}];shield:culture},https://watabou.github.io/village-generator/?pop=904&name=Heartval&seed=1234182160232&width=1000&height=488&style=default&tags=dead+end%2Cno+square%2Cpalisade%2Cdense
233,Bryble,Swa,Swa County,Brat,Principality of Brat,狗头人（哥布林）,Old Gneabligzism,town,3415,3706.62,1327.49,42.29,-46.76,100,4°C,Reykjavik (Iceland),,,,,,,,{t1:azure;charges:[{charge:bell;t:or;p:e;t2:or;size:1.5}];shield:culture},https://watabou.github.io/city-generator/?name=Bryble&population=3415&size=21&seed=1234182160233&river=0&coast=0&farms=1&citadel=0&urban_castle=0&hub=0&plaza=0&greens=0&temple=0&walls=0&shantytown=0&style=natural
234,Dhodrer,Ikh-Ug,Ikh-Ug County,Zrio,Kingdom of Zrio,乌格卢克（兽人）,乌格卢克（兽人） Forefathers,town,2567,1448.98,2557.98,-1.94,-127.91,4,30°C,Khartoum (Sudan),,,,,,,,{t1:gules;charges:[{charge:ratRampant;t:or;p:e;t2:or;size:1.5}];shield:culture},https://watabou.github.io/city-generator/?name=Dhodrer&population=2567&size=19&seed=1234182160234&river=0&coast=0&farms=1&citadel=0&urban_castle=0&hub=0&plaza=0&greens=0&temple=0&walls=0&shantytown=0&style=natural
235,Strytliaq,Phax,Phax Department,Engai,Republic of Engai,狗头人（哥布林）,Old Gneabligzism,town,4021,2711.82,2941.23,-15.72,-82.52,81,27°C,Mogadishu (Somalia),,,,,,,,{t1:gules;ordinaries:[{ordinary:cross;t:or;line:dentilly}];charges:[{charge:spiral;t:gules;p:behdf;size:0.3}];shield:culture},https://watabou.github.io/city-generator/?name=Strytliaq&population=4021&size=22&seed=1234182160235&river=1&coast=0&farms=1&citadel=0&urban_castle=0&hub=0&plaza=0&greens=0&temple=0&walls=0&shantytown=0&style=natural
236,Harkin,Somruch,Somruch Earldom,Giruzar,Giruzar Empire,尤顿（巨人）,尤顿（巨人） Druidism,town,3025,7254.93,1796.13,25.44,80.79,441,17°C,Lisbon (Portugal),,,,,,,,{t1:or;charges:[{charge:crossBottony;t:gules;p:e;size:1.5}];shield:culture},https://watabou.github.io/city-generator/?name=Harkin&population=3025&size=20&seed=1234182160236&river=0&coast=0&farms=1&citadel=0&urban_castle=0&hub=0&plaza=0&greens=0&temple=0&walls=0&shantytown=0&style=natural
237,Badab,Mythshele,Mythshele County,Olerin,Olerin Empire,尤顿（巨人）,尤顿（巨人） Druidism,town,5808,6101.69,2178.03,11.72,39.33,256,27°C,Mogadishu (Somalia),,port,,,,,,{t1:azure;ordinaries:[{ordinary:saltireParted;t:argent;line:engrailed}];charges:[{charge:mullet8;t:azure;p:e;size:1.5}];shield:culture},https://watabou.github.io/city-generator/?name=Badab&population=5808&size=25&seed=1234182160237&river=1&coast=1&farms=1&citadel=0&urban_castle=0&hub=0&plaza=0&greens=0&temple=0&walls=0&shantytown=0&style=natural
238,Rhai,Shranqel,Shranqel County,Srach,Grand Duchy of Srach,阿拉戈（蛛形）,Deities of the Amber Cold,town,5544,4939.79,1633.17,31.3,-2.43,9,16°C,Dubrovnik (Croatia),,,,walls,,,,{t1:azure;division:{division:perBendSinister;t:argent;line:straight};charges:[{charge:pique;t:or;p:j;size:0.7};{charge:saw;t:azure;p:o;size:0.7}];shield:culture},https://watabou.github.io/city-generator/?name=Rhai&population=5544&size=25&seed=1234182160238&river=0&coast=0&farms=1&citadel=0&urban_castle=0&hub=0&plaza=0&greens=0&temple=0&walls=1&shantytown=0&style=natural
239,Diernaahx,Wat,Wat Captaincy,Vreagab,Kingdom of Vreagab,狗头人（哥布林）,Old Gneabligzism,city,17115,3246.91,1578.8,33.25,-63.29,64,10°C,London (England),,port,citadel,,,,,{t1:gules;charges:[{charge:anchor;t:or;p:e;size:1.5}];shield:culture},https://watabou.github.io/city-generator/?name=Diernaahx&population=17115&size=38&seed=1234182160239&river=0&coast=1&farms=1&citadel=1&urban_castle=0&hub=0&plaza=0&greens=0&temple=0&walls=0&shantytown=0&style=natural&sea=1.85
240,Srurd,Cielb,Cielb County,Zrio,Kingdom of Zrio,狗头人（哥布林）,Old Gneabligzism,town,5789,2159.14,3055.05,-19.81,-102.39,225,26°C,Jakarta (Indonesia),,,,,,,,{t1:or;charges:[{charge:anchor;t:azure;p:e;size:1.5}];shield:culture},https://watabou.github.io/city-generator/?name=Srurd&population=5789&size=25&seed=1234182160240&river=0&coast=0&farms=1&citadel=0&urban_castle=0&hub=0&plaza=0&greens=0&temple=0&walls=0&shantytown=0&style=natural
241,Diragz,Yudhyrgu,Yudhyrgu County,Giruzar,Giruzar Empire,尤顿（巨人）,Embergrakecism,town,5887,8101.54,2640.46,-4.9,111.22,169,29°C,Niamey (Niger),,port,,,,,,{t1:vert;ordinaries:[{ordinary:quarter;t:argent}];charges:[{charge:boarHeadErased;t:argent;p:e;t2:argent;t3:argent;size:1.5}];shield:culture},https://watabou.github.io/city-generator/?name=Diragz&population=5887&size=25&seed=1234182160241&river=1&coast=1&farms=1&citadel=0&urban_castle=0&hub=1&plaza=0&greens=0&temple=0&walls=0&shantytown=0&style=natural
242,Iozagald,Brem,Brem Earldom,Giruzar,Giruzar Empire,尤顿（巨人）,Embergrakecism,town,5370,7619.11,2890.25,-13.88,93.88,64,29°C,Niamey (Niger),,,,,,,,{t1:or;ordinaries:[{ordinary:canton;t:vert}];charges:[{charge:cancer;t:vert;p:beh;size:0.5;reversed:1}];shield:culture},https://watabou.github.io/city-generator/?name=Iozagald&population=5370&size=24&seed=1234182160242&river=0&coast=0&farms=1&citadel=0&urban_castle=0&hub=0&plaza=0&greens=0&temple=0&walls=0&shantytown=0&style=natural
243,Ovacil,Zel,Zel County,Srach,Grand Duchy of Srach,阿拉戈（蛛形）,Deities of the Amber Cold,village,803,4832.51,1377.71,40.48,-6.29,64,6°C,Stockholm (Sweden),,,,,,,,{t1:gules;charges:[{charge:lionSejant;t:argent;p:jln;t2:argent;t3:argent;size:0.7}];shield:culture},https://watabou.github.io/village-generator/?pop=803&name=Ovacil&seed=1234182160243&width=1000&height=488&style=default&tags=isolated%2Cfarmland%2Cno+square%2Cdense
244,Brimynead,Ynathes,Ynathes Captaincy,Kyathlulil,Kingdom of Kyathlulil,昆雅（精灵）,昆雅（精灵） Druidism,village,1968,5114.8,1484.4,36.65,3.86,9,9°C,Copenhagen (Denmark),,,,,,,,{t1:gules;charges:[{charge:lochaberAxe;t:or;p:e;t2:or;size:1.5}];shield:culture},https://watabou.github.io/village-generator/?pop=1968&name=Brimynead&seed=1234182160244&width=1600&height=780&style=default&tags=dead+end%2Cno+square%2Cdense
245,Industand,Shat,Shat Earldom,Solka,Kingdom of Solka,尤顿（巨人）,尤顿（巨人） Druidism,village,1704,8715.76,1481,36.77,133.3,9,9°C,Copenhagen (Denmark),,,citadel,,,,,{t1:purpure;ordinaries:[{ordinary:chief;t:or;line:straight}];charges:[{charge:horsePassant;t:azure;p:abc;t2:azure;size:0.5}];shield:culture},https://watabou.github.io/village-generator/?pop=1704&name=Industand&seed=1234182160245&width=1600&height=780&style=default&tags=dead+end%2Cno+square%2Cdense
246,Nalor,Reshele,Reshele County,Kyathlulil,Kingdom of Kyathlulil,昆雅（精灵）,昆雅（精灵） Druidism,town,7184,5361.1,1829.05,24.26,12.71,100,19°C,Marrakesh (Morocco),,,,,,,,{t1:or;ordinaries:[{ordinary:gemelle;t:vert;line:straight}];charges:[{charge:fusil;t:vert;p:abc;size:0.5}];shield:culture},https://watabou.github.io/city-generator/?name=Nalor&population=7184&size=27&seed=1234182160246&river=0&coast=0&farms=1&citadel=0&urban_castle=0&hub=0&plaza=0&greens=0&temple=0&walls=0&shantytown=0&style=natural
247,Rekx,Cielb,Cielb County,Zrio,Kingdom of Zrio,狗头人（哥布林）,Old Gneabligzism,town,9418,2241.81,3064.72,-20.15,-99.42,9,27°C,Mogadishu (Somalia),,port,,,,,,{t1:vert;charges:[{charge:anchor;t:argent;p:e;size:1.5}];shield:culture},https://watabou.github.io/city-generator/?name=Rekx&population=9418&size=30&seed=1234182160247&river=1&coast=1&farms=1&citadel=0&urban_castle=0&hub=0&plaza=0&greens=0&temple=0&walls=0&shantytown=0&style=natural
248,Giledhor,Nelkunbu,Nelkunbu County,Shemnaselu,Grand Duchy of Shemnaselu,尤顿（巨人）,尤顿（巨人） Druidism,town,3270,5700.37,2389.98,4.1,24.91,64,30°C,Khartoum (Sudan),,,,,,,,{t1:purpure;charges:[{charge:castle2;t:argent;p:e;t2:argent;t3:argent;size:1.5}];shield:culture},https://watabou.github.io/city-generator/?name=Giledhor&population=3270&size=20&seed=1234182160248&river=0&coast=0&farms=1&citadel=0&urban_castle=0&hub=0&plaza=0&greens=0&temple=0&walls=0&shantytown=0&style=natural
249,Froth,Froth,Froth County,Solka,Kingdom of Solka,尤顿（巨人）,尤顿（巨人） Druidism,city,14545,8961.14,1605.66,32.29,142.12,49,13°C,Milan (Italy),,,,walls,,,,{t1:gules;ordinaries:[{ordinary:bordure;t:argent}];charges:[{charge:sun;t:azure;p:ABCDEFGHIJKL;size:0.18};{charge:cavalier;t:argent;p:e;size:1.1}];shield:culture},https://watabou.github.io/city-generator/?name=Froth&population=14545&size=36&seed=1234182160249&river=0&coast=0&farms=1&citadel=0&urban_castle=0&hub=0&plaza=0&greens=0&temple=0&walls=1&shantytown=0&style=natural
250,Bres,Phax,Phax Department,Engai,Republic of Engai,狗头人（哥布林）,Old Gneabligzism,town,3441,2553.8,3411.2,-32.61,-88.2,9,18°C,Barcelona (Spain),,,,,,,,{t1:purpure;charges:[{charge:triangle;t:or;p:acegi;size:0.4}];shield:culture},https://watabou.github.io/city-generator/?name=Bres&population=3441&size=21&seed=1234182160250&river=0&coast=0&farms=1&citadel=0&urban_castle=0&hub=0&plaza=0&greens=0&temple=0&walls=0&shantytown=0&style=natural
251,Ithelhanil,Thalya,Thalya County,Olerin,Olerin Empire,昆雅（精灵）,昆雅（精灵） Druidism,town,7063,6253.58,1361.83,41.05,44.79,225,4°C,Reykjavik (Iceland),,,,,,,,{t1:chainy-argent-vert;ordinaries:[{ordinary:saltireParted;t:gules;line:straight}];charges:[{charge:inescutcheon;t:argent;p:e;size:1.5};{charge:triangle;t:sable;p:e;size:0.75}];shield:culture},https://watabou.github.io/city-generator/?name=Ithelhanil&population=7063&size=27&seed=1234182160251&river=1&coast=0&farms=1&citadel=0&urban_castle=0&hub=0&plaza=0&greens=0&temple=0&walls=0&shantytown=0&style=natural
252,Blix,Gneabsil,Gneabsil County,Zrio,Kingdom of Zrio,狗头人（哥布林）,Old Gneabligzism,town,3259,1438.32,3455.21,-34.19,-128.3,16,17°C,Lisbon (Portugal),,port,,walls,,,,{t1:or;charges:[{charge:garb;t:or;p:def;t2:or;size:0.5}];shield:culture},https://watabou.github.io/city-generator/?name=Blix&population=3259&size=20&seed=1234182160252&river=1&coast=1&farms=0&citadel=0&urban_castle=0&hub=0&plaza=0&greens=0&temple=0&walls=1&shantytown=0&style=natural&sea=0.96
253,Enis,Gasinx,Gasinx County,Brat,Principality of Brat,狗头人（哥布林）,Old Gneabligzism,town,8296,3565.47,1835.78,24.02,-51.84,100,19°C,Marrakesh (Morocco),,,,,,,,{t1:purpure;division:{division:perCross;t:or;line:straight};charges:[{charge:archer;t:argent;p:jo;t2:argent;t3:argent;divided:counter;size:0.7}];shield:culture},https://watabou.github.io/city-generator/?name=Enis&population=8296&size=29&seed=1234182160253&river=0&coast=0&farms=1&citadel=0&urban_castle=0&hub=1&plaza=0&greens=0&temple=0&walls=0&shantytown=0&style=natural
254,Vorgungord,Mernaram,Mernaram County,Milstar,Kingdom of Milstar,尤顿（巨人）,尤顿（巨人） Druidism,town,3599,6779.67,2765.43,-9.4,63.7,441,25°C,Miami (USA),,,,,,,,{t1:sable;ordinaries:[{ordinary:pileInBend;t:or}];charges:[{charge:grenade;t:purpure;p:e;t2:purpure;size:0.5}];shield:culture},https://watabou.github.io/city-generator/?name=Vorgungord&population=3599&size=21&seed=1234182160254&river=1&coast=0&farms=1&citadel=0&urban_castle=0&hub=0&plaza=0&greens=0&temple=0&walls=0&shantytown=0&style=natural
255,Timyrang,Timyrang,Timyrang Earldom,Olerin,Olerin Empire,昆雅（精灵）,昆雅（精灵） Druidism,city,15375,6084.34,1528.77,35.05,38.71,625,6°C,Stockholm (Sweden),,,,walls,,,,{t1:chainy-argent-vert;charges:[{charge:maces;t:gules;p:e;t2:purpure;size:1.5}];shield:culture},https://watabou.github.io/city-generator/?name=Timyrang&population=15375&size=36&seed=1234182160255&river=0&coast=0&farms=1&citadel=0&urban_castle=0&hub=0&plaza=0&greens=0&temple=0&walls=1&shantytown=0&style=natural
256,Gorthiz,Shathabun,Shathabun Territory,Olerin,Olerin Empire,尤顿（巨人）,尤顿（巨人） Druidism,village,1190,6036.09,2422.97,2.91,36.97,324,28°C,Bangkok (Thailand),,,,,,,,{t1:argent;ordinaries:[{ordinary:fessDoubleCotissed;t:sable;line:straight}];charges:[{charge:annulet;t:purpure;p:e;size:1.5}];shield:culture},https://watabou.github.io/village-generator/?pop=1190&name=Gorthiz&seed=1234182160256&width=1400&height=683&style=default&tags=highway%2Cno+square%2Cdense
257,Vrobrokh,Gurmurd,Gurmurd Captaincy,Vreagab,Kingdom of Vreagab,乌格卢克（兽人）,乌格卢克（兽人） Forefathers,town,6517,2633.8,1766.93,26.49,-85.33,400,14°C,Washington (D.C.),,,,,,,,{t1:sable;ordinaries:[{ordinary:chevron;t:argent}];shield:culture},https://watabou.github.io/city-generator/?name=Vrobrokh&population=6517&size=26&seed=1234182160257&river=0&coast=0&farms=1&citadel=0&urban_castle=0&hub=0&plaza=0&greens=0&temple=0&walls=0&shantytown=0&style=natural
258,Autumn,Gloomhorn,Gloomhorn County,Dawnwalia,Principality of Dawnwalia,阿诺（人类）,阿诺（人类） Totems,village,866,7925.97,3993.65,-53.54,104.91,25,0°C,Murmansk (Russia),,,,,,,,{t1:or;charges:[{charge:shears;t:azure;p:e;size:1.5}];shield:culture},https://watabou.github.io/village-generator/?pop=866&name=Autumn&seed=1234182160258&width=1000&height=488&style=snow&tags=isolated%2Cuncultivated%2Cno+orchards%2Cno+square%2Cdense
259,Throt,Tolnarg,Tolnarg County,Tolnarg,Grand Duchy of Tolnarg,尤顿（巨人）,尤顿（巨人） Druidism,town,3286,9000.37,2937.26,-15.57,143.53,81,27°C,Mogadishu (Somalia),,,,walls,,,,{t1:pappellony-vert-argent;charges:[{charge:anchor;t:argent;p:e;size:1.5}];shield:culture},https://watabou.github.io/city-generator/?name=Throt&population=3286&size=20&seed=1234182160259&river=0&coast=0&farms=0&citadel=0&urban_castle=0&hub=0&plaza=0&greens=0&temple=0&walls=1&shantytown=0&style=natural
260,Morbrez,Bratliaq,Bratliaq Department,Engai,Republic of Engai,乌鲁克（兽人）,乌鲁克（兽人） Beliefs,village,927,2814.74,2306.27,7.11,-78.82,1156,21°C,Tegucigalpa (Honduras),,,,,,,,{t1:azure;charges:[{charge:mascle;t:argent;p:joe;size:0.5}];shield:culture},https://watabou.github.io/village-generator/?pop=927&name=Morbrez&seed=1234182160260&width=1000&height=488&style=default&tags=river%2Chighway%2Cno+square%2Cdense
261,Stuiklig,Qosx,Qosx Governorate,Engai,Republic of Engai,狗头人（哥布林）,Old Gneabligzism,town,7862,2298.39,3224.3,-25.89,-97.38,169,22°C,Guangzhou (China),,port,,,,,,{t1:gules;charges:[{charge:dragonPassant;t:argent;p:e;t2:argent;t3:argent;size:1.5}];shield:culture},https://watabou.github.io/city-generator/?name=Stuiklig&population=7862&size=28&seed=1234182160261&river=0&coast=1&farms=1&citadel=0&urban_castle=0&hub=0&plaza=0&greens=0&temple=0&walls=0&shantytown=0&style=natural&sea=0.85
262,Amhand,Madham,Madham Landgrave,Dawnwalia,Principality of Dawnwalia,阿诺（人类）,Embergrakecism,city,15245,7567.13,3431.3,-33.33,92.01,144,16°C,Dubrovnik (Croatia),,,,,,,,{t1:or;charges:[{charge:spiral;t:purpure;p:e;size:1.5;sinister:1}];shield:culture},https://watabou.github.io/city-generator/?name=Amhand&population=15245&size=36&seed=1234182160262&river=0&coast=0&farms=1&citadel=0&urban_castle=0&hub=0&plaza=0&greens=0&temple=0&walls=0&shantytown=0&style=natural
263,Krigh,Krigh,Krigh County,Zrio,Kingdom of Zrio,乌格卢克（兽人）,乌格卢克（兽人） Forefathers,town,8730,1704.87,2843.83,-12.21,-118.72,16,29°C,Niamey (Niger),,port,citadel,,,,,{t1:vert;charges:[{charge:heart;t:argent;p:jlh;size:0.7}];shield:culture},https://watabou.github.io/city-generator/?name=Krigh&population=8730&size=29&seed=1234182160263&river=0&coast=1&farms=1&citadel=1&urban_castle=0&hub=0&plaza=0&greens=0&temple=0&walls=0&shantytown=0&style=natural&sea=1.74
264,Yethlon,Ynathes,Ynathes Captaincy,Kyathlulil,Kingdom of Kyathlulil,昆雅（精灵）,昆雅（精灵） Druidism,town,6955,5385.98,1364.7,40.95,13.6,100,5°C,Harbin (China),,,,,,,,{t1:or;charges:[{charge:billet;t:vert;p:e;size:1.5}];shield:culture},https://watabou.github.io/city-generator/?name=Yethlon&population=6955&size=27&seed=1234182160264&river=1&coast=0&farms=1&citadel=0&urban_castle=0&hub=0&plaza=0&greens=0&temple=0&walls=0&shantytown=0&style=natural
265,Mooseguard,Dewden,Dewden Earldom,Milstar,Kingdom of Milstar,阿诺（人类）,阿诺（人类） Totems,town,6494,6791,3760.76,-45.17,64.11,36,6°C,Stockholm (Sweden),,,,walls,,,,{t1:vert;division:{division:perFess;t:argent;line:invecked};charges:[{charge:crossGamma;t:or;p:k;size:0.7};{charge:angel;t:azure;p:n;size:0.7}];shield:culture},https://watabou.github.io/city-generator/?name=Mooseguard&population=6494&size=26&seed=1234182160265&river=0&coast=0&farms=1&citadel=0&urban_castle=0&hub=0&plaza=0&greens=0&temple=0&walls=1&shantytown=0&style=natural
266,Pirehelm,Hound,Hound Captaincy,Dawnwalia,Principality of Dawnwalia,阿诺（人类）,Embergrakecism,town,5068,7658.08,2990.84,-17.5,95.28,64,28°C,Bangkok (Thailand),,,,,,,,{t1:argent;charges:[{charge:cossack;t:sable;p:e;t2:sable;t3:sable;size:1.5}];shield:culture},https://watabou.github.io/city-generator/?name=Pirehelm&population=5068&size=24&seed=1234182160266&river=0&coast=0&farms=1&citadel=0&urban_castle=0&hub=0&plaza=0&greens=0&temple=0&walls=0&shantytown=0&style=natural
267,Allarineri,Adhelumye,Adhelumye County,Kyathlulil,Kingdom of Kyathlulil,昆雅（精灵）,昆雅（精灵） Druidism,town,4112,5825.07,1729.08,27.85,29.39,196,16°C,Dubrovnik (Croatia),,,,,,,,{t1:sable;ordinaries:[{ordinary:bendSinister;t:argent;line:straight}];charges:[{charge:billet;t:gules;p:lem;size:0.5}];shield:culture},https://watabou.github.io/city-generator/?name=Allarineri&population=4112&size=22&seed=1234182160267&river=0&coast=0&farms=1&citadel=0&urban_castle=0&hub=0&plaza=0&greens=0&temple=0&walls=0&shantytown=0&style=natural
268,Gobruing,Qosx,Qosx Governorate,Engai,Republic of Engai,狗头人（哥布林）,Old Gneabligzism,town,2311,2422,3323.2,-29.44,-92.94,49,20°C,Alexandria (Egypt),,,,,,,,{t1:purpure;division:{division:perBendSinister;t:or;line:engrailed};charges:[{charge:stirrup;t:argent;p:jo;t2:argent;size:0.7}];shield:culture},https://watabou.github.io/city-generator/?name=Gobruing&population=2311&size=18&seed=1234182160268&river=0&coast=0&farms=1&citadel=0&urban_castle=0&hub=0&plaza=0&greens=0&temple=0&walls=0&shantytown=0&style=natural
269,Ibagh,Ulm,Ulm Landgrave,Vreagab,Kingdom of Vreagab,乌格卢克（兽人）,乌格卢克（兽人） Forefathers,village,1388,2754.52,1808.04,25.01,-80.99,576,16°C,Dubrovnik (Croatia),,,,,,,,{t1:argent;ordinaries:[{ordinary:pale;t:sable;line:straight}];charges:[{charge:key;t:azure;p:y;size:0.5}];shield:culture},https://watabou.github.io/village-generator/?pop=1388&name=Ibagh&seed=1234182160269&width=1400&height=683&style=default&tags=dead+end%2Cno+square%2Cdense
270,Vazogh,Ikh-Ug,Ikh-Ug County,Zrio,Kingdom of Zrio,乌格卢克（兽人）,乌格卢克（兽人） Forefathers,village,1889,1555.02,2743.11,-8.59,-124.1,4,29°C,Niamey (Niger),,port,,,,,,{t1:purpure;ordinaries:[{ordinary:chevron;t:or}];charges:[{charge:armillarySphere;t:argent;p:e;size:1.5}];shield:culture},https://watabou.github.io/village-generator/?pop=1889&name=Vazogh&seed=1234182160270&width=1600&height=780&style=default&tags=coast%2Chighway%2Cno+orchards%2Cno+square%2Cdense
271,Honk,Brat,Brat County,Brat,Principality of Brat,狗头人（哥布林）,Old Gneabligzism,town,6307,3819.25,1684.58,29.45,-42.71,100,15°C,Rome (Italy),,,,,,,,{t1:gules;division:{division:perCross;t:argent;line:straight};charges:[{charge:cowHorns;t:or;p:j;size:0.6};{charge:eagle;t:sable;p:l;size:0.6};{charge:gear;t:sable;p:m;size:0.6};{charge:gauntlet;t:argent;p:o;size:0.6}];shield:culture},https://watabou.github.io/city-generator/?name=Honk&population=6307&size=26&seed=1234182160271&river=0&coast=0&farms=1&citadel=0&urban_castle=0&hub=0&plaza=0&greens=0&temple=0&walls=0&shantytown=0&style=natural
272,Klilm,Bratliaq,Bratliaq Department,Engai,Republic of Engai,狗头人（哥布林）,Old Gneabligzism,town,3529,3020.52,2241.82,9.42,-71.42,169,28°C,Bangkok (Thailand),,port,,,,,,{t1:argent;charges:[{charge:lymphad;t:vert;p:e;t2:vert;t3:purpure;size:1.5}];shield:culture},https://watabou.github.io/city-generator/?name=Klilm&population=3529&size=21&seed=1234182160272&river=1&coast=1&farms=1&citadel=0&urban_castle=0&hub=0&plaza=0&greens=0&temple=0&walls=0&shantytown=0&style=natural
273,Stroi,Srurd,Srurd County,Zrio,Kingdom of Zrio,狗头人（哥布林）,Old Gneabligzism,town,6539,1421,3151.38,-23.27,-128.92,36,25°C,Miami (USA),,,,,,,,{t1:or;charges:[{charge:crescent;t:azure;p:e;size:1.5}];shield:culture},https://watabou.github.io/city-generator/?name=Stroi&population=6539&size=26&seed=1234182160273&river=0&coast=0&farms=1&citadel=0&urban_castle=0&hub=0&plaza=0&greens=0&temple=0&walls=0&shantytown=0&style=natural
274,Shayangorvan,Chulankia,Chulankia Department,Engai,Republic of Engai,杜兰迪尔（人类）,杜兰迪尔（人类） Beliefs,village,989,4009.68,3764.86,-45.32,-35.87,9,6°C,Stockholm (Sweden),,,,,,,,{t1:argent;ordinaries:[{ordinary:gyron;t:purpure}];charges:[{charge:scissors;t:gules;p:bh;size:0.5}];shield:culture},https://watabou.github.io/village-generator/?pop=989&name=Shayangorvan&seed=1234182160274&width=1000&height=488&style=default&tags=dead+end%2Cno+square%2Cdense
275,Vorkilake,Vorkilake,Vorkilake County,Giruzar,Giruzar Empire,尤顿（巨人）,尤顿（巨人） Druidism,town,9722,7819.71,1833.28,24.11,101.09,121,19°C,Marrakesh (Morocco),,,,,,,,{t1:argent;charges:[{charge:key;t:azure;p:e;size:1.5}];shield:culture},https://watabou.github.io/city-generator/?name=Vorkilake&population=9722&size=31&seed=1234182160275&river=1&coast=0&farms=1&citadel=0&urban_castle=0&hub=0&plaza=0&greens=0&temple=0&walls=0&shantytown=0&style=natural
276,Taxilaxai,Slukex,Slukex County,Brat,Principality of Brat,狗头人（哥布林）,Old Gneabligzism,village,1458,3201.34,2031.26,16.99,-64.92,225,25°C,Miami (USA),,,,walls,,,,{t1:argent;charges:[{charge:pincers;t:gules;p:e;size:1.5}];shield:culture},https://watabou.github.io/village-generator/?pop=1458&name=Taxilaxai&seed=1234182160276&width=1400&height=683&style=default&tags=highway%2Cfarmland%2Cno+square%2Cpalisade%2Cdense
277,Inheraddam,Narnelka,Narnelka County,Digez,Digezan League,尤顿（巨人）,尤顿（巨人） Druidism,village,826,8895.25,2340.62,5.87,139.75,49,30°C,Khartoum (Sudan),,port,,,,,,{t1:azure;charges:[{charge:crossSantiago;t:argent;p:e;size:1.5}];shield:culture},https://watabou.github.io/village-generator/?pop=826&name=Inheraddam&seed=1234182160277&width=1000&height=488&style=default&tags=estuary%2Chighway%2Cuncultivated%2Cno+orchards%2Cno+square%2Cdense
278,Nuldondhe,Beornel,Beornel County,Giruzar,Giruzar Empire,尤顿（巨人）,尤顿（巨人） Druidism,village,1589,7123.21,2180.57,11.62,76.05,900,23°C,Rio de Janeiro (Brazil),,,,,,,,{t1:sable;division:{division:perBendSinister;t:argent;line:dancetty};shield:culture},https://watabou.github.io/village-generator/?pop=1589&name=Nuldondhe&seed=1234182160278&width=1600&height=780&style=default&tags=highway%2Cno+square%2Cdense
279,Chazdus,Yudhyrgu,Yudhyrgu County,Giruzar,Giruzar Empire,尤顿（巨人）,Embergrakecism,city,16977,8087.91,2554.01,-1.8,110.73,169,29°C,Niamey (Niger),,,citadel,,,,,{t1:azure;division:{division:perPale;t:or;line:straight};ordinaries:[{ordinary:pale;t:argent;line:straight}];charges:[{charge:apple;t:azure;p:kn;t2:azure;size:0.7}];shield:culture},https://watabou.github.io/city-generator/?name=Chazdus&population=16977&size=38&seed=1234182160279&river=1&coast=0&farms=1&citadel=1&urban_castle=0&hub=0&plaza=0&greens=0&temple=0&walls=0&shantytown=0&style=natural
280,Veekz,Swa,Swa County,Brat,Principality of Brat,狗头人（哥布林）,Old Gneabligzism,city,14120,3630.04,1532.59,34.91,-49.51,121,9°C,Copenhagen (Denmark),,,,,,,,{t1:purpure;charges:[{charge:crossPattee;t:argent;p:e;size:1.5}];shield:culture},https://watabou.github.io/city-generator/?name=Veekz&population=14120&size=35&seed=1234182160280&river=0&coast=0&farms=1&citadel=0&urban_castle=0&hub=0&plaza=0&greens=0&temple=0&walls=0&shantytown=0&style=natural
281,Buyagh,Gasinx,Gasinx County,Brat,Principality of Brat,狗头人（哥布林）,Old Gneabligzism,town,6120,3528,1826.6,24.35,-53.18,81,19°C,Marrakesh (Morocco),,,,,,,,{t1:argent;charges:[{charge:pike;t:gules;p:jln;t2:gules;size:0.7}];shield:culture},https://watabou.github.io/city-generator/?name=Buyagh&population=6120&size=26&seed=1234182160281&river=1&coast=0&farms=1&citadel=0&urban_castle=0&hub=0&plaza=0&greens=0&temple=0&walls=0&shantytown=0&style=natural
282,Gaxirdeek,Ulm,Ulm Landgrave,Vreagab,Kingdom of Vreagab,狗头人（哥布林）,Old Gneabligzism,village,1453,3021.45,1760.4,26.73,-71.39,289,15°C,Rome (Italy),,,,,,,,{t1:argent;charges:[{charge:crossedBones;t:sable;p:def;size:0.5}];shield:culture},https://watabou.github.io/village-generator/?pop=1453&name=Gaxirdeek&seed=1234182160282&width=1400&height=683&style=default&tags=dead+end%2Cno+square%2Cdense
283,Paas,Stryt,Stryt Governorate,Biok,Republic of Biok,狗头人（哥布林）,Old Gneabligzism,town,5143,4238.6,2127.3,13.54,-27.64,4,28°C,Bangkok (Thailand),,,citadel,,,,,{t1:gules;ordinaries:[{ordinary:pall;t:argent}];charges:[{charge:key;t:gules;p:jleh;size:0.5}];shield:culture},https://watabou.github.io/city-generator/?name=Paas&population=5143&size=24&seed=1234182160283&river=0&coast=0&farms=1&citadel=1&urban_castle=0&hub=0&plaza=0&greens=0&temple=0&walls=0&shantytown=0&style=natural
284,Enorgor,Olulilne,Olulilne Prefecture,Yethmel,Republic of Yethmel,昆雅（精灵）,昆雅（精灵） Druidism,village,1495,7990.75,1436.17,38.38,107.24,16,9°C,Copenhagen (Denmark),,,,walls,,,,{t1:azure;charges:[{charge:lanceWithBanner;t:or;p:e;t2:or;t3:or;size:1.5}];shield:culture},https://watabou.github.io/village-generator/?pop=1495&name=Enorgor&seed=1234182160284&width=1400&height=683&style=default&tags=highway%2Cno+square%2Cpalisade%2Cdense
285,Syllalinbel,Ishlon,Ishlon Province,Yethmel,Republic of Yethmel,昆雅（精灵）,昆雅（精灵） Druidism,town,3418,8353.7,1510.5,35.71,120.28,4,9°C,Copenhagen (Denmark),,,,,,,,{t1:bendy-argent-azure;ordinaries:[{ordinary:fessDoubleCotissed;t:purpure;line:straight}];shield:culture},https://watabou.github.io/city-generator/?name=Syllalinbel&population=3418&size=21&seed=1234182160285&river=0&coast=0&farms=1&citadel=0&urban_castle=0&hub=0&plaza=0&greens=0&temple=0&walls=0&shantytown=0&style=natural
286,Nel-Chol,Nel-Chol,Nel-Chol Territory,Grur,Gruran Marches,乌鲁克（兽人）,乌鲁克（兽人） Beliefs,village,1131,2853.02,2238.68,9.54,-77.45,1936,15°C,Rome (Italy),,,,,,,,{t1:gules;division:{division:perPale;t:argent;line:wavy};charges:[{charge:goat;t:or;p:p;t2:or;t3:or;size:0.7};{charge:frog;t:azure;p:q;size:0.7}];shield:culture},https://watabou.github.io/village-generator/?pop=1131&name=Nel-Chol&seed=1234182160286&width=1400&height=683&style=default&tags=highway%2Cno+square%2Cdense
287,Yorilde,Nelkunbu,Nelkunbu County,Shemnaselu,Grand Duchy of Shemnaselu,尤顿（巨人）,尤顿（巨人） Druidism,village,1399,5699.45,2203.13,10.81,24.87,36,29°C,Niamey (Niger),,port,citadel,,,,,{t1:argent;charges:[{charge:sagittarius;t:azure;p:e;t2:azure;t3:azure;size:1.5}];shield:culture},https://watabou.github.io/village-generator/?pop=1399&name=Yorilde&seed=1234182160287&width=1400&height=683&style=default&tags=coast%2Chighway%2Cfarmland%2Cno+orchards%2Cno+square%2Cdense
288,Zrard,Kuzg,Kuzg County,Zrio,Kingdom of Zrio,乌格卢克（兽人）,乌格卢克（兽人） Forefathers,town,10979,1836.92,2360.19,5.17,-113.97,256,28°C,Bangkok (Thailand),,,,walls,,,,{t1:bendy-gules-argent;division:{division:perPale;t:or;line:straight};ordinaries:[{ordinary:fess;t:purpure;line:straight}];shield:culture},https://watabou.github.io/city-generator/?name=Zrard&population=10979&size=32&seed=1234182160288&river=0&coast=0&farms=1&citadel=0&urban_castle=0&hub=0&plaza=0&greens=0&temple=0&walls=1&shantytown=0&style=natural
289,Kolamunz,Yudhyrgu,Yudhyrgu County,Giruzar,Giruzar Empire,尤顿（巨人）,Embergrakecism,town,7459,7785.91,2787.05,-10.17,99.87,64,29°C,Niamey (Niger),,,,,,,,{t1:gules;ordinaries:[{ordinary:bendSinister;t:or;line:indented}];charges:[{charge:feather;t:gules;p:lem;size:0.5}];shield:culture},https://watabou.github.io/city-generator/?name=Kolamunz&population=7459&size=28&seed=1234182160289&river=0&coast=0&farms=1&citadel=0&urban_castle=0&hub=1&plaza=0&greens=0&temple=0&walls=0&shantytown=0&style=natural
290,Szils,Nisierhod,Nisierhod County,Srach,Grand Duchy of Srach,阿拉戈（蛛形）,Deities of the Amber Cold,village,1684,5027.87,1194.3,47.07,0.73,9,2°C,Anchorage (Alaska),,port,,,,,,{t1:argent;charges:[{charge:lionSejant;t:sable;p:jln;t2:sable;t3:sable;size:0.7}];shield:culture},https://watabou.github.io/village-generator/?pop=1684&name=Szils&seed=1234182160290&width=1600&height=780&style=snow&tags=estuary%2Chighway%2Cuncultivated%2Cno+square%2Cdense
291,Swampmawden,Draledaven,Draledaven Department,Engai,Republic of Engai,戴尔（人类）,戴尔（人类） Spirits,village,1155,2006.96,1591.64,32.79,-107.86,36,13°C,Milan (Italy),,,,walls,,,,{t1:masoned-gules-argent;ordinaries:[{ordinary:bordure;t:or}];shield:culture},https://watabou.github.io/village-generator/?pop=1155&name=Swampmawden&seed=1234182160291&width=1400&height=683&style=default&tags=highway%2Cno+square%2Cpalisade%2Cdense
292,Gheg,Draledaven,Draledaven Department,Engai,Republic of Engai,乌格卢克（兽人）,乌格卢克（兽人） Forefathers,town,3860,1879.02,1612.07,32.06,-112.46,4,13°C,Milan (Italy),,,,,,,,{t1:purpure;division:{division:perPile;t:argent;line:straight};charges:[{charge:dragonRampant;t:or;p:be;t2:or;t3:or;divided:counter;size:0.5}];shield:culture},https://watabou.github.io/city-generator/?name=Gheg&population=3860&size=22&seed=1234182160292&river=0&coast=0&farms=1&citadel=0&urban_castle=0&hub=0&plaza=0&greens=0&temple=0&walls=0&shantytown=0&style=natural
293,Freyspell,Cleargar,Cleargar Earldom,Milstar,Kingdom of Milstar,阿诺（人类）,Embergrakecism,town,2215,6920.04,3523.54,-36.64,68.75,225,13°C,Milan (Italy),,,,,,,,{t1:argent;ordinaries:[{ordinary:chief;t:azure;line:arched}];charges:[{charge:pillar;t:argent;p:abc;size:0.5}];shield:culture},https://watabou.github.io/city-generator/?name=Freyspell&population=2215&size=18&seed=1234182160293&river=0&coast=0&farms=1&citadel=0&urban_castle=0&hub=0&plaza=0&greens=0&temple=0&walls=0&shantytown=0&style=natural
294,Ganeya,Ganeya,Ganeya County,Tolnarg,Grand Duchy of Tolnarg,尤顿（巨人）,Embergrakecism,town,8671,8456.26,2739.34,-8.46,123.97,900,22°C,Guangzhou (China),,,citadel,,,,,{t1:sable;charges:[{charge:archer;t:or;p:e;t2:or;t3:or;size:1.5}];shield:culture},https://watabou.github.io/city-generator/?name=Ganeya&population=8671&size=29&seed=1234182160294&river=1&coast=0&farms=1&citadel=1&urban_castle=1&hub=0&plaza=0&greens=0&temple=0&walls=0&shantytown=0&style=natural
295,Kinuguk,Kinuguk,Kinuguk County,Milstar,Kingdom of Milstar,尤顿（巨人）,Embergrakecism,town,11249,6982.71,2769.08,-9.53,71,784,24°C,Dakar (Senegal),,,,walls,plaza,,,{t1:bendySinister-argent-azure;charges:[{charge:maces;t:vert;p:e;t2:vert;size:1.5}];shield:culture},https://watabou.github.io/city-generator/?name=Kinuguk&population=11249&size=32&seed=1234182160295&river=0&coast=0&farms=1&citadel=0&urban_castle=0&hub=0&plaza=1&greens=1&temple=0&walls=1&shantytown=0&style=natural
296,Mosshellse,Griron,Griron Shire,Dawnwalia,Principality of Dawnwalia,阿诺（人类）,Embergrakecism,town,5555,7999.1,3530.34,-36.89,107.54,64,14°C,Washington (D.C.),,port,,,,,,{t1:purpure;charges:[{charge:hand;t:or;p:jln;size:0.7}];shield:culture},https://watabou.github.io/city-generator/?name=Mosshellse&population=5555&size=25&seed=1234182160296&river=1&coast=1&farms=1&citadel=0&urban_castle=0&hub=1&plaza=0&greens=0&temple=0&walls=0&shantytown=0&style=natural&sea=1.47
297,Slof,Swa,Swa County,Brat,Principality of Brat,狗头人（哥布林）,Old Gneabligzism,village,1104,3545.36,1360.84,41.09,-52.56,100,5°C,Harbin (China),,,citadel,,,,,{t1:azure;charges:[{charge:portcullis;t:argent;p:e;t2:or;size:1.5}];shield:culture},https://watabou.github.io/village-generator/?pop=1104&name=Slof&seed=1234182160297&width=1400&height=683&style=snow&tags=river%2Chighway%2Cfarmland%2Cno+square%2Cdense
298,Ginez,Somruch,Somruch Earldom,Giruzar,Giruzar Empire,尤顿（巨人）,尤顿（巨人） Druidism,town,5773,6964.67,2149.93,12.73,70.35,1089,21°C,Tegucigalpa (Honduras),,,,,,,,{t1:or;division:{division:perBend;t:azure;line:indented};charges:[{charge:pillar;t:sable;p:l;size:0.7};{charge:spear;t:argent;p:m;size:0.7}];shield:culture},https://watabou.github.io/city-generator/?name=Ginez&population=5773&size=25&seed=1234182160298&river=0&coast=0&farms=1&citadel=0&urban_castle=0&hub=0&plaza=0&greens=0&temple=0&walls=0&shantytown=0&style=natural
299,Earthbreak,Gloomhorn,Gloomhorn County,Dawnwalia,Principality of Dawnwalia,阿诺（人类）,Embergrakecism,town,3035,8129.54,3699.15,-42.96,112.23,16,8°C,Prague (Czechia),,port,,walls,,,,{t1:sable;division:{division:perCross;t:argent;line:straight};charges:[{charge:goutte;t:or;p:jl;divided:counter;size:0.7}];shield:culture},https://watabou.github.io/city-generator/?name=Earthbreak&population=3035&size=20&seed=1234182160299&river=0&coast=1&farms=1&citadel=0&urban_castle=0&hub=0&plaza=0&greens=0&temple=0&walls=1&shantytown=0&style=natural&sea=1.99
300,Jorgundus,Ishlon,Ishlon Province,Yethmel,Republic of Yethmel,尤顿（巨人）,尤顿（巨人） Druidism,village,850,8033.27,1640.77,31.03,108.76,81,15°C,Rome (Italy),,,,,,,,{t1:or;ordinaries:[{ordinary:bendlet;t:azure;line:straight}];charges:[{charge:hatchet;t:argent;p:joe;t2:argent;size:0.3}];shield:culture},https://watabou.github.io/village-generator/?pop=850&name=Jorgundus&seed=1234182160300&width=1000&height=488&style=default&tags=highway%2Cuncultivated%2Cno+square%2Cdense
301,Szorzur,Thalya,Thalya County,Olerin,Olerin Empire,阿拉戈（蛛形）,Deities of the Amber Cold,town,4563,6342.83,1147.84,48.74,48,196,0°C,Murmansk (Russia),,,citadel,,,,,{t1:azure;charges:[{charge:lizard;t:argent;p:jlh;size:0.7}];shield:culture},https://watabou.github.io/city-generator/?name=Szorzur&population=4563&size=23&seed=1234182160301&river=0&coast=0&farms=0&citadel=1&urban_castle=0&hub=0&plaza=0&greens=0&temple=0&walls=0&shantytown=0&style=natural
302,Gomti,Somruch,Somruch Earldom,Giruzar,Giruzar Empire,尤顿（巨人）,尤顿（巨人） Druidism,town,4040,7184.18,1810.29,24.93,78.24,289,17°C,Lisbon (Portugal),,,,,,,,{t1:sable;ordinaries:[{ordinary:fessDoubleCotissed;t:argent;line:straight}];shield:culture},https://watabou.github.io/city-generator/?name=Gomti&population=4040&size=22&seed=1234182160302&river=1&coast=0&farms=1&citadel=0&urban_castle=0&hub=0&plaza=0&greens=0&temple=0&walls=0&shantytown=0&style=natural
303,Uzarra,Uzdrodh,Uzdrodh Barony,Zrio,Kingdom of Zrio,乌格卢克（兽人）,乌格卢克（兽人） Forefathers,town,2320,2168.55,2318.57,6.66,-102.05,1156,21°C,Tegucigalpa (Honduras),,,,walls,,,,{t1:argent;ordinaries:[{ordinary:fess;t:gules;line:straight}];charges:[{charge:eagle;t:or;p:def;t2:or;t3:or;size:0.5}];shield:culture},https://watabou.github.io/city-generator/?name=Uzarra&population=2320&size=18&seed=1234182160303&river=0&coast=0&farms=1&citadel=0&urban_castle=0&hub=0&plaza=0&greens=0&temple=0&walls=1&shantytown=0&style=natural
304,Stormer,Bearse,Bearse County,Dawnwalia,Principality of Dawnwalia,阿诺（人类）,Embergrakecism,town,4550,7756.21,3529.82,-36.87,98.81,9,14°C,Washington (D.C.),,port,,,,,,{t1:argent;charges:[{charge:stagPassant;t:purpure;p:jeo;t2:purpure;size:0.5}];shield:culture},https://watabou.github.io/city-generator/?name=Stormer&population=4550&size=23&seed=1234182160304&river=0&coast=1&farms=1&citadel=0&urban_castle=0&hub=1&plaza=0&greens=0&temple=0&walls=0&shantytown=0&style=natural&sea=1.69
305,Fellerinse,Ynathes,Ynathes Captaincy,Kyathlulil,Kingdom of Kyathlulil,昆雅（精灵）,昆雅（精灵） Druidism,village,1009,5294.5,1635.12,31.23,10.32,36,16°C,Dubrovnik (Croatia),,,,,,,,{t1:argent;ordinaries:[{ordinary:gemelle;t:azure;line:potentySinister}];charges:[{charge:billet;t:sable;p:e;size:1.5}];shield:culture},https://watabou.github.io/village-generator/?pop=1009&name=Fellerinse&seed=1234182160305&width=1400&height=683&style=default&tags=river%2Cdead+end%2Cno+square%2Cdense
306,Earthgale,Cleargar,Cleargar Earldom,Milstar,Kingdom of Milstar,阿诺（人类）,Embergrakecism,town,2522,6742.83,3523.82,-36.65,62.38,256,12°C,Paris (France),,,,,,,,{t1:azure;division:{division:perBend;t:argent;line:straight};charges:[{charge:drawingCompass;t:or;p:e;size:1.5}];shield:culture},https://watabou.github.io/city-generator/?name=Earthgale&population=2522&size=18&seed=1234182160306&river=0&coast=0&farms=1&citadel=0&urban_castle=0&hub=0&plaza=0&greens=0&temple=0&walls=0&shantytown=0&style=natural
307,Oadowfalls,Oadowfalls,Oadowfalls County,Milstar,Kingdom of Milstar,阿诺（人类）,阿诺（人类） Totems,town,10724,6526.83,3230.11,-26.1,54.61,169,21°C,Tegucigalpa (Honduras),,,,walls,,,,{t1:argent;ordinaries:[{ordinary:bordure;t:vert}];charges:[{charge:mullet8;t:argent;p:ABCDEFGHIJKL;size:0.18};{charge:sagittarius;t:purpure;p:e;size:1.1}];shield:culture},https://watabou.github.io/city-generator/?name=Oadowfalls&population=10724&size=32&seed=1234182160307&river=1&coast=0&farms=1&citadel=0&urban_castle=0&hub=0&plaza=0&greens=0&temple=0&walls=1&shantytown=0&style=natural
308,Yulfond,Yudhyrgu,Yudhyrgu County,Giruzar,Giruzar Empire,尤顿（巨人）,Embergrakecism,town,10781,7850.54,2758.64,-9.15,102.2,64,29°C,Niamey (Niger),,port,,,,,,{t1:masoned-or-sable;charges:[{charge:caravel;t:azure;p:e;t2:azure;t3:gules;size:1.5}];shield:culture},https://watabou.github.io/city-generator/?name=Yulfond&population=10781&size=32&seed=1234182160308&river=1&coast=1&farms=1&citadel=0&urban_castle=0&hub=1&plaza=0&greens=0&temple=0&walls=0&shantytown=0&style=natural
309,Nelkunbu,Nelkunbu,Nelkunbu County,Shemnaselu,Grand Duchy of Shemnaselu,尤顿（巨人）,尤顿（巨人） Druidism,town,10849,5763.23,2379.2,4.49,27.17,49,30°C,Khartoum (Sudan),,,,walls,,,,{t1:argent;division:{division:perCross;t:sable;line:straight};charges:[{charge:crossClechy;t:gules;p:jl;divided:counter;size:0.7}];shield:culture},https://watabou.github.io/city-generator/?name=Nelkunbu&population=10849&size=32&seed=1234182160309&river=0&coast=0&farms=1&citadel=0&urban_castle=0&hub=0&plaza=0&greens=0&temple=0&walls=1&shantytown=0&style=natural
310,Teriar,Teriar,Teriar Barony,Olerin,Olerin Empire,昆雅（精灵）,昆雅（精灵） Druidism,town,8381,6628.29,1494.85,36.27,58.26,400,8°C,Prague (Czechia),,,,,,,,{t1:gules;ordinaries:[{ordinary:bar;t:argent;line:straight}];charges:[{charge:key;t:gules;p:def;size:0.3}];shield:culture},https://watabou.github.io/city-generator/?name=Teriar&population=8381&size=29&seed=1234182160310&river=0&coast=0&farms=1&citadel=0&urban_castle=0&hub=0&plaza=0&greens=0&temple=0&walls=0&shantytown=0&style=natural
311,Drodh,Drodh,Drodh Department,Engai,Republic of Engai,乌格卢克（兽人）,乌格卢克（兽人） Forefathers,town,9666,2279.42,1798.32,25.36,-98.06,289,18°C,Barcelona (Spain),,,,,,,,{t1:sable;division:{division:perSaltire;t:argent};ordinaries:[{ordinary:chevronReversed;t:or}];shield:culture},https://watabou.github.io/city-generator/?name=Drodh&population=9666&size=31&seed=1234182160311&river=0&coast=0&farms=1&citadel=0&urban_castle=0&hub=0&plaza=0&greens=0&temple=0&walls=0&shantytown=0&style=natural
312,Joimtoilm,Stryt,Stryt Governorate,Biok,Republic of Biok,狗头人（哥布林）,Old Gneabligzism,town,6234,4196.48,2178.39,11.7,-29.15,9,29°C,Niamey (Niger),,,,,,,,{t1:sable;charges:[{charge:heart;t:argent;p:jln;size:0.7}];shield:culture},https://watabou.github.io/city-generator/?name=Joimtoilm&population=6234&size=26&seed=1234182160312&river=0&coast=0&farms=1&citadel=0&urban_castle=0&hub=0&plaza=0&greens=0&temple=0&walls=0&shantytown=0&style=natural
313,Merionde,Hethsalean,Hethsalean County,Kyathlulil,Kingdom of Kyathlulil,昆雅（精灵）,昆雅（精灵） Druidism,town,6474,5848.05,1552.57,34.2,30.21,289,8°C,Prague (Czechia),,,,,,,,{t1:argent;ordinaries:[{ordinary:chief;t:vert;line:straight}];charges:[{charge:billet;t:argent;p:abc;size:0.5}];shield:culture},https://watabou.github.io/city-generator/?name=Merionde&population=6474&size=26&seed=1234182160313&river=0&coast=0&farms=1&citadel=0&urban_castle=0&hub=0&plaza=0&greens=0&temple=0&walls=0&shantytown=0&style=natural
314,Kizartec,Gahourg,Gahourg County,Solka,Kingdom of Solka,尤顿（巨人）,尤顿（巨人） Druidism,town,2387,8362.84,1679.36,29.64,120.61,36,16°C,Dubrovnik (Croatia),,,,,,,,{t1:gules;ordinaries:[{ordinary:piles;t:argent}];charges:[{charge:crossPatriarchal;t:or;p:jlh;size:0.7}];shield:culture},https://watabou.github.io/city-generator/?name=Kizartec&population=2387&size=18&seed=1234182160314&river=0&coast=0&farms=1&citadel=0&urban_castle=0&hub=0&plaza=0&greens=0&temple=0&walls=0&shantytown=0&style=natural
315,Dobgar,Phax,Phax Department,Engai,Republic of Engai,狗头人（哥布林）,Old Gneabligzism,town,11038,2614.89,3272.78,-27.63,-86,324,18°C,Barcelona (Spain),,,,walls,,,,{t1:sable;charges:[{charge:cavalier;t:or;p:e;t2:argent;t3:or;size:1.5}];shield:culture},https://watabou.github.io/city-generator/?name=Dobgar&population=11038&size=32&seed=1234182160315&river=0&coast=0&farms=1&citadel=0&urban_castle=0&hub=0&plaza=0&greens=0&temple=0&walls=1&shantytown=0&style=natural
316,Ervan,Chulankia,Chulankia Department,Engai,Republic of Engai,杜兰迪尔（人类）,杜兰迪尔（人类） Beliefs,village,618,3891.35,3674.15,-42.06,-40.12,9,9°C,Copenhagen (Denmark),,,,,,,,{t1:sable;charges:[{charge:sunInSplendour2;t:or;p:e;size:1.5}];shield:culture},https://watabou.github.io/village-generator/?pop=618&name=Ervan&seed=1234182160316&width=1000&height=488&style=default&tags=river%2Cisolated%2Cuncultivated%2Cno+square%2Cdense
317,Stiag,Fel,Fel Governorate,Engai,Republic of Engai,狗头人（哥布林）,Old Gneabligzism,village,1347,2342.88,2738.89,-8.44,-95.78,400,26°C,Jakarta (Indonesia),,,,walls,,,,{t1:argent;division:{division:perPale;t:purpure;line:invecked};charges:[{charge:triangle;t:vert;p:p;size:0.7};{charge:crossCarolingian;t:argent;p:q;size:0.7}];shield:culture},https://watabou.github.io/village-generator/?pop=1347&name=Stiag&seed=1234182160317&width=1400&height=683&style=default&tags=dead+end%2Cfarmland%2Cno+orchards%2Cno+square%2Cpalisade%2Cdense
318,Gerius,Ishlon,Ishlon Province,Yethmel,Republic of Yethmel,昆雅（精灵）,昆雅（精灵） Druidism,village,1286,8239.67,1519.93,35.37,116.18,16,10°C,London (England),,,,,,,,{t1:gemelles-argent-gules;ordinaries:[{ordinary:pilesInPoint;t:sable}];shield:culture},https://watabou.github.io/village-generator/?pop=1286&name=Gerius&seed=1234182160318&width=1400&height=683&style=default&tags=highway%2Cno+square%2Cdense
319,Shatharar,Shatholuch,Shatholuch County,Tolnarg,Grand Duchy of Tolnarg,尤顿（巨人）,Embergrakecism,town,5405,8687.14,3009.27,-18.16,132.27,16,28°C,Bangkok (Thailand),,,,,,,,{t1:azure;charges:[{charge:buckle;t:argent;p:e;size:1.5}];shield:culture},https://watabou.github.io/city-generator/?name=Shatharar&population=5405&size=25&seed=1234182160319&river=0&coast=0&farms=1&citadel=0&urban_castle=0&hub=1&plaza=0&greens=0&temple=0&walls=0&shantytown=0&style=natural
320,Oxbreak,Cleargar,Cleargar Earldom,Milstar,Kingdom of Milstar,阿诺（人类）,Embergrakecism,town,2159,6783.5,3411.9,-32.63,63.84,289,15°C,Rome (Italy),,,,,,,,{t1:argent;charges:[{charge:lizard;t:azure;p:e;size:1.5}];shield:culture},https://watabou.github.io/city-generator/?name=Oxbreak&population=2159&size=17&seed=1234182160320&river=0&coast=0&farms=1&citadel=0&urban_castle=0&hub=0&plaza=0&greens=0&temple=0&walls=0&shantytown=0&style=natural
321,Urelen,,,Neutrals,undefined,杜兰迪尔（人类）,杜兰迪尔（人类） Beliefs,town,6155,4264.14,3984.59,-53.22,-26.72,25,0°C,Murmansk (Russia),,,,,,,,{t1:sable;division:{division:perFess;t:argent;line:straight};charges:[{charge:grapeBunch;t:or;p:k;t2:or;t3:or;size:0.7};{charge:wheatStalk;t:purpure;p:n;size:0.7}];shield:culture},https://watabou.github.io/city-generator/?name=Urelen&population=6155&size=26&seed=1234182160321&river=0&coast=0&farms=0&citadel=0&urban_castle=0&hub=0&plaza=0&greens=0&temple=0&walls=0&shantytown=0&style=natural
322,Gneab,Ulm,Ulm Landgrave,Vreagab,Kingdom of Vreagab,狗头人（哥布林）,Old Gneabligzism,town,2617,3024.72,1539.25,34.68,-71.27,121,9°C,Copenhagen (Denmark),,,,,,,,{t1:purpure;division:{division:perFess;t:argent;line:straight};charges:[{charge:crossPattee;t:or;p:e;divided:counter;size:1.5}];shield:culture},https://watabou.github.io/city-generator/?name=Gneab&population=2617&size=19&seed=1234182160322&river=0&coast=0&farms=1&citadel=0&urban_castle=0&hub=0&plaza=0&greens=0&temple=0&walls=0&shantytown=0&style=natural
323,Eruril,Mernaram,Mernaram County,Milstar,Kingdom of Milstar,尤顿（巨人）,尤顿（巨人） Druidism,village,999,6424.8,2781.18,-9.96,50.95,256,27°C,Mogadishu (Somalia),,,,,,,,{t1:argent;charges:[{charge:mastiffStatant;t:purpure;p:e;t2:purpure;t3:purpure;size:1.5}];shield:culture},https://watabou.github.io/village-generator/?pop=999&name=Eruril&seed=1234182160323&width=1000&height=488&style=default&tags=dead+end%2Cuncultivated%2Cno+square%2Cdense
324,Wrogbig,Iah,Iah Province,Engai,Republic of Engai,狗头人（哥布林）,Old Gneabligzism,village,1176,3144.58,2173.64,11.87,-66.96,100,28°C,Bangkok (Thailand),,port,,,,,,{t1:argent;charges:[{charge:windmill;t:sable;p:beh;t2:sable;t3:azure;size:0.5}];shield:culture},https://watabou.github.io/village-generator/?pop=1176&name=Wrogbig&seed=1234182160324&width=1400&height=683&style=default&tags=coast%2Chighway%2Cno+square%2Cdense
325,Stuik,Iah,Iah Province,Engai,Republic of Engai,狗头人（哥布林）,Old Gneabligzism,village,1677,3497.26,2190.43,11.27,-54.29,9,29°C,Niamey (Niger),,,,,,,,{t1:argent;charges:[{charge:mascle;t:purpure;p:jlh;size:0.7}];shield:culture},https://watabou.github.io/village-generator/?pop=1677&name=Stuik&seed=1234182160325&width=1600&height=780&style=default&tags=dead+end%2Cno+orchards%2Cno+square%2Cdense
326,Garakhaz,Yudgrimfa,Yudgrimfa County,Giruzar,Giruzar Empire,尤顿（巨人）,尤顿（巨人） Druidism,village,645,8112.32,2073.19,15.48,111.61,256,26°C,Jakarta (Indonesia),,,,,,,,{t1:gules;charges:[{charge:apple;t:argent;p:beh;t2:argent;size:0.5}];shield:culture},https://watabou.github.io/village-generator/?pop=645&name=Garakhaz&seed=1234182160326&width=1000&height=488&style=default&tags=highway%2Cno+square%2Cdense
327,Scorcross,Cleargar,Cleargar Earldom,Milstar,Kingdom of Milstar,阿诺（人类）,Embergrakecism,town,2702,6680.04,3339.24,-30.02,60.12,169,16°C,Dubrovnik (Croatia),,port,,,,,,{t1:argent;ordinaries:[{ordinary:pale;t:azure;line:dentilly}];charges:[{charge:drawingCompass;t:argent;p:beh;size:0.5}];shield:culture},https://watabou.github.io/city-generator/?name=Scorcross&population=2702&size=19&seed=1234182160327&river=1&coast=1&farms=1&citadel=0&urban_castle=0&hub=1&plaza=0&greens=0&temple=0&walls=0&shantytown=0&style=natural
328,Sidrol,Shola,Shola Earldom,Giruzar,Giruzar Empire,尤顿（巨人）,尤顿（巨人） Druidism,city,12566,7116.65,2398.82,3.78,75.82,1521,19°C,Marrakesh (Morocco),,,,,,,,{t1:or;charges:[{charge:scorpion;t:purpure;p:beh;size:0.5}];shield:culture},https://watabou.github.io/city-generator/?name=Sidrol&population=12566&size=34&seed=1234182160328&river=0&coast=0&farms=1&citadel=0&urban_castle=0&hub=0&plaza=0&greens=0&temple=0&walls=0&shantytown=0&style=natural
329,Qirmurd,Kuzg,Kuzg County,Zrio,Kingdom of Zrio,乌格卢克（兽人）,乌格卢克（兽人） Forefathers,village,1388,1542.68,1949.15,19.94,-124.55,9,24°C,Dakar (Senegal),,,citadel,,,,,{t1:gules;ordinaries:[{ordinary:pale;t:or;line:arched}];charges:[{charge:fountain;t:azure;p:b;size:0.7}];shield:culture},https://watabou.github.io/village-generator/?pop=1388&name=Qirmurd&seed=1234182160329&width=1400&height=683&style=default&tags=estuary%2Chighway%2Cno+square%2Cdense
330,Meetheas,Laughed,Laughed County,Karion,Protectorate of Karion,昆雅（精灵）,昆雅（精灵） Druidism,town,2601,7611.47,1537.06,34.75,93.6,100,9°C,Copenhagen (Denmark),,port,,,,,,{t1:sable;ordinaries:[{ordinary:terrace;t:argent;line:straight}];charges:[{charge:eagle;t:argent;p:e;t2:argent;t3:argent;size:1.5}];shield:culture},https://watabou.github.io/city-generator/?name=Meetheas&population=2601&size=19&seed=1234182160330&river=1&coast=1&farms=1&citadel=0&urban_castle=0&hub=0&plaza=0&greens=0&temple=0&walls=0&shantytown=0&style=natural
331,Srurd,Sios,Sios Earldom,Zrio,Kingdom of Zrio,狗头人（哥布林）,Old Gneabligzism,town,7149,2065.68,2967.65,-16.66,-105.75,81,27°C,Mogadishu (Somalia),,,,,,,,{t1:purpure;division:{division:perChevron;t:or;line:straight};charges:[{charge:annulet;t:argent;p:bdefh;divided:counter;size:0.4}];shield:culture},https://watabou.github.io/city-generator/?name=Srurd&population=7149&size=27&seed=1234182160331&river=1&coast=0&farms=1&citadel=0&urban_castle=0&hub=0&plaza=0&greens=0&temple=0&walls=0&shantytown=0&style=natural
332,Margaram,Yudhyrgu,Yudhyrgu County,Giruzar,Giruzar Empire,尤顿（巨人）,尤顿（巨人） Druidism,village,1089,8136.84,2358.25,5.24,112.49,676,25°C,Miami (USA),,,,walls,,,,{t1:sable;ordinaries:[{ordinary:pale;t:argent;line:straight}];charges:[{charge:hatchet;t:sable;p:e;t2:sable;size:0.7}];shield:culture},https://watabou.github.io/village-generator/?pop=1089&name=Margaram&seed=1234182160332&width=1400&height=683&style=default&tags=dead+end%2Cno+square%2Cpalisade%2Cdense
333,Stuik,Gasinx,Gasinx County,Brat,Principality of Brat,狗头人（哥布林）,Old Gneabligzism,town,7263,3561.13,1955.83,19.7,-51.99,81,23°C,Rio de Janeiro (Brazil),,,,,,,,{t1:gules;charges:[{charge:scalesHanging;t:argent;p:e;size:1.5}];shield:culture},https://watabou.github.io/city-generator/?name=Stuik&population=7263&size=27&seed=1234182160333&river=0&coast=0&farms=1&citadel=0&urban_castle=0&hub=0&plaza=0&greens=0&temple=0&walls=0&shantytown=0&style=natural
334,Thelt,Phax,Phax County,Brat,Principality of Brat,狗头人（哥布林）,Old Gneabligzism,town,3431,3944.96,1426.91,38.71,-38.19,4,9°C,Copenhagen (Denmark),,,,,,,,{t1:argent;charges:[{charge:anvil;t:purpure;p:e;size:1.5}];shield:culture},https://watabou.github.io/city-generator/?name=Thelt&population=3431&size=21&seed=1234182160334&river=0&coast=0&farms=1&citadel=0&urban_castle=0&hub=0&plaza=0&greens=0&temple=0&walls=0&shantytown=0&style=natural
335,Sireemyran,Tlaumenalean,Tlaumenalean Barony,Olerin,Olerin Empire,昆雅（精灵）,昆雅（精灵） Druidism,village,1608,5969.47,1731.46,27.77,34.58,169,15°C,Rome (Italy),,,,,,,,{t1:gules;charges:[{charge:porcupine;t:or;p:jln;t2:argent;size:0.7}];shield:culture},https://watabou.github.io/village-generator/?pop=1608&name=Sireemyran&seed=1234182160335&width=1600&height=780&style=default&tags=river%2Cdead+end%2Cno+square%2Cdense
336,Slofboif,Gasinx,Gasinx County,Brat,Principality of Brat,狗头人（哥布林）,Old Gneabligzism,town,11725,3655.45,1812.59,24.85,-48.6,100,19°C,Marrakesh (Morocco),,,,walls,,,,{t1:argent;charges:[{charge:hook;t:vert;p:e;size:1.5}];shield:culture},https://watabou.github.io/city-generator/?name=Slofboif&population=11725&size=33&seed=1234182160336&river=0&coast=0&farms=1&citadel=0&urban_castle=0&hub=0&plaza=0&greens=0&temple=0&walls=1&shantytown=0&style=natural
337,Grirongra,Oxbreakia,Oxbreakia Department,Engai,Republic of Engai,戴尔（人类）,戴尔（人类） Spirits,town,11357,2076.49,1480.42,36.79,-105.36,64,9°C,Copenhagen (Denmark),,,,walls,,,,{t1:argent;ordinaries:[{ordinary:bend;t:azure;line:straight}];charges:[{charge:tower;t:gules;p:jlh;t2:sable;size:0.7}];shield:culture},https://watabou.github.io/city-generator/?name=Grirongra&population=11357&size=32&seed=1234182160337&river=0&coast=0&farms=1&citadel=0&urban_castle=0&hub=0&plaza=0&greens=0&temple=0&walls=1&shantytown=0&style=natural
338,Ulan On,Chulankia,Chulankia Department,Engai,Republic of Engai,杜兰迪尔（人类）,杜兰迪尔（人类） Beliefs,town,3319,4140.73,3762.31,-45.23,-31.16,4,6°C,Stockholm (Sweden),,,,,,,,{t1:argent;division:{division:perBend;t:azure;line:dovetailedIndented};charges:[{charge:fountain;t:azure;p:l;size:0.7};{charge:axe;t:or;p:m;size:0.7}];shield:culture},https://watabou.github.io/city-generator/?name=Ulan+On&population=3319&size=20&seed=1234182160338&river=0&coast=0&farms=1&citadel=0&urban_castle=0&hub=0&plaza=0&greens=0&temple=0&walls=0&shantytown=0&style=natural
339,Ormnas,Sshaunelie,Sshaunelie Margrave,Karion,Protectorate of Karion,昆雅（精灵）,昆雅（精灵） Druidism,town,9164,7048.61,1589.22,32.88,73.37,676,9°C,Copenhagen (Denmark),,,,walls,,,,{t1:sable;charges:[{charge:bugleHorn2;t:or;p:e;t2:or;size:1.5}];shield:culture},https://watabou.github.io/city-generator/?name=Ormnas&population=9164&size=30&seed=1234182160339&river=0&coast=0&farms=0&citadel=0&urban_castle=0&hub=0&plaza=0&greens=0&temple=0&walls=1&shantytown=0&style=natural
340,Ghegmorb,Drodh,Drodh Department,Engai,Republic of Engai,乌格卢克（兽人）,乌格卢克（兽人） Forefathers,town,4501,2205.72,1973.83,19.06,-100.71,225,23°C,Rio de Janeiro (Brazil),,,,,,,,{t1:sable;charges:[{charge:cowStatant;t:argent;p:e;t2:argent;t3:argent;size:1.5}];shield:culture},https://watabou.github.io/city-generator/?name=Ghegmorb&population=4501&size=23&seed=1234182160340&river=1&coast=0&farms=1&citadel=0&urban_castle=0&hub=0&plaza=0&greens=0&temple=0&walls=0&shantytown=0&style=natural
341,Stryt,Stryt,Stryt Province,Biok,Republic of Biok,狗头人（哥布林）,Old Gneabligzism,town,2597,3994.94,1666.55,30.1,-36.4,16,16°C,Dubrovnik (Croatia),,,,,,,,{t1:vert;division:{division:chevronny;t:argent};charges:[{charge:bridge;t:or;p:e;size:1.5}];shield:culture},https://watabou.github.io/city-generator/?name=Stryt&population=2597&size=19&seed=1234182160341&river=0&coast=0&farms=1&citadel=0&urban_castle=0&hub=0&plaza=0&greens=0&temple=0&walls=0&shantytown=0&style=natural
342,Ulbligz,Rud,Rud Captaincy,Vreagab,Kingdom of Vreagab,狗头人（哥布林）,Old Gneabligzism,village,1517,2918.97,1365.1,40.93,-75.07,64,6°C,Stockholm (Sweden),,,,,,,,{t1:sable;charges:[{charge:horseHeadCouped;t:argent;p:e;size:1.5}];shield:culture},https://watabou.github.io/village-generator/?pop=1517&name=Ulbligz&seed=1234182160342&width=1600&height=780&style=default&tags=dead+end%2Cno+square%2Cdense
343,Slukex,Slukex,Slukex County,Brat,Principality of Brat,狗头人（哥布林）,Old Gneabligzism,city,19897,3312.8,2004.58,17.95,-60.92,64,24°C,Dakar (Senegal),,port,citadel,walls,,,,{t1:argent;division:{division:perPale;t:gules;line:straight};ordinaries:[{ordinary:fess;t:sable;line:straight;divided:counter}];shield:culture},https://watabou.github.io/city-generator/?name=Slukex&population=19897&size=40&seed=1234182160343&river=0&coast=1&farms=1&citadel=1&urban_castle=0&hub=0&plaza=0&greens=0&temple=0&walls=1&shantytown=0&style=natural&sea=1.98
344,Khizdush,Zugberthar,Zugberthar Captaincy,Solka,Kingdom of Solka,尤顿（巨人）,尤顿（巨人） Druidism,village,726,8640.7,1247.3,45.17,130.6,9,2°C,Anchorage (Alaska),,,,walls,,,,{t1:azure;charges:[{charge:stagLodgedRegardant;t:argent;p:jlh;t2:argent;t3:or;size:0.7}];shield:culture},https://watabou.github.io/village-generator/?pop=726&name=Khizdush&seed=1234182160344&width=1000&height=488&style=snow&tags=isolated%2Cuncultivated%2Cno+square%2Cpalisade%2Cdense
345,Zulbredh,Cloudgia,Cloudgia Landgrave,Vreagab,Kingdom of Vreagab,乌格卢克（兽人）,乌格卢克（兽人） Forefathers,town,2582,2660.63,1246.5,45.2,-84.36,49,2°C,Anchorage (Alaska),,,,,,,,{t1:or;ordinaries:[{ordinary:pale;t:azure;line:straight}];charges:[{charge:fleurDeLis;t:azure;p:y;size:0.5}];shield:culture},https://watabou.github.io/city-generator/?name=Zulbredh&population=2582&size=19&seed=1234182160345&river=0&coast=0&farms=0&citadel=0&urban_castle=0&hub=0&plaza=0&greens=0&temple=0&walls=0&shantytown=0&style=natural
346,Dhog,Gurmurd,Gurmurd Captaincy,Vreagab,Kingdom of Vreagab,乌鲁克（兽人）,乌鲁克（兽人） Beliefs,town,3146,2597.25,1833.2,24.11,-86.64,729,15°C,Rome (Italy),,,,,,,,{t1:vairInPale-azure-argent;ordinaries:[{ordinary:fessDoubleCotissed;t:or;line:straight}];charges:[{charge:scale;t:gules;p:def;t2:gules;size:0.4}];shield:culture},https://watabou.github.io/city-generator/?name=Dhog&population=3146&size=20&seed=1234182160346&river=0&coast=0&farms=1&citadel=0&urban_castle=0&hub=0&plaza=0&greens=0&temple=0&walls=0&shantytown=0&style=natural
347,Wruilkeh,Voh,Voh Captaincy,Vreagab,Kingdom of Vreagab,狗头人（哥布林）,Old Gneabligzism,village,951,3339.97,1624.17,31.62,-59.94,25,13°C,Milan (Italy),,,,,,,,{t1:vert;charges:[{charge:scissors2;t:or;p:e;size:1.5}];shield:culture},https://watabou.github.io/village-generator/?pop=951&name=Wruilkeh&seed=1234182160347&width=1000&height=488&style=default&tags=dead+end%2Cno+square%2Cdense
348,Dinarde,Bothizda,Bothizda County,Solka,Kingdom of Solka,尤顿（巨人）,尤顿（巨人） Druidism,town,5215,8106.92,1846.5,23.63,111.41,121,21°C,Tegucigalpa (Honduras),,port,,,,,,{t1:azure;charges:[{charge:eagle;t:or;p:e;t2:or;t3:argent;size:1.5}];shield:culture},https://watabou.github.io/city-generator/?name=Dinarde&population=5215&size=24&seed=1234182160348&river=1&coast=1&farms=1&citadel=0&urban_castle=0&hub=0&plaza=0&greens=0&temple=0&walls=0&shantytown=0&style=natural
349,Stagbutumn,Travia,Travia Governorate,Engai,Republic of Engai,戴尔（人类）,戴尔（人类） Spirits,town,2020,2321.44,1660.13,30.33,-96.55,400,13°C,Milan (Italy),,,,walls,,,,{t1:argent;ordinaries:[{ordinary:bendletSinister;t:gules;line:straight}];shield:culture},https://watabou.github.io/city-generator/?name=Stagbutumn&population=2020&size=17&seed=1234182160349&river=0&coast=0&farms=1&citadel=0&urban_castle=0&hub=0&plaza=0&greens=0&temple=0&walls=1&shantytown=0&style=natural
350,Fynta,Nelkunbu,Nelkunbu County,Shemnaselu,Grand Duchy of Shemnaselu,尤顿（巨人）,尤顿（巨人） Druidism,village,509,5725.54,2502.33,0.06,25.81,49,30°C,Khartoum (Sudan),,,,,,,,{t1:azure;division:{division:perFess;t:argent;line:dancetty};charges:[{charge:mullet;t:or;p:k;size:0.7};{charge:camel;t:gules;p:n;size:0.7}];shield:culture},https://watabou.github.io/village-generator/?pop=509&name=Fynta&seed=1234182160350&width=1000&height=488&style=default&tags=isolated%2Cno+orchards%2Cno+square%2Cdense
351,Blus,Gneabsil,Gneabsil County,Zrio,Kingdom of Zrio,狗头人（哥布林）,Old Gneabligzism,town,6588,1409.26,3408.06,-32.49,-129.34,25,18°C,Barcelona (Spain),,port,citadel,,,,,{t1:purpure;charges:[{charge:escallop;t:or;p:e;size:1.5}];shield:culture},https://watabou.github.io/city-generator/?name=Blus&population=6588&size=26&seed=1234182160351&river=0&coast=1&farms=1&citadel=1&urban_castle=0&hub=0&plaza=0&greens=0&temple=0&walls=0&shantytown=0&style=natural&sea=1.4
352,Zugrim,Zugrim,Zugrim County,Giruzar,Giruzar Empire,尤顿（巨人）,尤顿（巨人） Druidism,city,15900,7513.46,2120.89,13.77,90.08,81,28°C,Bangkok (Thailand),,port,citadel,walls,,,,{t1:argent;division:{division:chevronny;t:azure};shield:culture},https://watabou.github.io/city-generator/?name=Zugrim&population=15900&size=37&seed=1234182160352&river=1&coast=1&farms=1&citadel=1&urban_castle=1&hub=0&plaza=0&greens=0&temple=0&walls=1&shantytown=0&style=natural
353,Stryt,Stryt,Stryt Province,Biok,Republic of Biok,狗头人（哥布林）,Old Gneabligzism,town,10016,4008.89,1614.51,31.97,-35.9,144,12°C,Paris (France),,,,walls,,,,{t1:azure;charges:[{charge:grapeBunch;t:or;p:e;t2:or;t3:or;size:1.5}];shield:culture},https://watabou.github.io/city-generator/?name=Stryt&population=10016&size=31&seed=1234182160353&river=0&coast=0&farms=1&citadel=0&urban_castle=0&hub=1&plaza=0&greens=0&temple=0&walls=1&shantytown=0&style=natural
354,Goldbrook,Hound,Hound Captaincy,Dawnwalia,Principality of Dawnwalia,阿诺（人类）,Embergrakecism,town,5475,7501.53,3283.83,-28.03,89.65,196,19°C,Marrakesh (Morocco),,,,,,,,{t1:purpure;division:{division:perFess;t:argent;line:arched};charges:[{charge:lozengeFaceted;t:or;p:ABCDEFGHIJKL;t2:or;t3:or;size:0.18};{charge:axe;t:or;p:e;size:1.5}];shield:culture},https://watabou.github.io/city-generator/?name=Goldbrook&population=5475&size=25&seed=1234182160354&river=0&coast=0&farms=1&citadel=0&urban_castle=0&hub=1&plaza=0&greens=0&temple=0&walls=0&shantytown=0&style=natural
355,Pudrockward,Steameria,Steameria Earldom,Eartland,Grand Duchy of Eartland,阿诺（人类）,Embergrakecism,town,2574,7371.98,3423.21,-33.04,84.99,100,16°C,Dubrovnik (Croatia),,,,,,,,{t1:argent;charges:[{charge:pillar;t:sable;p:e;size:1.5}];shield:culture},https://watabou.github.io/city-generator/?name=Pudrockward&population=2574&size=19&seed=1234182160355&river=0&coast=0&farms=1&citadel=0&urban_castle=0&hub=0&plaza=0&greens=0&temple=0&walls=0&shantytown=0&style=natural
356,Pyreaz,Stryt,Stryt Governorate,Biok,Republic of Biok,狗头人（哥布林）,Old Gneabligzism,town,6601,4260.29,2042.34,16.59,-26.86,4,26°C,Jakarta (Indonesia),,,,,,,,{t1:argent;charges:[{charge:scissors;t:gules;p:abc;size:0.5}];shield:culture},https://watabou.github.io/city-generator/?name=Pyreaz&population=6601&size=26&seed=1234182160356&river=0&coast=0&farms=1&citadel=0&urban_castle=0&hub=0&plaza=0&greens=0&temple=0&walls=0&shantytown=0&style=natural
357,Beornel,Beornel,Beornel County,Giruzar,Giruzar Empire,尤顿（巨人）,尤顿（巨人） Druidism,town,12064,7022.47,2284.88,7.88,72.43,1521,18°C,Barcelona (Spain),,,,walls,,,,{t1:argent;charges:[{charge:crossedBones;t:purpure;p:e;size:1.5}];shield:culture},https://watabou.github.io/city-generator/?name=Beornel&population=12064&size=33&seed=1234182160357&river=0&coast=0&farms=1&citadel=0&urban_castle=0&hub=0&plaza=0&greens=0&temple=0&walls=1&shantytown=0&style=natural
358,Selfahoma,Selfahoma,Selfahoma County,Karion,Protectorate of Karion,昆雅（精灵）,昆雅（精灵） Druidism,town,7275,7279.99,1422.29,38.88,81.69,289,7°C,Montreal (Canada),,,,,,,,{t1:sable;division:{division:perBendSinister;t:argent;line:wavy};charges:[{charge:sun;t:or;p:j;size:0.7};{charge:lute;t:gules;p:o;size:0.7}];shield:culture},https://watabou.github.io/city-generator/?name=Selfahoma&population=7275&size=27&seed=1234182160358&river=0&coast=0&farms=1&citadel=0&urban_castle=0&hub=0&plaza=0&greens=0&temple=0&walls=0&shantytown=0&style=natural
359,Kmlon Ai,Unore,Unore County,Kyathlulil,Kingdom of Kyathlulil,昆雅（精灵）,昆雅（精灵） Druidism,village,710,5868.76,1939.24,20.3,30.96,64,24°C,Dakar (Senegal),,,,,,,,{t1:or;charges:[{charge:bookClosed;t:gules;p:e;t2:gules;t3:gules;size:1.5}];shield:culture},https://watabou.github.io/village-generator/?pop=710&name=Kmlon+Ai&seed=1234182160359&width=1000&height=488&style=default&tags=highway%2Cno+square%2Cdense
360,Gol-Khod,Grigh,Grigh Earldom,Zrio,Kingdom of Zrio,乌格卢克（兽人）,乌格卢克（兽人） Forefathers,town,2485,1774.76,2684.25,-6.48,-116.2,25,30°C,Khartoum (Sudan),,,,walls,,,,{t1:azure;charges:[{charge:bridge;t:or;p:e;size:1.5}];shield:culture},https://watabou.github.io/city-generator/?name=Gol-Khod&population=2485&size=18&seed=1234182160360&river=0&coast=0&farms=1&citadel=0&urban_castle=0&hub=0&plaza=0&greens=0&temple=0&walls=1&shantytown=0&style=natural
361,Cielbs,Fel,Fel Governorate,Engai,Republic of Engai,狗头人（哥布林）,Old Gneabligzism,town,3875,2587.43,3099.03,-21.39,-86.99,324,25°C,Miami (USA),,,,,,,,{t1:or;charges:[{charge:triangle;t:sable;p:kmo;size:0.5}];shield:culture},https://watabou.github.io/city-generator/?name=Cielbs&population=3875&size=22&seed=1234182160361&river=0&coast=0&farms=1&citadel=0&urban_castle=0&hub=0&plaza=0&greens=0&temple=0&walls=0&shantytown=0&style=natural
362,Unanlebel,Selfahoma,Selfahoma County,Karion,Protectorate of Karion,昆雅（精灵）,昆雅（精灵） Druidism,village,1736,7361.72,1279.24,44.02,84.62,225,4°C,Reykjavik (Iceland),,,,,,,,{t1:azure;charges:[{charge:hatchet;t:argent;p:e;t2:argent;size:1.5}];shield:culture},https://watabou.github.io/village-generator/?pop=1736&name=Unanlebel&seed=1234182160362&width=1600&height=780&style=snow&tags=dead+end%2Cno+square%2Cdense
363,Yudgrimfa,Yudgrimfa,Yudgrimfa County,Giruzar,Giruzar Empire,尤顿（巨人）,尤顿（巨人） Druidism,town,9451,7899.86,2321.68,6.55,103.97,196,28°C,Bangkok (Thailand),,,,,,,,{t1:argent;charges:[{charge:castle;t:gules;p:def;t2:gules;size:0.5}];shield:culture},https://watabou.github.io/city-generator/?name=Yudgrimfa&population=9451&size=30&seed=1234182160363&river=0&coast=0&farms=1&citadel=0&urban_castle=0&hub=0&plaza=0&greens=0&temple=0&walls=0&shantytown=0&style=natural
364,Enenora,Shaulal,Shaulal County,Olerin,Olerin Empire,昆雅（精灵）,昆雅（精灵） Druidism,village,1137,6961.94,1847.88,23.58,70.25,676,17°C,Lisbon (Portugal),,,,,,,,{t1:azure;division:{division:perBendSinister;t:argent;line:straight};shield:culture},https://watabou.github.io/village-generator/?pop=1137&name=Enenora&seed=1234182160364&width=1400&height=683&style=default&tags=highway%2Cno+square%2Cdense
365,Adgvic,Rud,Rud Captaincy,Vreagab,Kingdom of Vreagab,乌格卢克（兽人）,乌格卢克（兽人） Forefathers,town,6378,2873,1421.86,38.89,-76.73,121,8°C,Prague (Czechia),,,,,,,,{t1:argent;charges:[{charge:scale;t:sable;p:e;t2:sable;size:1.5}];shield:culture},https://watabou.github.io/city-generator/?name=Adgvic&population=6378&size=26&seed=1234182160365&river=0&coast=0&farms=1&citadel=0&urban_castle=0&hub=0&plaza=0&greens=0&temple=0&walls=0&shantytown=0&style=natural
366,Shavenshear,Travia,Travia Governorate,Engai,Republic of Engai,戴尔（人类）,戴尔（人类） Spirits,town,3676,2111.05,1662.6,30.24,-104.12,64,16°C,Dubrovnik (Croatia),,,,,,,,{t1:gules;ordinaries:[{ordinary:pile;t:argent}];shield:culture},https://watabou.github.io/city-generator/?name=Shavenshear&population=3676&size=21&seed=1234182160366&river=1&coast=0&farms=1&citadel=0&urban_castle=0&hub=0&plaza=0&greens=0&temple=0&walls=0&shantytown=0&style=natural
367,Chiafta,Kuzg,Kuzg County,Zrio,Kingdom of Zrio,狗头人（哥布林）,Old Gneabligzism,town,3226,2115.11,2574.67,-2.54,-103.97,361,28°C,Bangkok (Thailand),,,citadel,,,,,{t1:masoned-azure-or-small;ordinaries:[{ordinary:bendSinister;t:argent;line:straight}];charges:[{charge:anchor;t:argent;p:a;size:0.5}];shield:culture},https://watabou.github.io/city-generator/?name=Chiafta&population=3226&size=20&seed=1234182160367&river=0&coast=0&farms=1&citadel=1&urban_castle=0&hub=0&plaza=0&greens=0&temple=0&walls=0&shantytown=0&style=natural
368,Stroi,Croi,Croi Canton,Engai,Republic of Engai,狗头人（哥布林）,Old Gneabligzism,town,4503,3063.93,2682.15,-6.4,-69.86,49,30°C,Khartoum (Sudan),,,,,,,,{t1:argent;ordinaries:[{ordinary:piles;t:vert}];charges:[{charge:lionRampant;t:purpure;p:e;t2:purpure;t3:azure;size:1.5}];shield:culture},https://watabou.github.io/city-generator/?name=Stroi&population=4503&size=23&seed=1234182160368&river=0&coast=0&farms=1&citadel=0&urban_castle=0&hub=0&plaza=0&greens=0&temple=0&walls=0&shantytown=0&style=natural
369,Draledaven,Draledaven,Draledaven Department,Engai,Republic of Engai,戴尔（人类）,戴尔（人类） Spirits,town,9441,1924.08,1557.16,34.03,-110.84,9,10°C,London (England),,port,,,,,,{t1:argent;division:{division:perCross;t:purpure;line:straight};ordinaries:[{ordinary:gemelle;t:vert;line:straight}];charges:[{charge:tree;t:vert;p:abc;size:0.5}];shield:culture},https://watabou.github.io/city-generator/?name=Draledaven&population=9441&size=30&seed=1234182160369&river=0&coast=1&farms=1&citadel=0&urban_castle=0&hub=1&plaza=0&greens=0&temple=0&walls=0&shantytown=0&style=natural&sea=0.88
370,Naram,Laughed,Laughed County,Karion,Protectorate of Karion,尤顿（巨人）,尤顿（巨人） Druidism,fort,875,7290.26,1709.19,28.57,82.06,529,14°C,Washington (D.C.),,,citadel,,,,,{t1:azure;ordinaries:[{ordinary:fess;t:argent;line:straight}];charges:[{charge:archer;t:argent;p:abc;t2:argent;t3:argent;size:0.5}];shield:culture},null
371,Smootdadow,Gloomhorn,Gloomhorn County,Dawnwalia,Principality of Dawnwalia,阿诺（人类）,Embergrakecism,town,2444,7912.92,3768.24,-45.44,104.44,36,6°C,Stockholm (Sweden),,,,,,,,{t1:sable;charges:[{charge:crossOrthodox;t:or;p:e;size:1.5}];shield:culture},https://watabou.github.io/city-generator/?name=Smootdadow&population=2444&size=18&seed=1234182160371&river=0&coast=0&farms=1&citadel=0&urban_castle=0&hub=0&plaza=0&greens=0&temple=0&walls=0&shantytown=0&style=natural
372,Bakeguard,Hound,Hound Captaincy,Dawnwalia,Principality of Dawnwalia,阿诺（人类）,Embergrakecism,village,1386,7565.4,3273.21,-27.65,91.95,225,19°C,Marrakesh (Morocco),,,,walls,,,,{t1:azure;ordinaries:[{ordinary:pale;t:or;line:wavy}];charges:[{charge:helmetZischagge;t:vert;p:beh;size:0.5}];shield:culture},https://watabou.github.io/village-generator/?pop=1386&name=Bakeguard&seed=1234182160372&width=1400&height=683&style=default&tags=highway%2Cno+square%2Cpalisade%2Cdense
373,Klilm,Gasinx,Gasinx County,Brat,Principality of Brat,狗头人（哥布林）,Old Gneabligzism,town,2666,3565.39,1644.19,30.9,-51.84,441,13°C,Milan (Italy),,,,,,,,{t1:gules;charges:[{charge:cock;t:argent;p:e;t2:argent;t3:argent;size:1.5}];shield:culture},https://watabou.github.io/city-generator/?name=Klilm&population=2666&size=19&seed=1234182160373&river=0&coast=0&farms=1&citadel=0&urban_castle=0&hub=1&plaza=0&greens=0&temple=0&walls=0&shantytown=0&style=natural
374,Drywateverf,Griron,Griron Shire,Dawnwalia,Principality of Dawnwalia,阿诺（人类）,Embergrakecism,town,2037,8153.1,3425.7,-33.13,113.07,289,15°C,Rome (Italy),,,,,,,,{t1:purpure;ordinaries:[{ordinary:pale;t:argent;line:straight}];charges:[{charge:trowel;t:argent;p:y;t2:argent;size:0.5}];shield:culture},https://watabou.github.io/city-generator/?name=Drywateverf&population=2037&size=17&seed=1234182160374&river=0&coast=0&farms=1&citadel=0&urban_castle=0&hub=0&plaza=0&greens=0&temple=0&walls=0&shantytown=0&style=natural
375,Szeer,Zel,Zel County,Srach,Grand Duchy of Srach,阿拉戈（蛛形）,Deities of the Amber Cold,town,6854,4838.48,1434.56,38.44,-6.08,16,9°C,Copenhagen (Denmark),,,,,,,,{t1:sable;division:{division:perBendSinister;t:or;line:straight};charges:[{charge:mallet;t:argent;p:j;t2:argent;size:0.7};{charge:drawingCompass;t:gules;p:o;size:0.7}];shield:culture},https://watabou.github.io/city-generator/?name=Szeer&population=6854&size=27&seed=1234182160375&river=0&coast=0&farms=1&citadel=0&urban_castle=0&hub=1&plaza=0&greens=0&temple=0&walls=0&shantytown=0&style=natural
376,Okh-Grar,Okh-Grar,Okh-Grar Margrave,Vreagab,Kingdom of Vreagab,乌鲁克（兽人）,乌鲁克（兽人） Beliefs,town,6903,3080.31,1885.07,22.25,-69.27,841,15°C,Rome (Italy),,,,,,,,{t1:sable;charges:[{charge:crossVoided;t:argent;p:jln;size:0.7}];shield:culture},https://watabou.github.io/city-generator/?name=Okh-Grar&population=6903&size=27&seed=1234182160376&river=0&coast=0&farms=1&citadel=0&urban_castle=0&hub=1&plaza=0&greens=0&temple=0&walls=0&shantytown=0&style=natural
377,Gighel,Bratliaq,Bratliaq Department,Engai,Republic of Engai,狗头人（哥布林）,Old Gneabligzism,village,1847,3133.16,2516.03,-0.43,-67.38,225,29°C,Niamey (Niger),,,,,,,,{t1:argent;charges:[{charge:crossHummetty;t:gules;p:e;size:1.5}];shield:culture},https://watabou.github.io/village-generator/?pop=1847&name=Gighel&seed=1234182160377&width=1600&height=780&style=default&tags=highway%2Cno+orchards%2Cno+square%2Cdense
378,Thyueghedhel,Ololunesa,Ololunesa County,Olerin,Olerin Empire,昆雅（精灵）,昆雅（精灵） Druidism,city,14614,6577.4,1690.41,29.24,56.43,625,12°C,Paris (France),,,,,,,,{t1:chainy-argent-vert;division:{division:perFess;t:purpure;line:straight};ordinaries:[{ordinary:bendletSinister;t:gules;line:straight}];shield:culture},https://watabou.github.io/city-generator/?name=Thyueghedhel&population=14614&size=36&seed=1234182160378&river=0&coast=0&farms=1&citadel=0&urban_castle=0&hub=0&plaza=0&greens=0&temple=0&walls=0&shantytown=0&style=natural
379,Brybok,Qosx,Qosx Governorate,Engai,Republic of Engai,狗头人（哥布林）,Old Gneabligzism,town,8443,2423.76,3377.08,-31.38,-92.88,4,18°C,Barcelona (Spain),,,,,,,,{t1:argent;charges:[{charge:triangle;t:gules;p:jln;size:0.7}];shield:culture},https://watabou.github.io/city-generator/?name=Brybok&population=8443&size=29&seed=1234182160379&river=0&coast=0&farms=1&citadel=0&urban_castle=0&hub=0&plaza=0&greens=0&temple=0&walls=0&shantytown=0&style=natural
380,Boselight,Drayhost,Drayhost Earldom,Eartland,Grand Duchy of Eartland,阿诺（人类）,Embergrakecism,town,3039,7423.14,3591.69,-39.09,86.83,9,12°C,Paris (France),,,,walls,,,,{t1:azure;charges:[{charge:mullet;t:argent;p:e;size:1.5}];shield:culture},https://watabou.github.io/city-generator/?name=Boselight&population=3039&size=20&seed=1234182160380&river=0&coast=0&farms=1&citadel=0&urban_castle=0&hub=0&plaza=0&greens=0&temple=0&walls=1&shantytown=0&style=natural
381,Emerne,Draledaven,Draledaven Department,Engai,Republic of Engai,戴尔（人类）,戴尔（人类） Spirits,town,7792,1933.08,1530.71,34.98,-110.51,9,10°C,London (England),,port,,,,,,{t1:argent;ordinaries:[{ordinary:cross;t:sable;line:engrailed}];charges:[{charge:bowWithThreeArrows;t:argent;p:e;t2:argent;t3:argent;size:0.5}];shield:culture},https://watabou.github.io/city-generator/?name=Emerne&population=7792&size=28&seed=1234182160381&river=0&coast=1&farms=1&citadel=0&urban_castle=0&hub=1&plaza=0&greens=0&temple=0&walls=0&shantytown=0&style=natural&sea=1.07
382,Mathyrwinle,Saquasanar,Saquasanar Barony,Olerin,Olerin Empire,昆雅（精灵）,昆雅（精灵） Druidism,town,6236,6440.73,1895.99,21.85,51.52,529,18°C,Barcelona (Spain),,,,,,,,{t1:argent;ordinaries:[{ordinary:gore;t:vert}];charges:[{charge:mascle;t:azure;p:eknpq;size:0.4}];shield:culture},https://watabou.github.io/city-generator/?name=Mathyrwinle&population=6236&size=26&seed=1234182160382&river=0&coast=0&farms=1&citadel=0&urban_castle=0&hub=0&plaza=0&greens=0&temple=0&walls=0&shantytown=0&style=natural
383,Zriokots,Ulmzofs,Ulmzofs Province,Biok,Republic of Biok,狗头人（哥布林）,Old Gneabligzism,town,3468,4098.8,1947.28,20.01,-32.66,49,24°C,Dakar (Senegal),,,,walls,,,,{t1:or;ordinaries:[{ordinary:terrace;t:sable;line:escartely}];charges:[{charge:roundel2;t:gules;p:e;size:1.5}];shield:culture},https://watabou.github.io/city-generator/?name=Zriokots&population=3468&size=21&seed=1234182160383&river=0&coast=0&farms=1&citadel=0&urban_castle=0&hub=0&plaza=0&greens=0&temple=0&walls=1&shantytown=0&style=natural
384,Dulnarg,Bothizda,Bothizda County,Solka,Kingdom of Solka,尤顿（巨人）,尤顿（巨人） Druidism,town,7355,8329.15,2063.19,15.84,119.4,1764,17°C,Lisbon (Portugal),,,,walls,,,,{t1:gules;division:{division:perFess;t:argent;line:straight};charges:[{charge:griffinPassant;t:or;p:kn;t2:or;t3:or;divided:counter;size:0.7}];shield:culture},https://watabou.github.io/city-generator/?name=Dulnarg&population=7355&size=28&seed=1234182160384&river=0&coast=0&farms=1&citadel=0&urban_castle=0&hub=0&plaza=0&greens=0&temple=0&walls=1&shantytown=0&style=natural
385,Tragsee,Fel,Fel Governorate,Engai,Republic of Engai,狗头人（哥布林）,Old Gneabligzism,city,13064,2585.84,3002.63,-17.92,-87.05,225,27°C,Mogadishu (Somalia),,,,,,,,{t1:argent;division:{division:perCross;t:purpure;line:wavy};charges:[{charge:crescent;t:azure;p:j;size:0.6};{charge:mace;t:or;p:l;size:0.6};{charge:dragonPassant;t:argent;p:m;size:0.6};{charge:crossHummetty;t:azure;p:o;size:0.6}];shield:culture},https://watabou.github.io/city-generator/?name=Tragsee&population=13064&size=34&seed=1234182160385&river=1&coast=0&farms=1&citadel=0&urban_castle=0&hub=0&plaza=0&greens=0&temple=0&walls=0&shantytown=0&style=natural
386,Evercross,Lightia,Lightia Landgrave,Vreagab,Kingdom of Vreagab,戴尔（人类）,戴尔（人类） Spirits,village,1058,2461.69,1396,39.82,-91.51,225,5°C,Harbin (China),,,,,,,,{t1:purpure;charges:[{charge:tower;t:or;p:e;t2:or;size:1.5}];shield:culture},https://watabou.github.io/village-generator/?pop=1058&name=Evercross&seed=1234182160386&width=1400&height=683&style=snow&tags=highway%2Cno+square%2Cdense
387,Neer,Zel,Zel County,Srach,Grand Duchy of Srach,阿拉戈（蛛形）,Deities of the Amber Cold,town,3966,4992.22,1379.41,40.42,-0.55,4,6°C,Stockholm (Sweden),,,citadel,,,,,{t1:azure;division:{division:perPale;t:or;line:wavy};charges:[{charge:deerHeadCaboshed;t:argent;p:p;t2:argent;size:0.7};{charge:cossack;t:azure;p:q;size:0.7}];shield:culture},https://watabou.github.io/city-generator/?name=Neer&population=3966&size=22&seed=1234182160387&river=0&coast=0&farms=1&citadel=1&urban_castle=0&hub=0&plaza=0&greens=0&temple=0&walls=0&shantytown=0&style=natural
388,Chox,Srefs,Srefs Earldom,Zrio,Kingdom of Zrio,狗头人（哥布林）,Old Gneabligzism,town,2906,1803.32,2883.88,-13.65,-115.18,16,28°C,Bangkok (Thailand),,port,,walls,,,,{t1:potent-or-azure;division:{division:perFess;t:gules;line:straight};charges:[{charge:crossSaltire;t:sable;p:jkl;size:0.5}];shield:culture},https://watabou.github.io/city-generator/?name=Chox&population=2906&size=19&seed=1234182160388&river=0&coast=1&farms=1&citadel=0&urban_castle=0&hub=0&plaza=0&greens=0&temple=0&walls=1&shantytown=0&style=natural&sea=0.64
389,Yuethyr,Ololunesa,Ololunesa County,Olerin,Olerin Empire,昆雅（精灵）,昆雅（精灵） Druidism,town,3314,6475.54,1742.03,27.39,52.77,676,13°C,Milan (Italy),,,,,,,,{t1:or;ordinaries:[{ordinary:cross;t:sable;line:wavy}];charges:[{charge:ramHeadErased;t:azure;p:acgi;t2:gules;t3:azure;size:0.5}];shield:culture},https://watabou.github.io/city-generator/?name=Yuethyr&population=3314&size=20&seed=1234182160389&river=0&coast=0&farms=1&citadel=0&urban_castle=0&hub=0&plaza=0&greens=0&temple=0&walls=0&shantytown=0&style=natural
390,Dogportwell,Bearse,Bearse County,Dawnwalia,Principality of Dawnwalia,阿诺（人类）,Embergrakecism,town,2077,7922.2,3487.9,-35.36,104.77,49,14°C,Washington (D.C.),,,,,,,,{t1:or;ordinaries:[{ordinary:orle;t:gules}];charges:[{charge:mullet6;t:sable;p:e;size:1.1}];shield:culture},https://watabou.github.io/city-generator/?name=Dogportwell&population=2077&size=17&seed=1234182160390&river=0&coast=0&farms=1&citadel=0&urban_castle=0&hub=0&plaza=0&greens=0&temple=0&walls=0&shantytown=0&style=natural
391,Zach,Zel,Zel County,Srach,Grand Duchy of Srach,阿拉戈（蛛形）,Deities of the Amber Cold,village,1785,4834.4,1506.89,35.84,-6.22,9,10°C,London (England),,,,,,,,{t1:gules;charges:[{charge:grapeBunch;t:argent;p:e;t2:argent;t3:argent;size:1.5}];shield:culture},https://watabou.github.io/village-generator/?pop=1785&name=Zach&seed=1234182160391&width=1600&height=780&style=default&tags=river%2Chighway%2Cno+square%2Cdense
392,Fruict,Phax,Phax Department,Engai,Republic of Engai,狗头人（哥布林）,Old Gneabligzism,town,2143,2553.22,3239.33,-26.43,-88.22,225,22°C,Guangzhou (China),,,,,,,,{t1:bendy-argent-purpure;division:{division:perPale;t:gules;line:straight};ordinaries:[{ordinary:bordure;t:azure}];shield:culture},https://watabou.github.io/city-generator/?name=Fruict&population=2143&size=17&seed=1234182160392&river=1&coast=0&farms=1&citadel=0&urban_castle=0&hub=0&plaza=0&greens=0&temple=0&walls=0&shantytown=0&style=natural
393,Drododra,Brazadh,Brazadh Province,Engai,Republic of Engai,乌格卢克（兽人）,乌格卢克（兽人） Forefathers,town,8850,1883.67,1754.12,26.95,-112.29,9,17°C,Lisbon (Portugal),,,,,,,,{t1:azure;charges:[{charge:key;t:argent;p:e;size:1.5}];shield:culture},https://watabou.github.io/city-generator/?name=Drododra&population=8850&size=30&seed=1234182160393&river=1&coast=0&farms=1&citadel=0&urban_castle=0&hub=0&plaza=0&greens=0&temple=0&walls=0&shantytown=0&style=natural
394,Galkug,Yudhyrgu,Yudhyrgu County,Giruzar,Giruzar Empire,尤顿（巨人）,Embergrakecism,village,1566,7820.57,2916.44,-14.82,101.12,64,28°C,Bangkok (Thailand),,,,,,,,{t1:vert;division:{division:perPale;t:argent;line:straight};ordinaries:[{ordinary:canton;t:or;divided:counter}];shield:culture},https://watabou.github.io/village-generator/?pop=1566&name=Galkug&seed=1234182160394&width=1600&height=780&style=default&tags=dead+end%2Cno+square%2Cdense
395,Ingarkaram,Gahourg,Gahourg County,Solka,Kingdom of Solka,尤顿（巨人）,尤顿（巨人） Druidism,village,1262,8421.12,2066.06,15.74,122.71,400,24°C,Dakar (Senegal),,port,,,,,,{t1:argent;division:{division:perFess;t:vert;line:flechy};charges:[{charge:mulletPierced;t:purpure;p:k;size:0.7};{charge:lighthouse;t:or;p:n;size:0.7}];shield:culture},https://watabou.github.io/village-generator/?pop=1262&name=Ingarkaram&seed=1234182160395&width=1400&height=683&style=default&tags=coast%2Chighway%2Cuncultivated%2Cno+square%2Cdense
396,Theltzakt,Gasinx,Gasinx County,Brat,Principality of Brat,狗头人（哥布林）,Old Gneabligzism,village,1264,3398.79,1605.12,32.31,-57.83,25,13°C,Milan (Italy),,,,walls,,,,{t1:azure;division:{division:perPale;t:argent;line:straight};charges:[{charge:dragonPassant;t:or;p:p;t2:or;t3:or;size:0.7};{charge:rake;t:vert;p:q;size:0.7}];shield:culture},https://watabou.github.io/village-generator/?pop=1264&name=Theltzakt&seed=1234182160396&width=1400&height=683&style=default&tags=estuary%2Chighway%2Cno+square%2Cpalisade%2Cdense
397,Zugkerozig,Rirgarak,Rirgarak County,Giruzar,Giruzar Empire,尤顿（巨人）,尤顿（巨人） Druidism,city,18637,7956.24,1823.79,24.45,106,81,19°C,Marrakesh (Morocco),,port,citadel,walls,,,,{t1:gules;division:{division:perPile;t:or;line:wavy};charges:[{charge:roundel2;t:argent;p:e;size:0.7}];shield:culture},https://watabou.github.io/city-generator/?name=Zugkerozig&population=18637&size=39&seed=1234182160397&river=1&coast=1&farms=1&citadel=1&urban_castle=0&hub=1&plaza=0&greens=0&temple=0&walls=1&shantytown=0&style=natural
398,Matheielene,Nylmsenilwen,Nylmsenilwen Prefecture,Yethmel,Republic of Yethmel,昆雅（精灵）,昆雅（精灵） Druidism,town,3448,7799.71,1318.65,42.6,100.37,36,5°C,Harbin (China),,,,,,,,{t1:gules;ordinaries:[{ordinary:label;t:argent}];charges:[{charge:doveDisplayed;t:argent;p:pqn;t2:argent;size:0.5}];shield:culture},https://watabou.github.io/city-generator/?name=Matheielene&population=3448&size=21&seed=1234182160398&river=0&coast=0&farms=1&citadel=0&urban_castle=0&hub=0&plaza=0&greens=0&temple=0&walls=0&shantytown=0&style=natural
399,Prolx,Gneabsil,Gneabsil County,Zrio,Kingdom of Zrio,狗头人（哥布林）,Old Gneabligzism,town,2337,1642.3,3409.82,-32.56,-120.97,289,15°C,Rome (Italy),,,citadel,,,,,{t1:masoned-azure-or-small;ordinaries:[{ordinary:pileInBend;t:or}];charges:[{charge:bowWithThreeArrows;t:argent;p:cg;t2:argent;t3:argent;size:0.7}];shield:culture},https://watabou.github.io/city-generator/?name=Prolx&population=2337&size=18&seed=1234182160399&river=0&coast=0&farms=1&citadel=1&urban_castle=0&hub=0&plaza=0&greens=0&temple=0&walls=0&shantytown=0&style=natural
400,Narguge,Tolde,Tolde County,Solka,Kingdom of Solka,尤顿（巨人）,尤顿（巨人） Druidism,village,967,8908.62,1817.72,24.67,140.23,81,19°C,Marrakesh (Morocco),,,,,,,,{t1:sable;charges:[{charge:horsePassant;t:or;p:e;t2:or;size:1.5}];shield:culture},https://watabou.github.io/village-generator/?pop=967&name=Narguge&seed=1234182160400&width=1000&height=488&style=default&tags=dead+end%2Cuncultivated%2Cno+square%2Cdense
401,Drard,Shatreora,Shatreora County,Solka,Kingdom of Solka,尤顿（巨人）,尤顿（巨人） Druidism,town,2637,8736.35,1973.52,19.07,134.04,1225,16°C,Dubrovnik (Croatia),,,,,,,,{t1:barryBendy-sable-argent;division:{division:chevronny;t:or};charges:[{charge:horsePassant;t:azure;p:e;t2:azure;size:1.5}];shield:culture},https://watabou.github.io/city-generator/?name=Drard&population=2637&size=19&seed=1234182160401&river=0&coast=0&farms=1&citadel=0&urban_castle=0&hub=0&plaza=0&greens=0&temple=0&walls=0&shantytown=0&style=natural
402,Khano,,,Neutrals,undefined,杜兰迪尔（人类）,杜兰迪尔（人类） Beliefs,town,7286,4486.9,3967.7,-52.61,-18.71,4,1°C,Arkhangelsk (Russia),,,,,,,,{t1:or;ordinaries:[{ordinary:terrace;t:azure;line:straight}];charges:[{charge:cock;t:azure;p:e;t2:sable;t3:azure;size:1.5}];shield:culture},https://watabou.github.io/city-generator/?name=Khano&population=7286&size=27&seed=1234182160402&river=0&coast=0&farms=0&citadel=0&urban_castle=0&hub=0&plaza=0&greens=0&temple=0&walls=0&shantytown=0&style=natural
403,Galera,Nadab,Nadab County,Giruzar,Giruzar Empire,尤顿（巨人）,尤顿（巨人） Druidism,village,1835,7817.18,2157.45,12.46,101,100,28°C,Bangkok (Thailand),,,,,,,,{t1:gules;charges:[{charge:crossAnkh;t:argent;p:e;size:1.5}];shield:culture},https://watabou.github.io/village-generator/?pop=1835&name=Galera&seed=1234182160403&width=1600&height=780&style=default&tags=dead+end%2Cno+orchards%2Cno+square%2Cdense
404,Selhora,Shaulal,Shaulal County,Olerin,Olerin Empire,昆雅（精灵）,昆雅（精灵） Druidism,village,1729,6917.85,1764.57,26.58,68.67,361,14°C,Washington (D.C.),,,,,,,,{t1:chainy-argent-vert;ordinaries:[{ordinary:chevronReversed;t:sable}];charges:[{charge:crossPatteeAlisee;t:sable;p:b;size:0.5}];shield:culture},https://watabou.github.io/village-generator/?pop=1729&name=Selhora&seed=1234182160404&width=1600&height=780&style=default&tags=river%2Chighway%2Cno+square%2Cdense
405,Rirgun,Ganeya,Ganeya County,Tolnarg,Grand Duchy of Tolnarg,尤顿（巨人）,Embergrakecism,city,13876,8395.42,2861.26,-12.84,121.78,1849,16°C,Dubrovnik (Croatia),,,,,,,,{t1:masoned-argent-sable;charges:[{charge:wolfHeadErased;t:vert;p:e;t2:gules;size:1.5}];shield:culture},https://watabou.github.io/city-generator/?name=Rirgun&population=13876&size=35&seed=1234182160405&river=0&coast=0&farms=1&citadel=0&urban_castle=0&hub=0&plaza=0&greens=0&temple=0&walls=0&shantytown=0&style=natural
406,Chach,Zel,Zel County,Srach,Grand Duchy of Srach,阿拉戈（蛛形）,Deities of the Amber Cold,town,4327,4774.4,1459.25,37.55,-8.38,36,9°C,Copenhagen (Denmark),,,,,,,,{t1:argent;division:{division:perCross;t:purpure;line:engrailed};shield:culture},https://watabou.github.io/city-generator/?name=Chach&population=4327&size=23&seed=1234182160406&river=0&coast=0&farms=1&citadel=0&urban_castle=0&hub=0&plaza=0&greens=0&temple=0&walls=0&shantytown=0&style=natural
407,Mithlunye,Srokharb,Srokharb Captaincy,Kyathlulil,Kingdom of Kyathlulil,昆雅（精灵）,昆雅（精灵） Druidism,town,6347,5905.57,2117.23,13.9,32.28,64,28°C,Bangkok (Thailand),,port,citadel,,,,,{t1:or;charges:[{charge:plaice;t:gules;p:e;t2:gules;size:1.5}];shield:culture},https://watabou.github.io/city-generator/?name=Mithlunye&population=6347&size=26&seed=1234182160407&river=1&coast=1&farms=1&citadel=1&urban_castle=0&hub=0&plaza=0&greens=0&temple=0&walls=0&shantytown=0&style=natural
408,Lindizarki,Brem,Brem Earldom,Giruzar,Giruzar Empire,尤顿（巨人）,Embergrakecism,town,2616,7639.31,2660.01,-5.61,94.6,64,30°C,Khartoum (Sudan),,,,,,,,{t1:sable;charges:[{charge:crossCalvary;t:argent;p:jln;size:0.7}];shield:culture},https://watabou.github.io/city-generator/?name=Lindizarki&population=2616&size=19&seed=1234182160408&river=1&coast=0&farms=0&citadel=0&urban_castle=0&hub=1&plaza=0&greens=0&temple=0&walls=0&shantytown=0&style=natural
409,Driord,Wat,Wat Captaincy,Vreagab,Kingdom of Vreagab,狗头人（哥布林）,Old Gneabligzism,village,963,3237.49,1448.25,37.95,-63.62,49,9°C,Copenhagen (Denmark),,,,,,,,{t1:vert;ordinaries:[{ordinary:fess;t:argent;line:straight}];charges:[{charge:lionHeadErased;t:vert;p:e;t2:argent;size:0.7}];shield:culture},https://watabou.github.io/village-generator/?pop=963&name=Driord&seed=1234182160409&width=1000&height=488&style=default&tags=dead+end%2Cfarmland%2Cno+square%2Cdense
410,Mondhillde,Mondhillde,Mondhillde Department,Engai,Republic of Engai,戴尔（人类）,戴尔（人类） Spirits,town,8628,2115.07,1208.04,46.58,-103.97,36,2°C,Anchorage (Alaska),,port,,walls,plaza,,,{t1:argent;charges:[{charge:lionPassantGuardant;t:gules;p:e;t2:gules;t3:gules;size:1.5}];shield:culture},https://watabou.github.io/city-generator/?name=Mondhillde&population=8628&size=29&seed=1234182160410&river=1&coast=1&farms=0&citadel=0&urban_castle=0&hub=0&plaza=1&greens=1&temple=0&walls=1&shantytown=0&style=natural
411,Brat,Vekz,Vekz County,Brat,Principality of Brat,狗头人（哥布林）,Old Gneabligzism,city,12968,3382.6,1112.68,50.01,-58.41,100,-3°C,Okhotsk (Russia),,,,,plaza,,,{t1:argent;charges:[{charge:goutte;t:gules;p:e;size:1.5}];shield:culture},https://watabou.github.io/city-generator/?name=Brat&population=12968&size=34&seed=1234182160411&river=0&coast=0&farms=0&citadel=0&urban_castle=0&hub=0&plaza=1&greens=1&temple=0&walls=0&shantytown=0&style=natural
412,Ghiz,Kuzg,Kuzg County,Zrio,Kingdom of Zrio,乌格卢克（兽人）,乌格卢克（兽人） Forefathers,village,822,1289.97,1974.21,19.04,-133.63,100,25°C,Miami (USA),,port,,,,,,{t1:vert;division:{division:chevronny;t:argent};charges:[{charge:crescent;t:or;p:kn;divided:counter;size:0.7;reversed:1}];shield:culture},https://watabou.github.io/village-generator/?pop=822&name=Ghiz&seed=1234182160412&width=1000&height=488&style=default&tags=coast%2Chighway%2Cno+square%2Cdense
413,Nelwoluch,Vigkandi,Vigkandi County,Solka,Kingdom of Solka,尤顿（巨人）,尤顿（巨人） Druidism,town,2985,8395.7,1578.4,33.27,121.79,4,10°C,London (England),,,,,,,,{t1:gules;ordinaries:[{ordinary:chief;t:or;line:straight}];charges:[{charge:shears;t:purpure;p:abc;size:0.5}];shield:culture},https://watabou.github.io/city-generator/?name=Nelwoluch&population=2985&size=20&seed=1234182160413&river=0&coast=0&farms=1&citadel=0&urban_castle=0&hub=0&plaza=0&greens=0&temple=0&walls=0&shantytown=0&style=natural
414,Moft,Wat,Wat Captaincy,Vreagab,Kingdom of Vreagab,狗头人（哥布林）,Old Gneabligzism,village,1236,3163.87,1502.59,35.99,-66.27,169,9°C,Copenhagen (Denmark),,,,,,,,{t1:gules;charges:[{charge:helmetCorinthian;t:argent;p:jln;t2:argent;t3:argent;size:0.7}];shield:culture},https://watabou.github.io/village-generator/?pop=1236&name=Moft&seed=1234182160414&width=1400&height=683&style=default&tags=highway%2Cno+square%2Cdense
415,Glam,Vekz,Vekz County,Brat,Principality of Brat,狗头人（哥布林）,Old Gneabligzism,town,2335,3411.84,1137.7,49.11,-57.36,100,0°C,Murmansk (Russia),,,,,,,,{t1:or;charges:[{charge:lionPassantGuardant;t:sable;p:e;t2:sable;t3:gules;size:1.5}];shield:culture},https://watabou.github.io/city-generator/?name=Glam&population=2335&size=18&seed=1234182160415&river=0&coast=0&farms=0&citadel=0&urban_castle=0&hub=0&plaza=0&greens=0&temple=0&walls=0&shantytown=0&style=natural
416,Throthar,Gahourg,Gahourg County,Solka,Kingdom of Solka,尤顿（巨人）,尤顿（巨人） Druidism,town,5508,8351.11,1716.63,28.3,120.19,81,16°C,Dubrovnik (Croatia),,,,,,,,{t1:argent;division:{division:perFess;t:sable;line:straight};ordinaries:[{ordinary:chief;t:azure;line:straight}];charges:[{charge:fusil;t:or;p:abc;size:0.5}];shield:culture},https://watabou.github.io/city-generator/?name=Throthar&population=5508&size=25&seed=1234182160416&river=0&coast=0&farms=1&citadel=0&urban_castle=0&hub=0&plaza=0&greens=0&temple=0&walls=0&shantytown=0&style=natural
417,Narud,Lightia,Lightia Landgrave,Vreagab,Kingdom of Vreagab,乌格卢克（兽人）,乌格卢克（兽人） Forefathers,village,1188,2511.44,1582.22,33.13,-89.72,256,11°C,Antwerp (Belgium),,,citadel,,,,,{t1:argent;ordinaries:[{ordinary:pale;t:azure;line:straight}];charges:[{charge:wheel;t:argent;p:beh;size:0.5}];shield:culture},https://watabou.github.io/village-generator/?pop=1188&name=Narud&seed=1234182160417&width=1400&height=683&style=default&tags=river%2Chighway%2Cno+square%2Cdense
418,Jorbiln,Gahourg,Gahourg County,Solka,Kingdom of Solka,尤顿（巨人）,尤顿（巨人） Druidism,town,8128,8396.94,2024.38,17.24,121.84,441,23°C,Rio de Janeiro (Brazil),,,,walls,,,,{t1:gules;division:{division:perFess;t:or;line:arched};charges:[{charge:pincers;t:argent;p:kn;size:0.7}];shield:culture},https://watabou.github.io/city-generator/?name=Jorbiln&population=8128&size=29&seed=1234182160418&river=0&coast=0&farms=1&citadel=0&urban_castle=0&hub=0&plaza=0&greens=0&temple=0&walls=1&shantytown=0&style=natural
419,Rorest,Gloomhorn,Gloomhorn County,Dawnwalia,Principality of Dawnwalia,阿诺（人类）,Embergrakecism,town,4703,8059.62,3765.53,-45.34,109.71,64,6°C,Stockholm (Sweden),,,,,,,,{t1:purpure;ordinaries:[{ordinary:fessCotissed;t:or;line:wavy}];charges:[{charge:plaice;t:gules;p:def;t2:gules;size:0.5}];shield:culture},https://watabou.github.io/city-generator/?name=Rorest&population=4703&size=23&seed=1234182160419&river=0&coast=0&farms=1&citadel=0&urban_castle=0&hub=0&plaza=0&greens=0&temple=0&walls=0&shantytown=0&style=natural
420,Phigli,Phax,Phax Department,Engai,Republic of Engai,狗头人（哥布林）,Old Gneabligzism,village,1776,2819.06,3079.02,-20.67,-78.67,81,26°C,Jakarta (Indonesia),,,,,,,,{t1:azure;division:{division:perCross;t:argent;line:dovetailedIndented};charges:[{charge:triangle;t:or;p:j;size:0.6};{charge:hand;t:azure;p:l;size:0.6};{charge:palace;t:sable;p:m;size:0.6};{charge:crossBurgundy;t:argent;p:o;size:0.6}];shield:culture},https://watabou.github.io/village-generator/?pop=1776&name=Phigli&seed=1234182160420&width=1600&height=780&style=default&tags=river%2Chighway%2Cno+square%2Cdense
421,Shatrekhaz,Yudhyrgu,Yudhyrgu County,Giruzar,Giruzar Empire,尤顿（巨人）,Embergrakecism,village,515,8173.19,2431.36,2.61,113.79,625,26°C,Jakarta (Indonesia),,,,,,,,{t1:azure;ordinaries:[{ordinary:pall;t:argent}];charges:[{charge:unicornRampant;t:azure;p:jleh;t2:or;t3:argent;size:0.5}];shield:culture},https://watabou.github.io/village-generator/?pop=515&name=Shatrekhaz&seed=1234182160421&width=1000&height=488&style=default&tags=dead+end%2Cno+square%2Cdense
422,Ikh-Ug,Ikh-Ug,Ikh-Ug County,Zrio,Kingdom of Zrio,乌格卢克（兽人）,乌格卢克（兽人） Forefathers,town,11471,1593.64,2703.1,-7.16,-122.71,4,30°C,Khartoum (Sudan),,,,,plaza,,,{t1:argent;ordinaries:[{ordinary:orle;t:azure}];charges:[{charge:snail;t:azure;p:e;t2:azure;size:1.1}];shield:culture},https://watabou.github.io/city-generator/?name=Ikh-Ug&population=11471&size=33&seed=1234182160422&river=1&coast=0&farms=1&citadel=0&urban_castle=0&hub=0&plaza=1&greens=1&temple=0&walls=0&shantytown=0&style=natural
423,Curcoast,Griron,Griron Shire,Dawnwalia,Principality of Dawnwalia,阿诺（人类）,Embergrakecism,city,13478,8090.2,3515.5,-36.36,110.81,361,12°C,Paris (France),,,,,,,,{t1:purpure;ordinaries:[{ordinary:gemelle;t:or;line:straight}];charges:[{charge:bowWithThreeArrows;t:or;p:abc;t2:or;t3:or;size:0.5}];shield:culture},https://watabou.github.io/city-generator/?name=Curcoast&population=13478&size=35&seed=1234182160423&river=0&coast=0&farms=1&citadel=0&urban_castle=0&hub=1&plaza=0&greens=0&temple=0&walls=0&shantytown=0&style=natural
424,Brid,Gneabsil,Gneabsil County,Zrio,Kingdom of Zrio,狗头人（哥布林）,Old Gneabligzism,town,2613,1584.98,3355.36,-30.6,-123.03,400,15°C,Rome (Italy),,,,,,,,{t1:azure;ordinaries:[{ordinary:pallReversed;t:or;line:engrailed}];charges:[{charge:triangle;t:gules;p:bemo;size:0.5}];shield:culture},https://watabou.github.io/city-generator/?name=Brid&population=2613&size=19&seed=1234182160424&river=0&coast=0&farms=1&citadel=0&urban_castle=0&hub=0&plaza=0&greens=0&temple=0&walls=0&shantytown=0&style=natural
425,Chaullemar,Thalya,Thalya County,Olerin,Olerin Empire,昆雅（精灵）,昆雅（精灵） Druidism,village,951,6383.88,1365.96,40.9,49.48,256,4°C,Reykjavik (Iceland),,,,,,,,{t1:or;charges:[{charge:crossFleury;t:gules;p:jln;size:0.7}];shield:culture},https://watabou.github.io/village-generator/?pop=951&name=Chaullemar&seed=1234182160425&width=1000&height=488&style=snow&tags=dead+end%2Cfarmland%2Cno+square%2Cdense
426,Chiafboif,Qosx,Qosx Department,Engai,Republic of Engai,狗头人（哥布林）,Old Gneabligzism,fort,923,2871.8,3239.42,-26.43,-76.77,25,23°C,Rio de Janeiro (Brazil),,,citadel,,,,,{t1:argent;charges:[{charge:anchor;t:sable;p:e;size:1.5}];shield:culture},null
427,Kinez,Gahourg,Gahourg County,Solka,Kingdom of Solka,尤顿（巨人）,尤顿（巨人） Druidism,village,1857,8348.8,1608.22,32.2,120.11,25,13°C,Milan (Italy),,,,,,,,{t1:argent;division:{division:perCross;t:purpure;line:straight};ordinaries:[{ordinary:terrace;t:gules;line:straight}];charges:[{charge:horsePassant;t:gules;p:e;t2:gules;size:1.5}];shield:culture},https://watabou.github.io/village-generator/?pop=1857&name=Kinez&seed=1234182160427&width=1600&height=780&style=default&tags=highway%2Cno+square%2Cdense
428,Solkandukk,Solkandukk,Solkandukk Territory,Olerin,Olerin Empire,尤顿（巨人）,尤顿（巨人） Druidism,town,7308,6554.27,2515.96,-0.43,55.6,441,27°C,Mogadishu (Somalia),,,,,,,,{t1:azure;charges:[{charge:cannon;t:argent;p:e;t2:or;size:1.5}];shield:culture},https://watabou.github.io/city-generator/?name=Solkandukk&population=7308&size=27&seed=1234182160428&river=0&coast=0&farms=0&citadel=0&urban_castle=0&hub=0&plaza=0&greens=0&temple=0&walls=0&shantytown=0&style=natural
429,Qash,Kuzg,Kuzg County,Zrio,Kingdom of Zrio,乌格卢克（兽人）,乌格卢克（兽人） Forefathers,village,1835,1356.25,2198.53,10.98,-131.25,64,29°C,Niamey (Niger),,port,,,,,,{t1:vert;ordinaries:[{ordinary:pale;t:argent;line:invecked}];charges:[{charge:drakkar;t:vert;p:e;t2:vert;t3:vert;size:0.7}];shield:culture},https://watabou.github.io/village-generator/?pop=1835&name=Qash&seed=1234182160429&width=1600&height=780&style=default&tags=coast%2Chighway%2Cfarmland%2Cno+orchards%2Cno+square%2Cdense
430,Veekz,Iah,Iah Province,Engai,Republic of Engai,狗头人（哥布林）,Old Gneabligzism,village,1099,3196.26,2396.92,3.85,-65.11,121,29°C,Niamey (Niger),,,,,,,,{t1:ermine-argent-sable;ordinaries:[{ordinary:canton;t:azure;line:straight}];charges:[{charge:triangle;t:argent;p:y;size:0.5}];shield:culture},https://watabou.github.io/village-generator/?pop=1099&name=Veekz&seed=1234182160430&width=1400&height=683&style=default&tags=dead+end%2Cno+orchards%2Cno+square%2Cdense
431,Froththorn,Froth,Froth County,Solka,Kingdom of Solka,尤顿（巨人）,尤顿（巨人） Druidism,town,5047,9012.96,1662.41,30.25,143.98,16,16°C,Dubrovnik (Croatia),,,,,,,,{t1:sable;charges:[{charge:pincers;t:argent;p:jln;size:0.7}];shield:culture},https://watabou.github.io/city-generator/?name=Froththorn&population=5047&size=24&seed=1234182160431&river=0&coast=0&farms=1&citadel=0&urban_castle=0&hub=0&plaza=0&greens=0&temple=0&walls=0&shantytown=0&style=natural
432,Khabar,Migez,Migez Earldom,Tolnarg,Grand Duchy of Tolnarg,尤顿（巨人）,尤顿（巨人） Druidism,town,3935,8810.1,3237.4,-26.36,136.69,9,23°C,Rio de Janeiro (Brazil),,,,,,,,{t1:sable;charges:[{charge:crocodile;t:argent;p:e;t2:argent;size:1.5}];shield:culture},https://watabou.github.io/city-generator/?name=Khabar&population=3935&size=22&seed=1234182160432&river=0&coast=0&farms=1&citadel=0&urban_castle=0&hub=0&plaza=0&greens=0&temple=0&walls=0&shantytown=0&style=natural
433,Mithlondrin,Mythshele,Mythshele County,Olerin,Olerin Empire,昆雅（精灵）,昆雅（精灵） Druidism,town,3863,6109.23,2103.29,14.4,39.6,256,26°C,Jakarta (Indonesia),,,citadel,,,,,{t1:chainy-argent-vert;division:{division:perBend;t:gules;line:straight};ordinaries:[{ordinary:pallReversed;t:purpure}];shield:culture},https://watabou.github.io/city-generator/?name=Mithlondrin&population=3863&size=22&seed=1234182160433&river=0&coast=0&farms=1&citadel=1&urban_castle=0&hub=0&plaza=0&greens=0&temple=0&walls=0&shantytown=0&style=natural
434,Vrobrun,Ikh-Ug,Ikh-Ug County,Zrio,Kingdom of Zrio,乌格卢克（兽人）,乌格卢克（兽人） Forefathers,village,1011,1602.17,2609.56,-3.79,-122.41,4,30°C,Khartoum (Sudan),,,,,,,,{t1:sable;charges:[{charge:bookClosed;t:argent;p:e;t2:argent;t3:argent;size:1.5}];shield:culture},https://watabou.github.io/village-generator/?pop=1011&name=Vrobrun&seed=1234182160434&width=1400&height=683&style=default&tags=dead+end%2Cno+orchards%2Cno+square%2Cdense
435,Kakvan,Srokharb,Srokharb Captaincy,Kyathlulil,Kingdom of Kyathlulil,尤顿（巨人）,尤顿（巨人） Druidism,town,4356,5892.61,2388.78,4.14,31.82,64,30°C,Khartoum (Sudan),,,,,,,,{t1:argent;ordinaries:[{ordinary:chief;t:sable;line:straight}];charges:[{charge:mullet;t:sable;p:emo;size:0.5}];shield:culture},https://watabou.github.io/city-generator/?name=Kakvan&population=4356&size=23&seed=1234182160435&river=0&coast=0&farms=1&citadel=0&urban_castle=0&hub=0&plaza=0&greens=0&temple=0&walls=0&shantytown=0&style=natural
436,Stryt,Bratliaq,Bratliaq Department,Engai,Republic of Engai,狗头人（哥布林）,Old Gneabligzism,town,6815,2600.53,2413.94,3.24,-86.52,1849,18°C,Barcelona (Spain),,,,,,,,{t1:argent;division:{division:perPile;t:gules;line:invecked};charges:[{charge:raven;t:sable;p:be;t2:sable;size:0.5}];shield:culture},https://watabou.github.io/city-generator/?name=Stryt&population=6815&size=27&seed=1234182160436&river=0&coast=0&farms=1&citadel=0&urban_castle=0&hub=0&plaza=0&greens=0&temple=0&walls=0&shantytown=0&style=natural
437,Zigibale,Yudhyrgu,Yudhyrgu County,Giruzar,Giruzar Empire,尤顿（巨人）,Embergrakecism,village,1095,7917.33,2595.04,-3.27,104.6,121,29°C,Niamey (Niger),,,,,,,,{t1:gules;division:{division:perFess;t:or;line:straight};shield:culture},https://watabou.github.io/village-generator/?pop=1095&name=Zigibale&seed=1234182160437&width=1400&height=683&style=default&tags=river%2Cisolated%2Cno+orchards%2Cno+square%2Cdense
438,Throthug,Vigkandi,Vigkandi County,Solka,Kingdom of Solka,尤顿（巨人）,尤顿（巨人） Druidism,town,2395,8599.46,1827.15,24.33,129.12,81,19°C,Marrakesh (Morocco),,,,,,,,{t1:azure;charges:[{charge:swallow;t:argent;p:e;t2:argent;size:1.5;sinister:1}];shield:culture},https://watabou.github.io/city-generator/?name=Throthug&population=2395&size=18&seed=1234182160438&river=0&coast=0&farms=1&citadel=0&urban_castle=0&hub=0&plaza=0&greens=0&temple=0&walls=0&shantytown=0&style=natural
439,Srurd,Srefs,Srefs Earldom,Zrio,Kingdom of Zrio,狗头人（哥布林）,Old Gneabligzism,village,799,1757.67,2910.3,-14.6,-116.82,9,28°C,Bangkok (Thailand),,,,,,,,{t1:sable;ordinaries:[{ordinary:fess;t:or;line:straight}];charges:[{charge:bearRampant;t:sable;p:def;t2:argent;t3:or;size:0.5}];shield:culture},https://watabou.github.io/village-generator/?pop=799&name=Srurd&seed=1234182160439&width=1000&height=488&style=default&tags=dead+end%2Cno+square%2Cdense
440,Golgagri,Brazadh,Brazadh Province,Engai,Republic of Engai,乌格卢克（兽人）,乌格卢克（兽人） Forefathers,town,7571,1813.89,1757.46,26.83,-114.8,9,17°C,Lisbon (Portugal),,,,,,,,{t1:sable;division:{division:perCross;t:argent;line:embattled};charges:[{charge:mulletPierced;t:or;p:j;size:0.6};{charge:anchor;t:azure;p:l;size:0.6};{charge:eagleTwoHeads;t:gules;p:m;size:0.6};{charge:caravel;t:or;p:o;size:0.6}];shield:culture},https://watabou.github.io/city-generator/?name=Golgagri&population=7571&size=28&seed=1234182160440&river=0&coast=0&farms=1&citadel=0&urban_castle=0&hub=0&plaza=0&greens=0&temple=0&walls=0&shantytown=0&style=natural
441,Gobtong,Croi,Croi Earldom,Zrio,Kingdom of Zrio,狗头人（哥布林）,Old Gneabligzism,town,6693,1828.63,3319.45,-29.31,-114.27,400,17°C,Lisbon (Portugal),,,citadel,,,,,{t1:gules;division:{division:perBend;t:argent;line:straight};charges:[{charge:arbalest2;t:or;p:e;divided:counter;size:1.5}];shield:culture},https://watabou.github.io/city-generator/?name=Gobtong&population=6693&size=27&seed=1234182160441&river=0&coast=0&farms=1&citadel=1&urban_castle=0&hub=0&plaza=0&greens=0&temple=0&walls=0&shantytown=0&style=natural
442,Zrigud,Gurmurd,Gurmurd Captaincy,Vreagab,Kingdom of Vreagab,乌格卢克（兽人）,乌格卢克（兽人） Forefathers,fort,943,2911.33,1567.68,33.65,-75.35,289,11°C,Antwerp (Belgium),,,citadel,,,,,{t1:bendy-argent-sable;ordinaries:[{ordinary:saltireParted;t:gules;line:straight}];charges:[{charge:mulletFaceted;t:vert;p:e;size:1.5}];shield:culture},null
443,Lefdoma,Laughed,Laughed County,Karion,Protectorate of Karion,昆雅（精灵）,昆雅（精灵） Druidism,town,5965,7556.07,1326.1,42.34,91.61,49,5°C,Harbin (China),,port,,,,,,{t1:argent;division:{division:perPale;t:sable;line:rayonne};charges:[{charge:ladybird;t:azure;p:p;t2:azure;t3:gules;size:0.7};{charge:crossHummetty;t:or;p:q;size:0.7}];shield:culture},https://watabou.github.io/city-generator/?name=Lefdoma&population=5965&size=25&seed=1234182160443&river=1&coast=1&farms=1&citadel=0&urban_castle=0&hub=0&plaza=0&greens=0&temple=0&walls=0&shantytown=0&style=natural
444,Kindushund,Nylmsenilwen,Nylmsenilwen Prefecture,Yethmel,Republic of Yethmel,尤顿（巨人）,尤顿（巨人） Druidism,town,4033,8055.38,1729.89,27.82,109.56,100,16°C,Dubrovnik (Croatia),,,,,,,,{t1:gules;division:{division:perSaltire;t:argent};charges:[{charge:gear;t:or;p:ABCDEFGHIJKL;size:0.18};{charge:hook;t:or;p:e;size:1.5}];shield:culture},https://watabou.github.io/city-generator/?name=Kindushund&population=4033&size=22&seed=1234182160444&river=0&coast=0&farms=1&citadel=0&urban_castle=0&hub=0&plaza=0&greens=0&temple=0&walls=0&shantytown=0&style=natural
445,Shumun,Solkandukk,Solkandukk Territory,Olerin,Olerin Empire,尤顿（巨人）,尤顿（巨人） Druidism,village,1256,6676.5,2544.3,-1.45,59.99,529,27°C,Mogadishu (Somalia),,,,,,,,{t1:or;charges:[{charge:donkeyHeadCaboshed;t:gules;p:e;t2:azure;size:1.5}];shield:culture},https://watabou.github.io/village-generator/?pop=1256&name=Shumun&seed=1234182160445&width=1400&height=683&style=default&tags=dead+end%2Cno+orchards%2Cno+square%2Cdense
446,Nuzan,Tolde,Tolde County,Solka,Kingdom of Solka,尤顿（巨人）,尤顿（巨人） Druidism,village,681,8814.63,2186.81,11.4,136.85,256,27°C,Mogadishu (Somalia),,,,walls,,,,{t1:gules;division:{division:perBend;t:bendy-argent-purpure;line:straight};charges:[{charge:ramHeadErased;t:or;p:bcfdgh;t2:or;t3:or;divided:counter;size:0.4}];shield:culture},https://watabou.github.io/village-generator/?pop=681&name=Nuzan&seed=1234182160446&width=1000&height=488&style=default&tags=river%2Cdead+end%2Cuncultivated%2Cno+square%2Cpalisade%2Cdense
447,Watha,Phax,Phax Department,Engai,Republic of Engai,狗头人（哥布林）,Old Gneabligzism,town,2326,3006.76,3104.58,-21.59,-71.92,25,27°C,Mogadishu (Somalia),,port,,,,,,{t1:sable;charges:[{charge:escallop;t:or;p:jln;size:0.7}];shield:culture},https://watabou.github.io/city-generator/?name=Watha&population=2326&size=18&seed=1234182160447&river=1&coast=1&farms=0&citadel=0&urban_castle=0&hub=1&plaza=0&greens=0&temple=0&walls=0&shantytown=0&style=natural&sea=1.66
448,Dewgcoast,Dewgcoast,Dewgcoast County,Milstar,Kingdom of Milstar,阿诺（人类）,Embergrakecism,town,8576,6753.36,3125.21,-22.33,62.76,225,23°C,Rio de Janeiro (Brazil),,port,,,,,,{t1:gules;charges:[{charge:drawingCompass;t:argent;p:e;size:1.5}];shield:culture},https://watabou.github.io/city-generator/?name=Dewgcoast&population=8576&size=29&seed=1234182160448&river=1&coast=1&farms=1&citadel=0&urban_castle=0&hub=0&plaza=0&greens=0&temple=0&walls=0&shantytown=0&style=natural
449,Gobgar,Krigh,Krigh County,Zrio,Kingdom of Zrio,狗头人（哥布林）,Old Gneabligzism,town,3542,1636.55,2961.57,-16.45,-121.17,9,28°C,Bangkok (Thailand),,,,,,,,{t1:sable;charges:[{charge:inescutcheon;t:argent;p:jln;size:0.7};{charge:lionRampant;t:gules;p:jln;size:0.35}];shield:culture},https://watabou.github.io/city-generator/?name=Gobgar&population=3542&size=21&seed=1234182160449&river=1&coast=0&farms=1&citadel=0&urban_castle=0&hub=0&plaza=0&greens=0&temple=0&walls=0&shantytown=0&style=natural
450,Sirniqesed,Zel,Zel County,Srach,Grand Duchy of Srach,阿拉戈（蛛形）,Deities of the Amber Cold,town,5810,4892.49,1288.78,43.68,-4.13,25,5°C,Harbin (China),,,,,,,,{t1:sable;charges:[{charge:carreau;t:argent;p:jlh;size:0.7}];shield:culture},https://watabou.github.io/city-generator/?name=Sirniqesed&population=5810&size=25&seed=1234182160450&river=0&coast=0&farms=1&citadel=0&urban_castle=0&hub=0&plaza=0&greens=0&temple=0&walls=0&shantytown=0&style=natural
451,Synathilte,Thvethelumye,Thvethelumye County,Kyathlulil,Kingdom of Kyathlulil,昆雅（精灵）,昆雅（精灵） Druidism,village,1165,5551.04,1797.38,25.4,19.54,121,19°C,Marrakesh (Morocco),,,,,,,,{t1:lozengy-argent-sable-smaller;charges:[{charge:dragonPassant;t:gules;p:e;t2:gules;t3:gules;size:1.5}];shield:culture},https://watabou.github.io/village-generator/?pop=1165&name=Synathilte&seed=1234182160451&width=1400&height=683&style=default&tags=highway%2Cno+square%2Cdense
452,Klear,Swa,Swa County,Brat,Principality of Brat,狗头人（哥布林）,Old Gneabligzism,village,1159,3810.4,1466.65,37.28,-43.03,121,8°C,Prague (Czechia),,,,walls,,,,{t1:azure;charges:[{charge:mullet;t:argent;p:e;size:1.5}];shield:culture},https://watabou.github.io/village-generator/?pop=1159&name=Klear&seed=1234182160452&width=1400&height=683&style=default&tags=highway%2Cfarmland%2Cno+square%2Cpalisade%2Cdense
453,Elmalin,Tlaumenalean,Tlaumenalean Barony,Olerin,Olerin Empire,昆雅（精灵）,昆雅（精灵） Druidism,town,5278,6049.19,2075.06,15.42,37.44,144,27°C,Mogadishu (Somalia),,port,,,,,,{t1:purpure;charges:[{charge:lymphad;t:argent;p:e;t2:argent;t3:argent;size:1.5}];shield:culture},https://watabou.github.io/city-generator/?name=Elmalin&population=5278&size=24&seed=1234182160453&river=1&coast=1&farms=1&citadel=0&urban_castle=0&hub=1&plaza=0&greens=0&temple=0&walls=0&shantytown=0&style=natural
454,Shathotale,Brem,Brem Earldom,Giruzar,Giruzar Empire,尤顿（巨人）,Embergrakecism,village,1147,7619.4,2545.6,-1.5,93.89,64,30°C,Khartoum (Sudan),,,,,,,,{t1:lozengy-or-gules;ordinaries:[{ordinary:pile;t:vert}];charges:[{charge:roundel2;t:argent;p:b;size:0.5}];shield:culture},https://watabou.github.io/village-generator/?pop=1147&name=Shathotale&seed=1234182160454&width=1400&height=683&style=default&tags=highway%2Cfarmland%2Cno+orchards%2Cno+square%2Cdense
455,Dawnfoveda,Bearse,Bearse County,Dawnwalia,Principality of Dawnwalia,阿诺（人类）,Embergrakecism,town,4181,7888.87,3173.79,-24.07,103.57,64,25°C,Miami (USA),,,,,,,,{t1:gules;division:{division:perCross;t:or;line:potentySinister};charges:[{charge:crossSaltire;t:argent;p:j;size:0.6};{charge:bell;t:purpure;p:l;size:0.6};{charge:boarHeadErased;t:gules;p:m;size:0.6};{charge:lozenge;t:argent;p:o;size:0.6}];shield:culture},https://watabou.github.io/city-generator/?name=Dawnfoveda&population=4181&size=22&seed=1234182160455&river=0&coast=0&farms=1&citadel=0&urban_castle=0&hub=0&plaza=0&greens=0&temple=0&walls=0&shantytown=0&style=natural
456,Fearvault,Bearse,Bearse County,Dawnwalia,Principality of Dawnwalia,阿诺（人类）,Embergrakecism,town,5253,7985.34,3192.54,-24.75,107.04,64,23°C,Rio de Janeiro (Brazil),,port,,,,,,{t1:argent;charges:[{charge:anchor;t:azure;p:e;size:1.5}];shield:culture},https://watabou.github.io/city-generator/?name=Fearvault&population=5253&size=24&seed=1234182160456&river=1&coast=1&farms=0&citadel=0&urban_castle=0&hub=0&plaza=0&greens=0&temple=0&walls=0&shantytown=0&style=natural
457,Suirx,Gasinx,Gasinx County,Brat,Principality of Brat,狗头人（哥布林）,Old Gneabligzism,town,2062,3600.59,1894.42,21.91,-50.57,121,21°C,Tegucigalpa (Honduras),,,,,,,,{t1:argent;division:{division:perCross;t:gules;line:raguly};shield:culture},https://watabou.github.io/city-generator/?name=Suirx&population=2062&size=17&seed=1234182160457&river=0&coast=0&farms=1&citadel=0&urban_castle=0&hub=1&plaza=0&greens=0&temple=0&walls=0&shantytown=0&style=natural
458,Srurd,Gasinx,Gasinx County,Brat,Principality of Brat,狗头人（哥布林）,Old Gneabligzism,village,1356,3571.55,1732.49,27.73,-51.62,225,16°C,Dubrovnik (Croatia),,,citadel,,,,,{t1:azure;division:{division:perPale;t:argent;line:dovetailed};charges:[{charge:scrollClosed;t:or;p:e;t2:or;size:1.5}];shield:culture},https://watabou.github.io/village-generator/?pop=1356&name=Srurd&seed=1234182160458&width=1400&height=683&style=default&tags=highway%2Cno+square%2Cdense
459,Sshande,Reshele,Reshele County,Kyathlulil,Kingdom of Kyathlulil,昆雅（精灵）,昆雅（精灵） Druidism,city,15613,5445.32,1814.49,24.78,15.74,121,19°C,Marrakesh (Morocco),,,citadel,walls,,,,{t1:azure;charges:[{charge:billet;t:argent;p:e;size:1.5}];shield:culture},https://watabou.github.io/city-generator/?name=Sshande&population=15613&size=37&seed=1234182160459&river=0&coast=0&farms=1&citadel=1&urban_castle=0&hub=1&plaza=0&greens=0&temple=0&walls=1&shantytown=0&style=natural
460,Chalk,Qeekork,Qeekork Governorate,Engai,Republic of Engai,狗头人（哥布林）,Old Gneabligzism,town,4787,2300.8,3185.06,-24.48,-97.3,9,25°C,Miami (USA),,port,,,,,,{t1:or;ordinaries:[{ordinary:fessCotissed;t:purpure;line:engrailed}];charges:[{charge:heart;t:argent;p:def;size:0.5}];shield:culture},https://watabou.github.io/city-generator/?name=Chalk&population=4787&size=23&seed=1234182160460&river=0&coast=1&farms=1&citadel=0&urban_castle=0&hub=1&plaza=0&greens=0&temple=0&walls=0&shantytown=0&style=natural&sea=1.23
461,Gafran,Srokharb,Srokharb Captaincy,Kyathlulil,Kingdom of Kyathlulil,昆雅（精灵）,昆雅（精灵） Druidism,town,4078,5836.67,2139.26,13.11,29.81,81,28°C,Bangkok (Thailand),,,,,,,,{t1:or;ordinaries:[{ordinary:pileInBend;t:vert}];charges:[{charge:crossTau;t:argent;p:eo;size:0.5}];shield:culture},https://watabou.github.io/city-generator/?name=Gafran&population=4078&size=22&seed=1234182160461&river=0&coast=0&farms=1&citadel=0&urban_castle=0&hub=0&plaza=0&greens=0&temple=0&walls=0&shantytown=0&style=natural
462,Gulukkvan,Unore,Unore County,Kyathlulil,Kingdom of Kyathlulil,尤顿（巨人）,尤顿（巨人） Druidism,town,2980,5745.22,2204.9,10.75,26.52,9,29°C,Niamey (Niger),,,,walls,,,,{t1:azure;charges:[{charge:basilisk;t:argent;p:e;t2:argent;t3:argent;size:1.5}];shield:culture},https://watabou.github.io/city-generator/?name=Gulukkvan&population=2980&size=20&seed=1234182160462&river=1&coast=0&farms=1&citadel=0&urban_castle=0&hub=1&plaza=0&greens=0&temple=0&walls=1&shantytown=0&style=natural
463,Erinas,Ynathes,Ynathes Captaincy,Kyathlulil,Kingdom of Kyathlulil,昆雅（精灵）,昆雅（精灵） Druidism,town,2297,5334.18,1382.57,40.31,11.74,169,5°C,Harbin (China),,,,,,,,{t1:argent;ordinaries:[{ordinary:bend;t:purpure;line:straight}];charges:[{charge:billet;t:argent;p:e;size:0.7}];shield:culture},https://watabou.github.io/city-generator/?name=Erinas&population=2297&size=18&seed=1234182160463&river=0&coast=0&farms=1&citadel=0&urban_castle=0&hub=0&plaza=0&greens=0&temple=0&walls=0&shantytown=0&style=natural
464,Nel-Sin,Nylmsenilwen,Nylmsenilwen Prefecture,Yethmel,Republic of Yethmel,昆雅（精灵）,昆雅（精灵） Druidism,village,1033,7669.26,1288.74,43.68,95.68,36,5°C,Harbin (China),,,,,,,,{t1:sable;division:{division:perPale;t:or;line:straight};charges:[{charge:goutte;t:argent;p:p;size:0.7};{charge:tower;t:purpure;p:q;size:0.7}];shield:culture},https://watabou.github.io/village-generator/?pop=1033&name=Nel-Sin&seed=1234182160464&width=1400&height=683&style=snow&tags=river%2Cdead+end%2Cno+square%2Cdense
465,Ranwyn,Ranwyn,Ranwyn County,Solka,Kingdom of Solka,尤顿（巨人）,尤顿（巨人） Druidism,town,7626,8569.5,1378.3,40.46,128.04,4,6°C,Stockholm (Sweden),,,,walls,,,,{t1:vair-azure-argent-small;division:{division:perBend;t:or;line:straight};ordinaries:[{ordinary:bendSinister;t:sable;line:straight}];shield:culture},https://watabou.github.io/city-generator/?name=Ranwyn&population=7626&size=28&seed=1234182160465&river=0&coast=0&farms=1&citadel=0&urban_castle=0&hub=0&plaza=0&greens=0&temple=0&walls=1&shantytown=0&style=natural
466,Aureshand,Lightia,Lightia Landgrave,Vreagab,Kingdom of Vreagab,戴尔（人类）,戴尔（人类） Spirits,town,6653,2367.07,1280.47,43.98,-94.91,196,4°C,Reykjavik (Iceland),,,,walls,,,,{t1:vert;charges:[{charge:crossMoline;t:argent;p:e;size:1.5}];shield:culture},https://watabou.github.io/city-generator/?name=Aureshand&population=6653&size=27&seed=1234182160466&river=0&coast=0&farms=1&citadel=0&urban_castle=0&hub=0&plaza=0&greens=0&temple=0&walls=1&shantytown=0&style=natural
467,Tlindhe,Rethe,Rethe Captaincy,Kyathlulil,Kingdom of Kyathlulil,昆雅（精灵）,昆雅（精灵） Druidism,town,3788,5120.92,1765.48,26.54,4.08,9,17°C,Lisbon (Portugal),,,,,,,,{t1:azure;division:{division:perCross;t:or;line:engrailed};charges:[{charge:bell;t:argent;p:jlmo;t2:argent;size:0.6}];shield:culture},https://watabou.github.io/city-generator/?name=Tlindhe&population=3788&size=21&seed=1234182160467&river=0&coast=0&farms=1&citadel=0&urban_castle=0&hub=0&plaza=0&greens=0&temple=0&walls=0&shantytown=0&style=natural
468,Vorilkabi,Vigkandi,Vigkandi County,Solka,Kingdom of Solka,尤顿（巨人）,尤顿（巨人） Druidism,village,1613,8584.51,1866.3,22.92,128.58,49,22°C,Guangzhou (China),,,,,,,,{t1:gules;charges:[{charge:swan;t:argent;p:e;t2:argent;t3:argent;size:1.5}];shield:culture},https://watabou.github.io/village-generator/?pop=1613&name=Vorilkabi&seed=1234182160468&width=1600&height=780&style=default&tags=river%2Chighway%2Cfarmland%2Cno+square%2Cdense
469,Grigh,Grigh,Grigh Earldom,Zrio,Kingdom of Zrio,乌格卢克（兽人）,乌格卢克（兽人） Forefathers,town,9844,1685.26,2697.11,-6.94,-119.42,9,29°C,Niamey (Niger),,port,,,,,,{t1:argent;ordinaries:[{ordinary:gyron;t:gules}];charges:[{charge:roundel;t:sable;p:bh;size:0.5}];shield:culture},https://watabou.github.io/city-generator/?name=Grigh&population=9844&size=31&seed=1234182160469&river=1&coast=1&farms=1&citadel=0&urban_castle=0&hub=1&plaza=0&greens=0&temple=0&walls=0&shantytown=0&style=natural
470,Ornohil,Unore,Unore County,Kyathlulil,Kingdom of Kyathlulil,昆雅（精灵）,昆雅（精灵） Druidism,town,5699,5775.06,1934.19,20.48,27.59,144,23°C,Rio de Janeiro (Brazil),,,,,,,,{t1:gules;charges:[{charge:lanceWithBanner;t:or;p:def;t2:or;t3:or;size:0.5}];shield:culture},https://watabou.github.io/city-generator/?name=Ornohil&population=5699&size=25&seed=1234182160470&river=0&coast=0&farms=1&citadel=0&urban_castle=0&hub=0&plaza=0&greens=0&temple=0&walls=0&shantytown=0&style=natural
471,Theodhe,Mernaram,Mernaram County,Milstar,Kingdom of Milstar,尤顿（巨人）,尤顿（巨人） Druidism,village,644,6510.69,2845.85,-12.29,54.03,625,25°C,Miami (USA),,,,,,,,{t1:gules;division:{division:chevronny;t:argent};charges:[{charge:bugleHorn2;t:or;p:jln;t2:or;divided:counter;size:0.7}];shield:culture},https://watabou.github.io/village-generator/?pop=644&name=Theodhe&seed=1234182160471&width=1000&height=488&style=default&tags=highway%2Cno+square%2Cdense
472,Gnok,Ulmzofs,Ulmzofs Province,Biok,Republic of Biok,狗头人（哥布林）,Old Gneabligzism,town,6336,3987.61,1937.81,20.35,-36.66,25,24°C,Dakar (Senegal),,,,,,,,{t1:barry-argent-gules-small;ordinaries:[{ordinary:bendlet;t:azure;line:straight}];shield:culture},https://watabou.github.io/city-generator/?name=Gnok&population=6336&size=26&seed=1234182160472&river=0&coast=0&farms=1&citadel=0&urban_castle=0&hub=0&plaza=0&greens=0&temple=0&walls=0&shantytown=0&style=natural
473,Gorthiz,Saquasanar,Saquasanar Barony,Olerin,Olerin Empire,尤顿（巨人）,尤顿（巨人） Druidism,town,4836,6293.51,2309.7,6.98,46.23,144,27°C,Mogadishu (Somalia),,port,,,,,,{t1:azure;ordinaries:[{ordinary:chief;t:argent;line:straight}];charges:[{charge:inescutcheon;t:azure;p:abc;size:0.5};{charge:dragonRampant;t:argent;p:abc;size:0.25}];shield:culture},https://watabou.github.io/city-generator/?name=Gorthiz&population=4836&size=24&seed=1234182160473&river=1&coast=1&farms=1&citadel=0&urban_castle=0&hub=0&plaza=0&greens=0&temple=0&walls=0&shantytown=0&style=natural
474,Krudh,Kuzg,Kuzg County,Zrio,Kingdom of Zrio,乌格卢克（兽人）,乌格卢克（兽人） Forefathers,village,1852,1657.65,2173.84,11.87,-120.41,169,28°C,Bangkok (Thailand),,,,,,,,{t1:azure;charges:[{charge:horseshoe;t:or;p:jln;size:0.7;reversed:1}];shield:culture},https://watabou.github.io/village-generator/?pop=1852&name=Krudh&seed=1234182160474&width=1600&height=780&style=default&tags=highway%2Cno+square%2Cdense
475,Yeebellunore,Ynathes,Ynathes Captaincy,Kyathlulil,Kingdom of Kyathlulil,昆雅（精灵）,昆雅（精灵） Druidism,town,4290,5348.96,1583.14,33.1,12.27,81,12°C,Paris (France),,,,walls,,,,{t1:argent;charges:[{charge:pillar;t:purpure;p:e;size:1.5}];shield:culture},https://watabou.github.io/city-generator/?name=Yeebellunore&population=4290&size=22&seed=1234182160475&river=0&coast=0&farms=1&citadel=0&urban_castle=0&hub=0&plaza=0&greens=0&temple=0&walls=1&shantytown=0&style=natural
476,Garam,Zugrim,Zugrim County,Giruzar,Giruzar Empire,尤顿（巨人）,尤顿（巨人） Druidism,town,5837,7486.32,2098.43,14.58,89.1,144,27°C,Mogadishu (Somalia),,port,,,,,,{t1:argent;charges:[{charge:lionRampant;t:sable;p:e;t2:sable;t3:gules;size:1.5}];shield:culture},https://watabou.github.io/city-generator/?name=Garam&population=5837&size=25&seed=1234182160476&river=1&coast=1&farms=1&citadel=0&urban_castle=0&hub=0&plaza=0&greens=0&temple=0&walls=0&shantytown=0&style=natural
477,Brozighe,Navaguguk,Navaguguk Barony,Shemnaselu,Grand Duchy of Shemnaselu,尤顿（巨人）,尤顿（巨人） Druidism,village,1230,5679.83,2196.81,11.04,24.17,36,29°C,Niamey (Niger),,port,,,,,,{t1:masoned-gules-argent;division:{division:perFess;t:or;line:straight};shield:culture},https://watabou.github.io/village-generator/?pop=1230&name=Brozighe&seed=1234182160477&width=1400&height=683&style=default&tags=coast%2Chighway%2Cno+orchards%2Cno+square%2Cdense
478,Sagrog,,,Neutrals,undefined,杜兰迪尔（人类）,杜兰迪尔（人类） Beliefs,town,5381,4198.73,4014.35,-54.29,-29.07,36,0°C,Murmansk (Russia),,,,,,,,{t1:azure;ordinaries:[{ordinary:bordure;t:argent}];charges:[{charge:fleurDeLis;t:sable;p:ABCDEFGHIJKL;t2:sable;size:0.18};{charge:cavalier;t:argent;p:e;size:1.1}];shield:culture},https://watabou.github.io/city-generator/?name=Sagrog&population=5381&size=24&seed=1234182160478&river=0&coast=0&farms=0&citadel=0&urban_castle=0&hub=0&plaza=0&greens=0&temple=0&walls=0&shantytown=0&style=natural
479,Kellemyran,Ynathes,Ynathes Captaincy,Kyathlulil,Kingdom of Kyathlulil,昆雅（精灵）,昆雅（精灵） Druidism,town,6229,5071.1,1521.79,35.3,2.29,25,10°C,London (England),,,,,,,,{t1:argent;ordinaries:[{ordinary:chevron;t:azure}];charges:[{charge:billet;t:argent;p:ach;size:0.5}];shield:culture},https://watabou.github.io/city-generator/?name=Kellemyran&population=6229&size=26&seed=1234182160479&river=0&coast=0&farms=1&citadel=0&urban_castle=0&hub=0&plaza=0&greens=0&temple=0&walls=0&shantytown=0&style=natural
480,Diranar,Somruch,Somruch Earldom,Giruzar,Giruzar Empire,尤顿（巨人）,尤顿（巨人） Druidism,city,13759,7110.47,1870.73,22.76,75.59,441,19°C,Marrakesh (Morocco),,,,walls,,,,{t1:sable;charges:[{charge:roundel2;t:argent;p:e;size:1.5}];shield:culture},https://watabou.github.io/city-generator/?name=Diranar&population=13759&size=35&seed=1234182160480&river=0&coast=0&farms=1&citadel=0&urban_castle=0&hub=0&plaza=0&greens=0&temple=0&walls=1&shantytown=0&style=natural
481,Griraram,Saquasanar,Saquasanar Barony,Olerin,Olerin Empire,尤顿（巨人）,尤顿（巨人） Druidism,town,5120,6354.02,2302.2,7.25,48.4,196,27°C,Mogadishu (Somalia),,port,,,plaza,,,{t1:gules;division:{division:perCross;t:or;line:straight};ordinaries:[{ordinary:mount;t:argent;divided:counter}];shield:culture},https://watabou.github.io/city-generator/?name=Griraram&population=5120&size=24&seed=1234182160481&river=1&coast=1&farms=1&citadel=0&urban_castle=0&hub=0&plaza=1&greens=1&temple=0&walls=0&shantytown=0&style=natural
482,Gobligz,Bratliaq,Bratliaq Department,Engai,Republic of Engai,狗头人（哥布林）,Old Gneabligzism,village,518,2631.3,2653.01,-5.36,-85.42,196,29°C,Niamey (Niger),,,,,,,,{t1:azure;ordinaries:[{ordinary:saltire;t:or;line:embattledGrady}];shield:culture},https://watabou.github.io/village-generator/?pop=518&name=Gobligz&seed=1234182160482&width=1000&height=488&style=default&tags=dead+end%2Cno+orchards%2Cno+square%2Cdense
483,Siredenhold,Cryshield,Cryshield County,Milstar,Kingdom of Milstar,阿诺（人类）,阿诺（人类） Totems,town,5257,6564.21,3422.76,-33.02,55.96,100,16°C,Dubrovnik (Croatia),,,,,,,,{t1:argent;charges:[{charge:thistle;t:sable;p:e;size:1.5}];shield:culture},https://watabou.github.io/city-generator/?name=Siredenhold&population=5257&size=24&seed=1234182160483&river=1&coast=0&farms=0&citadel=0&urban_castle=0&hub=1&plaza=0&greens=0&temple=0&walls=0&shantytown=0&style=natural
484,Nyrang,Ynathes,Ynathes Captaincy,Kyathlulil,Kingdom of Kyathlulil,昆雅（精灵）,昆雅（精灵） Druidism,town,7668,5323.91,1435.71,38.4,11.37,100,8°C,Prague (Czechia),,port,,,,,,{t1:or;charges:[{charge:crossCercelee;t:azure;p:e;size:1.5}];shield:culture},https://watabou.github.io/city-generator/?name=Nyrang&population=7668&size=28&seed=1234182160484&river=1&coast=1&farms=1&citadel=0&urban_castle=0&hub=0&plaza=0&greens=0&temple=0&walls=0&shantytown=0&style=natural
485,Ikh-Uc,Kuzg,Kuzg County,Zrio,Kingdom of Zrio,乌格卢克（兽人）,乌格卢克（兽人） Forefathers,town,9760,1209.35,1991.01,18.44,-136.53,100,25°C,Miami (USA),,,,,,,,{t1:azure;charges:[{charge:cock;t:argent;p:e;t2:argent;t3:argent;size:1.5}];shield:culture},https://watabou.github.io/city-generator/?name=Ikh-Uc&population=9760&size=31&seed=1234182160485&river=0&coast=0&farms=1&citadel=0&urban_castle=0&hub=0&plaza=0&greens=0&temple=0&walls=0&shantytown=0&style=natural
486,Grasstar,Hound,Hound Captaincy,Dawnwalia,Principality of Dawnwalia,阿诺（人类）,Embergrakecism,town,4778,7670.16,3264.34,-27.33,95.71,169,19°C,Marrakesh (Morocco),,,,,,,,{t1:gules;division:{division:perFess;t:argent;line:straight};charges:[{charge:cannon;t:or;p:kmo;t2:or;divided:counter;size:0.5}];shield:culture},https://watabou.github.io/city-generator/?name=Grasstar&population=4778&size=23&seed=1234182160486&river=0&coast=0&farms=1&citadel=0&urban_castle=0&hub=0&plaza=0&greens=0&temple=0&walls=0&shantytown=0&style=natural
487,Meethe,Rethe,Rethe Captaincy,Kyathlulil,Kingdom of Kyathlulil,昆雅（精灵）,昆雅（精灵） Druidism,town,2437,5047.3,1816.69,24.7,1.43,16,20°C,Alexandria (Egypt),,,,,,,,{t1:or;charges:[{charge:hedgehog;t:sable;p:e;t2:sable;t3:gules;size:1.5;sinister:1}];shield:culture},https://watabou.github.io/city-generator/?name=Meethe&population=2437&size=18&seed=1234182160487&river=0&coast=0&farms=1&citadel=0&urban_castle=0&hub=0&plaza=0&greens=0&temple=0&walls=0&shantytown=0&style=natural
488,Cielbtong,Phax,Phax Department,Engai,Republic of Engai,狗头人（哥布林）,Old Gneabligzism,village,1853,3095.2,3052.31,-19.71,-68.74,4,27°C,Mogadishu (Somalia),,,,,,,,{t1:sable;charges:[{charge:key;t:or;p:def;size:0.5}];shield:culture},https://watabou.github.io/village-generator/?pop=1853&name=Cielbtong&seed=1234182160488&width=1600&height=780&style=default&tags=isolated%2Cuncultivated%2Cno+square%2Cdense
489,Llaughed,Hethsalean,Hethsalean County,Kyathlulil,Kingdom of Kyathlulil,昆雅（精灵）,昆雅（精灵） Druidism,town,5631,5749.29,1505.25,35.9,26.66,361,8°C,Prague (Czechia),,,,,,,,{t1:or;charges:[{charge:hand;t:sable;p:abc;size:0.5}];shield:culture},https://watabou.github.io/city-generator/?name=Llaughed&population=5631&size=25&seed=1234182160489&river=0&coast=0&farms=1&citadel=0&urban_castle=0&hub=1&plaza=0&greens=0&temple=0&walls=0&shantytown=0&style=natural
490,Olazigi,Brem,Brem Earldom,Giruzar,Giruzar Empire,尤顿（巨人）,Embergrakecism,town,7724,7650.56,2749.97,-8.84,95.01,64,29°C,Niamey (Niger),,port,,,,,,{t1:murrey;ordinaries:[{ordinary:bordure;t:or}];charges:[{charge:triangle;t:sable;p:ABCDEFGHIJKL;size:0.18};{charge:lionHeadCaboshed;t:argent;p:e;size:1.1}];shield:culture},https://watabou.github.io/city-generator/?name=Olazigi&population=7724&size=28&seed=1234182160490&river=0&coast=1&farms=1&citadel=0&urban_castle=0&hub=0&plaza=0&greens=0&temple=0&walls=0&shantytown=0&style=natural&sea=1.34
491,Veltoch,Brem,Brem Earldom,Giruzar,Giruzar Empire,尤顿（巨人）,Embergrakecism,town,3644,7802.99,2495.75,0.3,100.49,144,29°C,Niamey (Niger),,,,walls,,,,{t1:argent;charges:[{charge:mitre;t:azure;p:e;t2:azure;t3:vert;size:1.5}];shield:culture},https://watabou.github.io/city-generator/?name=Veltoch&population=3644&size=21&seed=1234182160491&river=0&coast=0&farms=1&citadel=0&urban_castle=0&hub=0&plaza=0&greens=0&temple=0&walls=1&shantytown=0&style=natural
492,Coskurt,Croi,Croi Earldom,Zrio,Kingdom of Zrio,狗头人（哥布林）,Old Gneabligzism,town,8566,1747.08,3348,-30.34,-117.2,441,15°C,Rome (Italy),,,,,,,,{t1:masoned-azure-or-small;ordinaries:[{ordinary:flaunches;t:or}];shield:culture},https://watabou.github.io/city-generator/?name=Coskurt&population=8566&size=29&seed=1234182160492&river=0&coast=0&farms=1&citadel=0&urban_castle=0&hub=0&plaza=0&greens=0&temple=0&walls=0&shantytown=0&style=natural
493,Gneabsil,Gneabsil,Gneabsil County,Zrio,Kingdom of Zrio,狗头人（哥布林）,Old Gneabligzism,town,12136,1427.59,3429.27,-33.26,-128.68,25,18°C,Barcelona (Spain),,port,citadel,,,,,{t1:azure;division:{division:perCross;t:or;line:straight};charges:[{charge:elephantHeadErased;t:argent;p:jlmo;t2:argent;divided:counter;size:0.6}];shield:culture},https://watabou.github.io/city-generator/?name=Gneabsil&population=12136&size=33&seed=1234182160493&river=0&coast=1&farms=1&citadel=1&urban_castle=0&hub=1&plaza=0&greens=0&temple=0&walls=0&shantytown=0&style=natural&sea=1.17
494,Gobling,Srefs,Srefs Earldom,Zrio,Kingdom of Zrio,狗头人（哥布林）,Old Gneabligzism,city,14729,1971.55,3005.28,-18.02,-109.13,576,24°C,Dakar (Senegal),,,,,,,,{t1:purpure;charges:[{charge:archer;t:argent;p:jlh;t2:argent;t3:or;size:0.7}];shield:culture},https://watabou.github.io/city-generator/?name=Gobling&population=14729&size=36&seed=1234182160494&river=0&coast=0&farms=1&citadel=0&urban_castle=0&hub=0&plaza=0&greens=0&temple=0&walls=0&shantytown=0&style=natural
495,Brordud,Kuzg,Kuzg County,Zrio,Kingdom of Zrio,乌格卢克（兽人）,乌格卢克（兽人） Forefathers,village,1478,1344.42,2163.48,12.24,-131.67,81,27°C,Mogadishu (Somalia),,port,,,,,,{t1:bendy-vert-or;division:{division:perCross;t:argent;line:straight};shield:culture},https://watabou.github.io/village-generator/?pop=1478&name=Brordud&seed=1234182160495&width=1400&height=683&style=default&tags=coast%2Chighway%2Cfarmland%2Cno+orchards%2Cno+square%2Cdense
496,Draunyrang,Ynathes,Ynathes Captaincy,Kyathlulil,Kingdom of Kyathlulil,昆雅（精灵）,昆雅（精灵） Druidism,town,7869,5390.38,1492.29,36.36,13.76,144,9°C,Copenhagen (Denmark),,,,,,,,{t1:azure;division:{division:perFess;t:argent;line:straight};charges:[{charge:mascle;t:or;p:k;size:0.7};{charge:raven;t:vert;p:n;size:0.7}];shield:culture},https://watabou.github.io/city-generator/?name=Draunyrang&population=7869&size=28&seed=1234182160496&river=0&coast=0&farms=1&citadel=0&urban_castle=0&hub=0&plaza=0&greens=0&temple=0&walls=0&shantytown=0&style=natural
497,Wruilt,Fel,Fel Governorate,Engai,Republic of Engai,狗头人（哥布林）,Old Gneabligzism,town,4890,2462.98,2806.65,-10.88,-91.47,144,28°C,Bangkok (Thailand),,,,,,,,{t1:argent;charges:[{charge:lute;t:azure;p:e;t2:azure;size:1.5}];shield:culture},https://watabou.github.io/city-generator/?name=Wruilt&population=4890&size=24&seed=1234182160497&river=1&coast=0&farms=1&citadel=0&urban_castle=0&hub=0&plaza=0&greens=0&temple=0&walls=0&shantytown=0&style=natural
498,Slofzia,Zighel,Zighel Barony,Zrio,Kingdom of Zrio,狗头人（哥布林）,Old Gneabligzism,town,3466,2007.19,3152.35,-23.3,-107.85,144,24°C,Dakar (Senegal),,,,,,,,{t1:masoned-azure-or-small;charges:[{charge:garb;t:or;p:abc;t2:or;size:0.5}];shield:culture},https://watabou.github.io/city-generator/?name=Slofzia&population=3466&size=21&seed=1234182160498&river=1&coast=0&farms=1&citadel=0&urban_castle=0&hub=0&plaza=0&greens=0&temple=0&walls=0&shantytown=0&style=natural
499,Dizar,Tolde,Tolde County,Solka,Kingdom of Solka,尤顿（巨人）,尤顿（巨人） Druidism,village,679,8964.58,1906.29,21.48,142.24,25,24°C,Dakar (Senegal),,port,,walls,,,,{t1:gules;charges:[{charge:drakkar;t:or;p:e;t2:or;t3:argent;size:1.5}];shield:culture},https://watabou.github.io/village-generator/?pop=679&name=Dizar&seed=1234182160499&width=1000&height=488&style=default&tags=estuary%2Chighway%2Cuncultivated%2Cno+square%2Cpalisade%2Cdense
500,Rusthclif,Shatholuch,Shatholuch County,Tolnarg,Grand Duchy of Tolnarg,阿诺（人类）,Embergrakecism,village,508,8499.94,3117.37,-22.05,125.54,100,26°C,Jakarta (Indonesia),,,,walls,,,,{t1:argent;division:{division:perBendSinister;t:pappellony2-or-azure;line:firTrees};charges:[{charge:bridge;t:sable;p:j;size:0.7};{charge:mullet7;t:vert;p:o;size:0.7}];shield:culture},https://watabou.github.io/village-generator/?pop=508&name=Rusthclif&seed=1234182160500&width=1000&height=488&style=default&tags=estuary%2Chighway%2Cuncultivated%2Cno+square%2Cpalisade%2Cdense
501,Dustvaultle,Bearse,Bearse County,Dawnwalia,Principality of Dawnwalia,阿诺（人类）,Embergrakecism,city,14215,8015.63,3378.16,-31.42,108.13,196,17°C,Lisbon (Portugal),,,,walls,,,,{t1:purpure;charges:[{charge:angel;t:argent;p:e;t2:argent;size:1.5}];shield:culture},https://watabou.github.io/city-generator/?name=Dustvaultle&population=14215&size=35&seed=1234182160501&river=0&coast=0&farms=1&citadel=0&urban_castle=0&hub=0&plaza=0&greens=0&temple=0&walls=1&shantytown=0&style=natural
502,Eeng,Wat,Wat Captaincy,Vreagab,Kingdom of Vreagab,狗头人（哥布林）,Old Gneabligzism,village,1349,3148.08,1345.07,41.65,-66.84,25,6°C,Stockholm (Sweden),,port,,,,,,{t1:or;ordinaries:[{ordinary:pale;t:sable;line:straight}];charges:[{charge:armillarySphere;t:argent;p:beh;size:0.5}];shield:culture},https://watabou.github.io/village-generator/?pop=1349&name=Eeng&seed=1234182160502&width=1400&height=683&style=default&tags=coast%2Chighway%2Cno+square%2Cdense
503,Sunhall,Grineneld,Grineneld County,Dawnwalia,Principality of Dawnwalia,阿诺（人类）,Embergrakecism,town,3212,8161.47,3575.58,-38.52,113.37,81,11°C,Antwerp (Belgium),,,,,,,,{t1:chequy-or-gules-smaller;division:{division:perFess;t:purpure;line:straight};ordinaries:[{ordinary:pale;t:vert;line:straight}];shield:culture},https://watabou.github.io/city-generator/?name=Sunhall&population=3212&size=20&seed=1234182160503&river=0&coast=0&farms=1&citadel=0&urban_castle=0&hub=0&plaza=0&greens=0&temple=0&walls=0&shantytown=0&style=natural
504,Uzdrodh,Uzdrodh,Uzdrodh Barony,Zrio,Kingdom of Zrio,乌格卢克（兽人）,乌格卢克（兽人） Forefathers,city,13957,2173.87,2257.33,8.87,-101.86,625,25°C,Miami (USA),,,,walls,plaza,,,{t1:vert;charges:[{charge:millstone;t:argent;p:e;size:1.5}];shield:culture},https://watabou.github.io/city-generator/?name=Uzdrodh&population=13957&size=35&seed=1234182160504&river=0&coast=0&farms=1&citadel=0&urban_castle=0&hub=0&plaza=1&greens=1&temple=0&walls=1&shantytown=0&style=natural
505,Kharbhar,Brem,Brem Earldom,Giruzar,Giruzar Empire,尤顿（巨人）,Embergrakecism,town,6502,7618.54,2940.41,-15.69,93.86,121,27°C,Mogadishu (Somalia),,port,citadel,,,,,{t1:azure;charges:[{charge:dolphin;t:argent;p:jlh;t2:argent;size:0.7;sinister:1}];shield:culture},https://watabou.github.io/city-generator/?name=Kharbhar&population=6502&size=26&seed=1234182160505&river=0&coast=1&farms=1&citadel=1&urban_castle=0&hub=1&plaza=0&greens=0&temple=0&walls=0&shantytown=0&style=natural&sea=0.31
506,Goshakinb,Brem,Brem Earldom,Giruzar,Giruzar Empire,尤顿（巨人）,Embergrakecism,town,4417,7533.36,2698.18,-6.98,90.79,100,29°C,Niamey (Niger),,port,,,,,,{t1:vert;ordinaries:[{ordinary:pile;t:argent}];charges:[{charge:ouroboros;t:gules;p:b;size:0.5}];shield:culture},https://watabou.github.io/city-generator/?name=Goshakinb&population=4417&size=23&seed=1234182160506&river=0&coast=1&farms=1&citadel=0&urban_castle=0&hub=0&plaza=0&greens=0&temple=0&walls=0&shantytown=0&style=natural&sea=1.62
507,Nulde,Rirgarak,Rirgarak County,Giruzar,Giruzar Empire,尤顿（巨人）,尤顿（巨人） Druidism,town,5781,7972.87,1975.65,18.99,106.59,144,23°C,Rio de Janeiro (Brazil),,,,,,,,{t1:or;charges:[{charge:cossack;t:azure;p:e;t2:sable;t3:azure;size:1.5}];shield:culture},https://watabou.github.io/city-generator/?name=Nulde&population=5781&size=25&seed=1234182160507&river=1&coast=0&farms=1&citadel=0&urban_castle=0&hub=0&plaza=0&greens=0&temple=0&walls=0&shantytown=0&style=natural
508,Cloudholle,Cloudgia,Cloudgia Landgrave,Vreagab,Kingdom of Vreagab,戴尔（人类）,戴尔（人类） Spirits,village,1296,2492.72,1118.72,49.79,-90.4,16,1°C,Arkhangelsk (Russia),,port,,walls,,,,{t1:argent;charges:[{charge:rustre;t:azure;p:jlh;size:0.7}];shield:culture},https://watabou.github.io/village-generator/?pop=1296&name=Cloudholle&seed=1234182160508&width=1400&height=683&style=snow&tags=coast%2Chighway%2Cuncultivated%2Cno+square%2Cpalisade%2Cdense
509,Styrm,Vekz,Vekz County,Brat,Principality of Brat,狗头人（哥布林）,Old Gneabligzism,village,1538,3346.94,1294.56,43.47,-59.69,25,5°C,Harbin (China),,,,,,,,{t1:azure;charges:[{charge:ladybird;t:or;p:e;t2:or;t3:or;size:1.5}];shield:culture},https://watabou.github.io/village-generator/?pop=1538&name=Styrm&seed=1234182160509&width=1600&height=780&style=snow&tags=dead+end%2Cno+square%2Cdense
510,Vylfald,Vylfald,Vylfald Land,Digez,Digezan League,尤顿（巨人）,尤顿（巨人） Druidism,village,1330,8706.22,2244.43,9.33,132.95,2704,11°C,Antwerp (Belgium),,,,,,,,{t1:sable;ordinaries:[{ordinary:bend;t:argent;line:straight}];charges:[{charge:raven;t:sable;p:e;t2:sable;size:0.7}];shield:culture},https://watabou.github.io/village-generator/?pop=1330&name=Vylfald&seed=1234182160510&width=1400&height=683&style=default&tags=dead+end%2Cfarmland%2Cno+square%2Cdense
511,Slukex,Croi,Croi Canton,Engai,Republic of Engai,狗头人（哥布林）,Old Gneabligzism,town,5266,2938.29,2794.31,-10.43,-74.38,64,29°C,Niamey (Niger),,,,,,,,{t1:or;division:{division:perBend;t:sable;line:angled};charges:[{charge:crossTau;t:gules;p:l;size:0.7};{charge:roundel;t:argent;p:m;size:0.7}];shield:culture},https://watabou.github.io/city-generator/?name=Slukex&population=5266&size=24&seed=1234182160511&river=1&coast=0&farms=1&citadel=0&urban_castle=0&hub=0&plaza=0&greens=0&temple=0&walls=0&shantytown=0&style=natural
512,Iadidor,Mythshele,Mythshele County,Olerin,Olerin Empire,昆雅（精灵）,昆雅（精灵） Druidism,town,2037,6239.16,1777.47,26.11,44.27,256,18°C,Barcelona (Spain),,,,,,,,{t1:chainy-argent-vert;division:{division:perPale;t:gules;line:straight};charges:[{charge:roundel2;t:azure;p:p;size:0.7};{charge:angel;t:argent;p:q;size:0.7}];shield:culture},https://watabou.github.io/city-generator/?name=Iadidor&population=2037&size=17&seed=1234182160512&river=0&coast=0&farms=1&citadel=0&urban_castle=0&hub=0&plaza=0&greens=0&temple=0&walls=0&shantytown=0&style=natural
513,Wrogbig,Voh,Voh Captaincy,Vreagab,Kingdom of Vreagab,狗头人（哥布林）,Old Gneabligzism,village,1032,3222.51,1748.18,27.17,-64.16,25,17°C,Lisbon (Portugal),,,,,,,,{t1:or;charges:[{charge:escallop;t:azure;p:e;size:1.5}];shield:culture},https://watabou.github.io/village-generator/?pop=1032&name=Wrogbig&seed=1234182160513&width=1400&height=683&style=default&tags=dead+end%2Cno+square%2Cdense
514,Suirx,Voh,Voh County,Bug,Duchy of Bug,狗头人（哥布林）,Old Gneabligzism,town,2639,3288.3,2688.8,-6.64,-61.8,25,30°C,Khartoum (Sudan),,,,,,,,{t1:argent;ordinaries:[{ordinary:bendlet;t:azure;line:straight}];charges:[{charge:gear;t:or;p:joe;size:0.3}];shield:culture},https://watabou.github.io/city-generator/?name=Suirx&population=2639&size=19&seed=1234182160514&river=0&coast=0&farms=1&citadel=0&urban_castle=0&hub=0&plaza=0&greens=0&temple=0&walls=0&shantytown=0&style=natural
515,Styrnaahx,Iah,Iah Province,Engai,Republic of Engai,狗头人（哥布林）,Old Gneabligzism,town,10016,3336.19,2401.5,3.68,-60.08,49,30°C,Khartoum (Sudan),,,citadel,,,,,{t1:argent;ordinaries:[{ordinary:orle;t:gules}];charges:[{charge:mulletFaceted;t:sable;p:e;size:1.1}];shield:culture},https://watabou.github.io/city-generator/?name=Styrnaahx&population=10016&size=31&seed=1234182160515&river=0&coast=0&farms=1&citadel=1&urban_castle=0&hub=0&plaza=0&greens=0&temple=0&walls=0&shantytown=0&style=natural
516,Nulfirth,Yudgrimfa,Yudgrimfa County,Giruzar,Giruzar Empire,尤顿（巨人）,Embergrakecism,town,2365,7879.98,2426.86,2.77,103.25,169,29°C,Niamey (Niger),,,,,,,,{t1:sable;charges:[{charge:roundel2;t:or;p:acegi;size:0.4}];shield:culture},https://watabou.github.io/city-generator/?name=Nulfirth&population=2365&size=18&seed=1234182160516&river=0&coast=0&farms=1&citadel=0&urban_castle=0&hub=0&plaza=0&greens=0&temple=0&walls=0&shantytown=0&style=natural
517,Freyspell,Oadowfalls,Oadowfalls County,Milstar,Kingdom of Milstar,阿诺（人类）,阿诺（人类） Totems,town,2002,6482.31,3024.64,-18.71,53.01,324,25°C,Miami (USA),,,,,,,,{t1:argent;charges:[{charge:deerHeadCaboshed;t:azure;p:e;t2:azure;size:1.5}];shield:culture},https://watabou.github.io/city-generator/?name=Freyspell&population=2002&size=17&seed=1234182160517&river=0&coast=0&farms=1&citadel=0&urban_castle=0&hub=0&plaza=0&greens=0&temple=0&walls=0&shantytown=0&style=natural
518,Drethondhe,Thalya,Thalya County,Olerin,Olerin Empire,艾尔达（精灵）,艾尔达（精灵） Spirits,village,1349,6455.8,1160.93,48.27,52.06,169,0°C,Murmansk (Russia),,,,,,,,{t1:argent;division:{division:chevronny;t:sable};ordinaries:[{ordinary:saltire;t:purpure;line:straight}];shield:culture},https://watabou.github.io/village-generator/?pop=1349&name=Drethondhe&seed=1234182160518&width=1400&height=683&style=snow&tags=river%2Cdead+end%2Cuncultivated%2Cno+orchards%2Cno+square%2Cdense
519,Amunz,Kinuguk,Kinuguk County,Milstar,Kingdom of Milstar,尤顿（巨人）,Embergrakecism,town,4744,6950.35,2711.43,-7.46,69.84,900,23°C,Rio de Janeiro (Brazil),,,,walls,,,,{t1:argent;charges:[{charge:owl;t:azure;p:jlh;t2:azure;size:0.7}];shield:culture},https://watabou.github.io/city-generator/?name=Amunz&population=4744&size=23&seed=1234182160519&river=0&coast=0&farms=1&citadel=0&urban_castle=0&hub=0&plaza=0&greens=0&temple=0&walls=1&shantytown=0&style=natural
520,Kharkug,Kuzg,Kuzg County,Zrio,Kingdom of Zrio,乌格卢克（兽人）,乌格卢克（兽人） Forefathers,village,546,1378.32,2246.97,9.24,-130.45,64,29°C,Niamey (Niger),,,,,,,,{t1:gules;ordinaries:[{ordinary:gyron;t:argent}];charges:[{charge:garb;t:or;p:bh;t2:or;size:0.5}];shield:culture},https://watabou.github.io/village-generator/?pop=546&name=Kharkug&seed=1234182160520&width=1000&height=488&style=default&tags=highway%2Cno+orchards%2Cno+square%2Cdense
521,Garag,Shatholuch,Shatholuch County,Tolnarg,Grand Duchy of Tolnarg,尤顿（巨人）,Embergrakecism,town,12217,8383.02,2924.47,-15.11,121.34,1764,16°C,Dubrovnik (Croatia),,,,,,,,{t1:gules;ordinaries:[{ordinary:saltire;t:argent;line:straight}];charges:[{charge:inescutcheon;t:gules;p:e;size:0.7};{charge:crossBottony;t:argent;p:e;size:0.35}];shield:culture},https://watabou.github.io/city-generator/?name=Garag&population=12217&size=33&seed=1234182160521&river=0&coast=0&farms=1&citadel=0&urban_castle=0&hub=0&plaza=0&greens=0&temple=0&walls=0&shantytown=0&style=natural
522,Ryrandesthel,Ololunesa,Ololunesa County,Olerin,Olerin Empire,昆雅（精灵）,昆雅（精灵） Druidism,village,1078,6468.74,1834.88,24.05,52.53,529,16°C,Dubrovnik (Croatia),,,,,,,,{t1:purpure;charges:[{charge:bell;t:or;p:def;t2:or;size:0.5}];shield:culture},https://watabou.github.io/village-generator/?pop=1078&name=Ryrandesthel&seed=1234182160522&width=1400&height=683&style=default&tags=highway%2Cno+square%2Cdense
523,Styr,Phax,Phax County,Brat,Principality of Brat,狗头人（哥布林）,Old Gneabligzism,town,3972,3875.91,1411.74,39.26,-40.68,49,6°C,Stockholm (Sweden),,,,,,,,{t1:ermine-argent-sable;ordinaries:[{ordinary:canton;t:gules}];shield:culture},https://watabou.github.io/city-generator/?name=Styr&population=3972&size=22&seed=1234182160523&river=0&coast=0&farms=1&citadel=0&urban_castle=0&hub=0&plaza=0&greens=0&temple=0&walls=0&shantytown=0&style=natural
524,Tlauma,Itheiheilera,Itheiheilera Barony,Olerin,Olerin Empire,昆雅（精灵）,昆雅（精灵） Druidism,town,2980,6684.76,1466,37.31,60.29,324,6°C,Stockholm (Sweden),,,,,,,,{t1:gules;division:{division:perPale;t:argent;line:straight};charges:[{charge:spear;t:or;p:p;t2:or;size:0.7};{charge:salmon;t:sable;p:q;size:0.7}];shield:culture},https://watabou.github.io/city-generator/?name=Tlauma&population=2980&size=20&seed=1234182160524&river=0&coast=0&farms=1&citadel=0&urban_castle=0&hub=0&plaza=0&greens=0&temple=0&walls=0&shantytown=0&style=natural
525,Umugh,Ulm,Ulm Landgrave,Vreagab,Kingdom of Vreagab,乌鲁克（兽人）,乌鲁克（兽人） Beliefs,village,1163,2801.41,1857.14,23.25,-79.3,1369,13°C,Milan (Italy),,,,,,,,{t1:sable;charges:[{charge:centaur;t:argent;p:e;t2:argent;t3:argent;size:1.5}];shield:culture},https://watabou.github.io/village-generator/?pop=1163&name=Umugh&seed=1234182160525&width=1400&height=683&style=default&tags=dead+end%2Cfarmland%2Cno+square%2Cdense
526,Kirkiz,Krigh,Krigh County,Zrio,Kingdom of Zrio,乌格卢克（兽人）,乌格卢克（兽人） Forefathers,town,5052,1692.46,2787.71,-10.2,-119.16,16,29°C,Niamey (Niger),,,,,,,,{t1:or;division:{division:perPale;t:azure;line:straight};charges:[{charge:frog;t:sable;p:pq;divided:field;size:0.7};{charge:wolfPassant;t:argent;p:jl;divided:division;size:0.7}];shield:culture},https://watabou.github.io/city-generator/?name=Kirkiz&population=5052&size=24&seed=1234182160526&river=0&coast=0&farms=1&citadel=0&urban_castle=0&hub=0&plaza=0&greens=0&temple=0&walls=0&shantytown=0&style=natural
527,Suirx,Qosx,Qosx Department,Engai,Republic of Engai,狗头人（哥布林）,Old Gneabligzism,town,3448,2804.06,3317.13,-29.23,-79.21,121,19°C,Marrakesh (Morocco),,,,walls,,,,{t1:sable;ordinaries:[{ordinary:chevronReversed;t:argent}];charges:[{charge:triangle;t:argent;p:b;size:0.5}];shield:culture},https://watabou.github.io/city-generator/?name=Suirx&population=3448&size=21&seed=1234182160527&river=0&coast=0&farms=0&citadel=0&urban_castle=0&hub=0&plaza=0&greens=0&temple=0&walls=1&shantytown=0&style=natural
528,Suirx,Swa,Swa County,Brat,Principality of Brat,狗头人（哥布林）,Old Gneabligzism,town,5491,3408.26,1371.48,40.71,-57.49,16,6°C,Stockholm (Sweden),,,,walls,,,,{t1:azure;charges:[{charge:anchor;t:or;p:e;size:1.5}];shield:culture},https://watabou.github.io/city-generator/?name=Suirx&population=5491&size=25&seed=1234182160528&river=1&coast=0&farms=1&citadel=0&urban_castle=0&hub=0&plaza=0&greens=0&temple=0&walls=1&shantytown=0&style=natural
529,Basinf,Cloudgia,Cloudgia Landgrave,Vreagab,Kingdom of Vreagab,戴尔（人类）,戴尔（人类） Spirits,fort,956,2609.61,1110.75,50.08,-86.19,9,-2°C,Fairbanks (Alaska),,,citadel,,,,,{t1:argent;charges:[{charge:crossMaltese;t:gules;p:beh;size:0.5}];shield:culture},null
530,Brid,Swa,Swa County,Brat,Principality of Brat,狗头人（哥布林）,Old Gneabligzism,village,925,3574.67,1450.8,37.85,-51.5,100,8°C,Prague (Czechia),,,,,,,,{t1:argent;division:{division:perFess;t:gules;line:embattledGrady};charges:[{charge:monk;t:purpure;p:e;size:1.5}];shield:culture},https://watabou.github.io/village-generator/?pop=925&name=Brid&seed=1234182160530&width=1000&height=488&style=default&tags=river%2Cdead+end%2Cno+square%2Cdense
531,Sylhalin,Wasinzan,Wasinzan Barony,Shemnaselu,Grand Duchy of Shemnaselu,昆雅（精灵）,昆雅（精灵） Druidism,village,652,5375.93,1971.44,19.14,13.24,64,24°C,Dakar (Senegal),,,,,,,,{t1:gules;charges:[{charge:stagPassant;t:or;p:e;t2:or;size:1.5}];shield:culture},https://watabou.github.io/village-generator/?pop=652&name=Sylhalin&seed=1234182160531&width=1000&height=488&style=default&tags=highway%2Cno+square%2Cdense
532,Qiccug,Drodh,Drodh Department,Engai,Republic of Engai,乌格卢克（兽人）,乌格卢克（兽人） Forefathers,town,3221,2312.01,2086.37,15.01,-96.89,289,25°C,Miami (USA),,,,,,,,{t1:sable;charges:[{charge:escallop;t:argent;p:e;size:1.5}];shield:culture},https://watabou.github.io/city-generator/?name=Qiccug&population=3221&size=20&seed=1234182160532&river=1&coast=0&farms=1&citadel=0&urban_castle=0&hub=0&plaza=0&greens=0&temple=0&walls=0&shantytown=0&style=natural
533,Sios,Brybrinqi,Brybrinqi County,Vreagab,Kingdom of Vreagab,狗头人（哥布林）,Old Gneabligzism,town,4853,3295.8,1776.26,26.16,-61.53,64,20°C,Alexandria (Egypt),,,,,,,,{t1:argent;charges:[{charge:mallet;t:vert;p:def;t2:vert;size:0.5}];shield:culture},https://watabou.github.io/city-generator/?name=Sios&population=4853&size=24&seed=1234182160533&river=0&coast=0&farms=1&citadel=0&urban_castle=0&hub=1&plaza=0&greens=0&temple=0&walls=0&shantytown=0&style=natural
534,Blix,Vekz,Vekz County,Brat,Principality of Brat,狗头人（哥布林）,Old Gneabligzism,city,16468,3228.56,2061.47,15.91,-63.95,49,28°C,Bangkok (Thailand),,,citadel,,,,,{t1:bendySinister-or-azure;ordinaries:[{ordinary:bordure;t:sable}];charges:[{charge:stirrup;t:gules;p:e;t2:gules;size:1.1}];shield:culture},https://watabou.github.io/city-generator/?name=Blix&population=16468&size=37&seed=1234182160534&river=0&coast=0&farms=1&citadel=1&urban_castle=1&hub=0&plaza=0&greens=0&temple=0&walls=0&shantytown=0&style=natural
535,Qorno,Shranqel,Shranqel County,Srach,Grand Duchy of Srach,阿拉戈（蛛形）,Deities of the Amber Cold,town,4932,4781.7,1621.4,31.72,-8.12,36,13°C,Milan (Italy),,,,,,,,{t1:argent;ordinaries:[{ordinary:gore;t:vert}];charges:[{charge:roundel;t:gules;p:kn;size:0.7}];shield:culture},https://watabou.github.io/city-generator/?name=Qorno&population=4932&size=24&seed=1234182160535&river=0&coast=0&farms=1&citadel=0&urban_castle=0&hub=0&plaza=0&greens=0&temple=0&walls=0&shantytown=0&style=natural
536,Cragrasp,Travia,Travia Governorate,Engai,Republic of Engai,戴尔（人类）,戴尔（人类） Spirits,town,11445,2243.84,1590.85,32.82,-99.34,121,12°C,Paris (France),,port,citadel,walls,,,,{t1:purpure;charges:[{charge:caravel;t:or;p:jln;t2:or;t3:argent;size:0.7}];shield:culture},https://watabou.github.io/city-generator/?name=Cragrasp&population=11445&size=33&seed=1234182160536&river=1&coast=1&farms=1&citadel=1&urban_castle=1&hub=0&plaza=0&greens=0&temple=0&walls=1&shantytown=0&style=natural
537,Knighpass,Griron,Griron Shire,Dawnwalia,Principality of Dawnwalia,阿诺（人类）,Embergrakecism,village,1996,8094.02,3372.53,-31.22,110.95,1024,11°C,Antwerp (Belgium),,,,,,,,{t1:azure;ordinaries:[{ordinary:bendlet;t:argent;line:straight}];charges:[{charge:cossack;t:purpure;p:joe;t2:or;t3:purpure;size:0.3}];shield:culture},https://watabou.github.io/village-generator/?pop=1996&name=Knighpass&seed=1234182160537&width=1600&height=780&style=default&tags=dead+end%2Cno+square%2Cdense
538,Brugnud,Lightia,Lightia Landgrave,Vreagab,Kingdom of Vreagab,乌格卢克（兽人）,乌格卢克（兽人） Forefathers,town,8327,2487.4,1536.58,34.77,-90.59,121,9°C,Copenhagen (Denmark),,,,,,,,{t1:argent;ordinaries:[{ordinary:bend;t:purpure;line:straight}];charges:[{charge:bearRampant;t:argent;p:e;t2:argent;t3:argent;size:0.7}];shield:culture},https://watabou.github.io/city-generator/?name=Brugnud&population=8327&size=29&seed=1234182160538&river=1&coast=0&farms=1&citadel=0&urban_castle=0&hub=0&plaza=0&greens=0&temple=0&walls=0&shantytown=0&style=natural
539,Sigkangar,Zugrim,Zugrim County,Giruzar,Giruzar Empire,尤顿（巨人）,尤顿（巨人） Druidism,town,5284,7432.24,2119.99,13.8,87.16,196,27°C,Mogadishu (Somalia),,port,,,,,,{t1:vert;ordinaries:[{ordinary:cross;t:or;line:flechy}];charges:[{charge:parrot;t:gules;p:beh;t2:gules;size:0.3}];shield:culture},https://watabou.github.io/city-generator/?name=Sigkangar&population=5284&size=24&seed=1234182160539&river=1&coast=1&farms=1&citadel=0&urban_castle=0&hub=0&plaza=0&greens=0&temple=0&walls=0&shantytown=0&style=natural
540,Ghostkeep,Draledaven,Draledaven Department,Engai,Republic of Engai,戴尔（人类）,戴尔（人类） Spirits,town,2850,1968.74,1657.68,30.42,-109.23,25,16°C,Dubrovnik (Croatia),,port,,walls,,,,{t1:argent;division:{division:perBend;t:gules;line:indented};charges:[{charge:caravel;t:azure;p:lm;t2:azure;t3:azure;size:0.7}];shield:culture},https://watabou.github.io/city-generator/?name=Ghostkeep&population=2850&size=19&seed=1234182160540&river=1&coast=1&farms=1&citadel=0&urban_castle=0&hub=0&plaza=0&greens=0&temple=0&walls=1&shantytown=0&style=natural
541,Kiltoch,Boulhallse,Boulhallse County,Milstar,Kingdom of Milstar,尤顿（巨人）,Embergrakecism,town,3064,6967.09,3037.84,-19.19,70.44,400,24°C,Dakar (Senegal),,port,,,,,,{t1:pally-azure-argent;charges:[{charge:armillarySphere;t:or;p:e;size:1.5}];shield:culture},https://watabou.github.io/city-generator/?name=Kiltoch&population=3064&size=20&seed=1234182160541&river=1&coast=1&farms=1&citadel=0&urban_castle=0&hub=0&plaza=0&greens=0&temple=0&walls=0&shantytown=0&style=natural
542,Kleab,Swa,Swa County,Brat,Principality of Brat,狗头人（哥布林）,Old Gneabligzism,fort,903,3646.33,1359.53,41.14,-48.93,169,5°C,Harbin (China),,,citadel,,,,,{t1:purpure;division:{division:perFess;t:argent;line:engrailed};charges:[{charge:key;t:or;p:k;size:0.7};{charge:bell;t:gules;p:n;size:0.7}];shield:culture},null
543,Kirregan,Brazadh,Brazadh Province,Engai,Republic of Engai,乌格卢克（兽人）,乌格卢克（兽人） Forefathers,town,5589,2043.93,1877.83,22.51,-106.53,25,22°C,Guangzhou (China),,,,,,,,{t1:argent;ordinaries:[{ordinary:terrace;t:gules;line:straight}];charges:[{charge:mullet;t:gules;p:def;size:0.5}];shield:culture},https://watabou.github.io/city-generator/?name=Kirregan&population=5589&size=25&seed=1234182160543&river=1&coast=0&farms=1&citadel=0&urban_castle=0&hub=0&plaza=0&greens=0&temple=0&walls=0&shantytown=0&style=natural
544,Akh,Grigh,Grigh Earldom,Zrio,Kingdom of Zrio,乌格卢克（兽人）,乌格卢克（兽人） Forefathers,town,5234,1749.95,2635.17,-4.71,-117.1,16,30°C,Khartoum (Sudan),,,,,,,,{t1:gules;charges:[{charge:annulet;t:or;p:beh;size:0.5}];shield:culture},https://watabou.github.io/city-generator/?name=Akh&population=5234&size=24&seed=1234182160544&river=0&coast=0&farms=1&citadel=0&urban_castle=0&hub=0&plaza=0&greens=0&temple=0&walls=0&shantytown=0&style=natural
545,Proltiaxi,Gasinx,Gasinx County,Brat,Principality of Brat,狗头人（哥布林）,Old Gneabligzism,town,4937,3461.7,1982.1,18.76,-55.57,25,24°C,Dakar (Senegal),,,,,,,,{t1:argent;ordinaries:[{ordinary:piles;t:sable}];charges:[{charge:crossHummetty;t:vert;p:jln;size:0.7}];shield:culture},https://watabou.github.io/city-generator/?name=Proltiaxi&population=4937&size=24&seed=1234182160545&river=0&coast=0&farms=1&citadel=0&urban_castle=0&hub=0&plaza=0&greens=0&temple=0&walls=0&shantytown=0&style=natural
546,Moongulf,Bearse,Bearse County,Dawnwalia,Principality of Dawnwalia,阿诺（人类）,Embergrakecism,town,2813,7956.57,3265.28,-27.36,106.01,64,20°C,Alexandria (Egypt),,port,,,,,,{t1:sable;charges:[{charge:cavalier;t:argent;p:e;t2:argent;t3:argent;size:1.5}];shield:culture},https://watabou.github.io/city-generator/?name=Moongulf&population=2813&size=19&seed=1234182160546&river=1&coast=1&farms=0&citadel=0&urban_castle=0&hub=0&plaza=0&greens=0&temple=0&walls=0&shantytown=0&style=natural
547,Theod,Shola,Shola Earldom,Giruzar,Giruzar Empire,尤顿（巨人）,尤顿（巨人） Druidism,town,5094,7230.1,2222.83,10.11,79.89,484,26°C,Jakarta (Indonesia),,,,,,,,{t1:gules;ordinaries:[{ordinary:chief;t:argent;line:barby}];charges:[{charge:grapeBunch;t:argent;p:emo;t2:argent;t3:or;size:0.5}];shield:culture},https://watabou.github.io/city-generator/?name=Theod&population=5094&size=24&seed=1234182160547&river=0&coast=0&farms=1&citadel=0&urban_castle=0&hub=0&plaza=0&greens=0&temple=0&walls=0&shantytown=0&style=natural
548,Gluthmark,Bearse,Bearse County,Dawnwalia,Principality of Dawnwalia,尤顿（巨人）,Embergrakecism,village,1263,8131.78,3131.58,-22.56,112.31,784,20°C,Alexandria (Egypt),,,,walls,,,,{t1:argent;ordinaries:[{ordinary:saltire;t:gules;line:straight}];charges:[{charge:cock;t:azure;p:e;t2:azure;t3:vert;size:1.5}];shield:culture},https://watabou.github.io/village-generator/?pop=1263&name=Gluthmark&seed=1234182160548&width=1400&height=683&style=default&tags=dead+end%2Cno+square%2Cpalisade%2Cdense
549,Galgrimfa,Shatreora,Shatreora County,Solka,Kingdom of Solka,尤顿（巨人）,尤顿（巨人） Druidism,town,6588,8735.89,1636.78,31.17,134.02,121,15°C,Rome (Italy),,,,,,,,{t1:vert;charges:[{charge:scissors;t:argent;p:e;size:1.5}];shield:culture},https://watabou.github.io/city-generator/?name=Galgrimfa&population=6588&size=26&seed=1234182160549&river=0&coast=0&farms=1&citadel=0&urban_castle=0&hub=0&plaza=0&greens=0&temple=0&walls=0&shantytown=0&style=natural
550,Srokharb,Srokharb,Srokharb Captaincy,Kyathlulil,Kingdom of Kyathlulil,尤顿（巨人）,尤顿（巨人） Druidism,town,8214,5894.53,2146.94,12.83,31.89,16,29°C,Niamey (Niger),,port,,,,,,{t1:azure;division:{division:perFess;t:argent;line:archedReversed};charges:[{charge:pear;t:or;p:k;t2:or;size:0.7};{charge:salmon;t:gules;p:n;size:0.7}];shield:culture},https://watabou.github.io/city-generator/?name=Srokharb&population=8214&size=29&seed=1234182160550&river=1&coast=1&farms=1&citadel=0&urban_castle=0&hub=0&plaza=0&greens=0&temple=0&walls=0&shantytown=0&style=natural
551,Brorendush,Migez,Migez Earldom,Tolnarg,Grand Duchy of Tolnarg,尤顿（巨人）,尤顿（巨人） Druidism,town,6295,8971.9,3379,-31.45,142.5,36,18°C,Barcelona (Spain),,,,,plaza,,,{t1:argent;division:{division:perBendSinister;t:vairAncien-or-gules;line:straight};ordinaries:[{ordinary:chief;t:vert;line:straight}];charges:[{charge:cannon;t:argent;p:abc;t2:argent;size:0.5}];shield:culture},https://watabou.github.io/city-generator/?name=Brorendush&population=6295&size=26&seed=1234182160551&river=0&coast=0&farms=1&citadel=0&urban_castle=0&hub=0&plaza=1&greens=1&temple=0&walls=0&shantytown=0&style=natural
552,Rekx,Sios,Sios Earldom,Zrio,Kingdom of Zrio,狗头人（哥布林）,Old Gneabligzism,village,1087,2026.22,2700.11,-7.05,-107.17,49,29°C,Niamey (Niger),,,,,,,,{t1:or;division:{division:perBend;t:sable;line:straight};charges:[{charge:ratRampant;t:purpure;p:e;t2:azure;divided:counter;size:1.5}];shield:culture},https://watabou.github.io/village-generator/?pop=1087&name=Rekx&seed=1234182160552&width=1400&height=683&style=default&tags=dead+end%2Cno+orchards%2Cno+square%2Cdense
553,Brozuzan,Froth,Froth County,Solka,Kingdom of Solka,尤顿（巨人）,尤顿（巨人） Druidism,town,5449,9008.38,1613.58,32,143.82,49,13°C,Milan (Italy),,port,,,,,,{t1:or;division:{division:perPale;t:azure;line:engrailed};charges:[{charge:wolfHeadErased;t:gules;p:pq;t2:gules;size:0.7}];shield:culture},https://watabou.github.io/city-generator/?name=Brozuzan&population=5449&size=25&seed=1234182160553&river=0&coast=1&farms=1&citadel=0&urban_castle=0&hub=0&plaza=0&greens=0&temple=0&walls=0&shantytown=0&style=natural&sea=0.21
554,Brybrinqi,Brybrinqi,Brybrinqi County,Vreagab,Kingdom of Vreagab,狗头人（哥布林）,Old Gneabligzism,town,10977,3312.99,1896.08,21.85,-60.91,361,19°C,Marrakesh (Morocco),,,,walls,,,,{t1:gules;ordinaries:[{ordinary:pileInBend;t:argent}];shield:culture},https://watabou.github.io/city-generator/?name=Brybrinqi&population=10977&size=32&seed=1234182160554&river=0&coast=0&farms=1&citadel=0&urban_castle=0&hub=1&plaza=0&greens=0&temple=0&walls=1&shantytown=0&style=natural
555,Navaguguk,Navaguguk,Navaguguk Barony,Shemnaselu,Grand Duchy of Shemnaselu,尤顿（巨人）,尤顿（巨人） Druidism,town,9097,5644.19,2134.58,13.28,22.89,9,29°C,Niamey (Niger),,,,,,,,{t1:argent;charges:[{charge:pike;t:purpure;p:e;t2:purpure;size:1.5}];shield:culture},https://watabou.github.io/city-generator/?name=Navaguguk&population=9097&size=30&seed=1234182160555&river=0&coast=0&farms=1&citadel=0&urban_castle=0&hub=0&plaza=0&greens=0&temple=0&walls=0&shantytown=0&style=natural
556,Steamber,Drayhost,Drayhost Earldom,Eartland,Grand Duchy of Eartland,阿诺（人类）,Embergrakecism,town,5519,7305.19,3432.63,-33.38,82.59,121,16°C,Dubrovnik (Croatia),,,,,,,,{t1:argent;ordinaries:[{ordinary:terrace;t:gules;line:raguly}];charges:[{charge:inescutcheon;t:azure;p:bdf;size:0.5};{charge:fusil;t:argent;p:bdf;size:0.25}];shield:culture},https://watabou.github.io/city-generator/?name=Steamber&population=5519&size=25&seed=1234182160556&river=0&coast=0&farms=1&citadel=0&urban_castle=0&hub=0&plaza=0&greens=0&temple=0&walls=0&shantytown=0&style=natural
557,Littkeep,Dewden,Dewden Earldom,Milstar,Kingdom of Milstar,阿诺（人类）,阿诺（人类） Totems,town,5336,6822.26,3762.9,-45.25,65.23,25,6°C,Stockholm (Sweden),,,citadel,walls,,,,{t1:or;ordinaries:[{ordinary:piles;t:azure}];charges:[{charge:compassRose;t:gules;p:jleh;size:0.5}];shield:culture},https://watabou.github.io/city-generator/?name=Littkeep&population=5336&size=24&seed=1234182160557&river=0&coast=0&farms=1&citadel=1&urban_castle=0&hub=0&plaza=0&greens=0&temple=0&walls=1&shantytown=0&style=natural
558,Ysenilsya,Wasinzan,Wasinzan Barony,Shemnaselu,Grand Duchy of Shemnaselu,昆雅（精灵）,昆雅（精灵） Druidism,town,4519,5285.8,1990.9,18.44,10,81,23°C,Rio de Janeiro (Brazil),,,,,,,,{t1:gules;ordinaries:[{ordinary:quarter;t:argent}];shield:culture},https://watabou.github.io/city-generator/?name=Ysenilsya&population=4519&size=23&seed=1234182160558&river=0&coast=0&farms=1&citadel=0&urban_castle=0&hub=0&plaza=0&greens=0&temple=0&walls=0&shantytown=0&style=natural
559,Givzieqee,Sios,Sios Earldom,Zrio,Kingdom of Zrio,狗头人（哥布林）,Old Gneabligzism,town,3662,2105.92,2702.89,-7.15,-104.3,144,28°C,Bangkok (Thailand),,,,,,,,{t1:masoned-azure-or-small;charges:[{charge:elephant;t:or;p:e;t2:or;size:1.5}];shield:culture},https://watabou.github.io/city-generator/?name=Givzieqee&population=3662&size=21&seed=1234182160559&river=1&coast=0&farms=1&citadel=0&urban_castle=0&hub=1&plaza=0&greens=0&temple=0&walls=0&shantytown=0&style=natural
560,Kluir,Swa,Swa County,Brat,Principality of Brat,狗头人（哥布林）,Old Gneabligzism,town,3720,3735.35,1166.36,48.08,-45.73,49,1°C,Arkhangelsk (Russia),,,,,,,,{t1:azure;division:{division:perFess;t:argent;line:straight};charges:[{charge:trefle;t:or;p:k;size:0.7};{charge:eagle;t:gules;p:n;size:0.7}];shield:culture},https://watabou.github.io/city-generator/?name=Kluir&population=3720&size=21&seed=1234182160560&river=1&coast=0&farms=0&citadel=0&urban_castle=0&hub=0&plaza=0&greens=0&temple=0&walls=0&shantytown=0&style=natural
561,Qeekork,Qeekork,Qeekork Governorate,Engai,Republic of Engai,狗头人（哥布林）,Old Gneabligzism,city,13320,2284.59,3096.39,-21.29,-97.88,25,27°C,Mogadishu (Somalia),,,,,,,,{t1:sable;charges:[{charge:donkeyHeadCaboshed;t:argent;p:e;t2:argent;size:1.5}];shield:culture},https://watabou.github.io/city-generator/?name=Qeekork&population=13320&size=34&seed=1234182160561&river=0&coast=0&farms=1&citadel=0&urban_castle=0&hub=0&plaza=0&greens=0&temple=0&walls=0&shantytown=0&style=natural
562,Brittmore,Dewgcoast,Dewgcoast County,Milstar,Kingdom of Milstar,阿诺（人类）,Embergrakecism,village,1927,6688.84,3127.02,-22.39,60.44,441,22°C,Guangzhou (China),,,,,,,,{t1:gules;charges:[{charge:mallet;t:argent;p:e;t2:argent;size:1.5}];shield:culture},https://watabou.github.io/village-generator/?pop=1927&name=Brittmore&seed=1234182160562&width=1600&height=780&style=default&tags=highway%2Cno+square%2Cdense
563,Gobligz,Stryt,Stryt Province,Biok,Republic of Biok,狗头人（哥布林）,Old Gneabligzism,village,1028,3984.15,1528.77,35.05,-36.79,169,9°C,Copenhagen (Denmark),,,,,,,,{t1:vert;charges:[{charge:heart;t:argent;p:abc;size:0.5}];shield:culture},https://watabou.github.io/village-generator/?pop=1028&name=Gobligz&seed=1234182160563&width=1400&height=683&style=default&tags=dead+end%2Cno+square%2Cdense
564,Srurd,Phax,Phax Department,Engai,Republic of Engai,狗头人（哥布林）,Old Gneabligzism,village,1049,2790.28,2963.27,-16.51,-79.7,81,27°C,Mogadishu (Somalia),,,,walls,,,,{t1:argent;ordinaries:[{ordinary:bordure;t:azure}];charges:[{charge:billet;t:or;p:ABCDEFGHIJKL;size:0.18};{charge:lionPassantGuardant;t:gules;p:e;size:1.1}];shield:culture},https://watabou.github.io/village-generator/?pop=1049&name=Srurd&seed=1234182160564&width=1400&height=683&style=default&tags=river%2Chighway%2Cno+square%2Cpalisade%2Cdense
565,Cloudwich,Oadowfalls,Oadowfalls County,Milstar,Kingdom of Milstar,阿诺（人类）,阿诺（人类） Totems,town,4692,6294.66,3118.56,-22.09,46.27,36,27°C,Mogadishu (Somalia),,port,citadel,,,,,{t1:semy_of_crossSaltire-argent-azure;division:{division:gyronny;t:purpure};ordinaries:[{ordinary:fess;t:gules;line:straight}];shield:culture},https://watabou.github.io/city-generator/?name=Cloudwich&population=4692&size=23&seed=1234182160565&river=0&coast=1&farms=1&citadel=1&urban_castle=0&hub=0&plaza=0&greens=0&temple=0&walls=0&shantytown=0&style=natural&sea=1.16
566,Crild,Ulmzofs,Ulmzofs Province,Biok,Republic of Biok,狗头人（哥布林）,Old Gneabligzism,town,5079,3968.42,1836.43,23.99,-37.35,16,22°C,Guangzhou (China),,port,,,,,,{t1:argent;division:{division:perFess;t:sable;line:bevilled};charges:[{charge:lionHeadErased;t:azure;p:k;t2:azure;size:0.7;sinister:1};{charge:heron;t:or;p:n;size:0.7}];shield:culture},https://watabou.github.io/city-generator/?name=Crild&population=5079&size=24&seed=1234182160566&river=0&coast=1&farms=1&citadel=0&urban_castle=0&hub=0&plaza=0&greens=0&temple=0&walls=0&shantytown=0&style=natural&sea=0.59
567,Nuldero,Narnelka,Narnelka County,Digez,Digezan League,尤顿（巨人）,尤顿（巨人） Druidism,town,6945,8593.83,2241.38,9.44,128.91,1024,22°C,Guangzhou (China),,,,walls,,,,{t1:argent;charges:[{charge:snake;t:azure;p:e;t2:purpure;size:1.5}];shield:culture},https://watabou.github.io/city-generator/?name=Nuldero&population=6945&size=27&seed=1234182160567&river=0&coast=0&farms=1&citadel=0&urban_castle=0&hub=0&plaza=0&greens=0&temple=0&walls=1&shantytown=0&style=natural
568,Vorkun,Yudhyrgu,Yudhyrgu County,Giruzar,Giruzar Empire,尤顿（巨人）,Embergrakecism,village,1015,8338.82,2588.13,-3.02,119.75,1444,20°C,Alexandria (Egypt),,,,,,,,{t1:or;ordinaries:[{ordinary:bordure;t:purpure}];charges:[{charge:mullet6;t:or;p:ABCDEFGHIJKL;size:0.18};{charge:crossSaltire;t:gules;p:e;size:1.1}];shield:culture},https://watabou.github.io/village-generator/?pop=1015&name=Vorkun&seed=1234182160568&width=1400&height=683&style=default&tags=highway%2Cno+square%2Cdense
569,Gler,Vekz,Vekz County,Brat,Principality of Brat,狗头人（哥布林）,Old Gneabligzism,village,1629,3678.5,1155.6,48.46,-47.77,144,0°C,Murmansk (Russia),,,,walls,,,,{t1:azure;division:{division:perFess;t:argent;line:nowyReversed};ordinaries:[{ordinary:terrace;t:or;line:straight;divided:counter}];shield:culture},https://watabou.github.io/village-generator/?pop=1629&name=Gler&seed=1234182160569&width=1600&height=780&style=snow&tags=isolated%2Cuncultivated%2Cno+orchards%2Cno+square%2Cpalisade%2Cdense
570,Vornel,Zira,Zira County,Giruzar,Giruzar Empire,尤顿（巨人）,Embergrakecism,town,2675,7282.65,3023.92,-18.69,81.78,484,25°C,Miami (USA),,,,,,,,{t1:masoned-argent-azure-small;charges:[{charge:bell;t:sable;p:e;t2:sable;size:1.5}];shield:culture},https://watabou.github.io/city-generator/?name=Vornel&population=2675&size=19&seed=1234182160570&river=0&coast=0&farms=1&citadel=0&urban_castle=0&hub=0&plaza=0&greens=0&temple=0&walls=0&shantytown=0&style=natural
571,Irranntyr,Mythshele,Mythshele County,Olerin,Olerin Empire,昆雅（精灵）,昆雅（精灵） Druidism,town,2326,6253.47,1953.01,19.8,44.79,256,22°C,Guangzhou (China),,,,,,,,{t1:purpure;ordinaries:[{ordinary:cross;t:or;line:straight}];charges:[{charge:angel;t:azure;p:beh;t2:azure;size:0.3}];shield:culture},https://watabou.github.io/city-generator/?name=Irranntyr&population=2326&size=18&seed=1234182160571&river=1&coast=0&farms=1&citadel=0&urban_castle=0&hub=0&plaza=0&greens=0&temple=0&walls=0&shantytown=0&style=natural
572,Mooncairn,Hound,Hound Captaincy,Dawnwalia,Principality of Dawnwalia,阿诺（人类）,Embergrakecism,village,487,7686.79,3212.14,-25.45,96.31,100,22°C,Guangzhou (China),,,,,,,,{t1:sable;ordinaries:[{ordinary:chevron;t:argent;line:engrailed}];charges:[{charge:ratRampant;t:or;p:e;t2:argent;size:1.5}];shield:culture},https://watabou.github.io/village-generator/?pop=487&name=Mooncairn&seed=1234182160572&width=800&height=390&style=default&tags=dead+end%2Cno+square%2Cdense
573,Cielble,Sios,Sios Earldom,Zrio,Kingdom of Zrio,狗头人（哥布林）,Old Gneabligzism,town,4157,2217.72,2727.2,-8.02,-100.28,225,27°C,Mogadishu (Somalia),,,,,,,,{t1:azure;ordinaries:[{ordinary:orle;t:argent}];charges:[{charge:roundel2;t:argent;p:jleh;size:0.5}];shield:culture},https://watabou.github.io/city-generator/?name=Cielble&population=4157&size=22&seed=1234182160573&river=1&coast=0&farms=1&citadel=0&urban_castle=0&hub=0&plaza=0&greens=0&temple=0&walls=0&shantytown=0&style=natural
574,Draleband,Hound,Hound Captaincy,Dawnwalia,Principality of Dawnwalia,阿诺（人类）,Embergrakecism,town,9507,7543.47,3332.93,-29.79,91.16,169,17°C,Lisbon (Portugal),,,,,,,,{t1:purpure;division:{division:perPale;t:or;line:straight};ordinaries:[{ordinary:gore;t:argent;divided:counter}];shield:culture},https://watabou.github.io/city-generator/?name=Draleband&population=9507&size=30&seed=1234182160574&river=0&coast=0&farms=1&citadel=0&urban_castle=0&hub=0&plaza=0&greens=0&temple=0&walls=0&shantytown=0&style=natural
575,Bellhallder,Cleargar,Cleargar Earldom,Milstar,Kingdom of Milstar,阿诺（人类）,阿诺（人类） Totems,town,5071,6736.93,3669.66,-41.9,62.17,25,9°C,Copenhagen (Denmark),,,,,,,,{t1:argent;charges:[{charge:mullet8;t:gules;p:e;size:1.5}];shield:culture},https://watabou.github.io/city-generator/?name=Bellhallder&population=5071&size=24&seed=1234182160575&river=0&coast=0&farms=1&citadel=0&urban_castle=0&hub=0&plaza=0&greens=0&temple=0&walls=0&shantytown=0&style=natural
576,Thornbell,Mythsia,Mythsia Canton,Engai,Republic of Engai,戴尔（人类）,戴尔（人类） Spirits,village,1213,2140.42,1404.62,39.51,-103.06,64,6°C,Stockholm (Sweden),,,,,,,,{t1:purpure;division:{division:perPale;t:or;line:arched};charges:[{charge:bridge;t:argent;p:p;size:0.7};{charge:scrollClosed;t:azure;p:q;size:0.7}];shield:culture},https://watabou.github.io/village-generator/?pop=1213&name=Thornbell&seed=1234182160576&width=1400&height=683&style=default&tags=river%2Cdead+end%2Cuncultivated%2Cno+square%2Cdense
577,Mathalas,Saquasanar,Saquasanar Barony,Olerin,Olerin Empire,昆雅（精灵）,昆雅（精灵） Druidism,village,1554,6823.36,2032.76,16.94,65.27,1369,17°C,Lisbon (Portugal),,,,,,,,{t1:chainy-argent-vert;division:{division:perCross;t:sable;line:straight};charges:[{charge:key;t:gules;p:j;size:0.6};{charge:pike;t:or;p:l;size:0.6};{charge:cinquefoil;t:argent;p:m;size:0.6};{charge:cavalier;t:sable;p:o;size:0.6}];shield:culture},https://watabou.github.io/village-generator/?pop=1554&name=Mathalas&seed=1234182160577&width=1600&height=780&style=default&tags=highway%2Cfarmland%2Cno+square%2Cdense
578,Bayfrost,Travia,Travia Governorate,Engai,Republic of Engai,戴尔（人类）,戴尔（人类） Spirits,town,5841,2367.44,1544.84,34.47,-94.9,324,8°C,Prague (Czechia),,,,,,,,{t1:azure;charges:[{charge:attire;t:or;p:e;size:1.5}];shield:culture},https://watabou.github.io/city-generator/?name=Bayfrost&population=5841&size=25&seed=1234182160578&river=0&coast=0&farms=1&citadel=0&urban_castle=0&hub=0&plaza=0&greens=0&temple=0&walls=0&shantytown=0&style=natural
579,Lelhalin,Mythshele,Mythshele County,Olerin,Olerin Empire,昆雅（精灵）,昆雅（精灵） Druidism,town,2928,6358.28,1934.25,20.48,48.56,256,22°C,Guangzhou (China),,,,,,,,{t1:argent;ordinaries:[{ordinary:pileInBendSinister;t:azure}];shield:culture},https://watabou.github.io/city-generator/?name=Lelhalin&population=2928&size=19&seed=1234182160579&river=1&coast=0&farms=1&citadel=0&urban_castle=0&hub=0&plaza=0&greens=0&temple=0&walls=0&shantytown=0&style=natural
580,Kilduch,Brem,Brem Earldom,Giruzar,Giruzar Empire,尤顿（巨人）,Embergrakecism,town,3007,7668.6,2689.5,-6.67,95.66,64,30°C,Khartoum (Sudan),,,,,,,,{t1:argent;ordinaries:[{ordinary:fessDoubleCotissed;t:azure;line:wavy}];charges:[{charge:stagPassant;t:or;p:def;t2:gules;size:0.4}];shield:culture},https://watabou.github.io/city-generator/?name=Kilduch&population=3007&size=20&seed=1234182160580&river=0&coast=0&farms=1&citadel=0&urban_castle=0&hub=1&plaza=0&greens=0&temple=0&walls=0&shantytown=0&style=natural
581,Eenqi,Ulmzofs,Ulmzofs Province,Biok,Republic of Biok,狗头人（哥布林）,Old Gneabligzism,town,5193,4045.01,1954.28,19.76,-34.6,49,22°C,Guangzhou (China),,port,,,,,,{t1:gules;ordinaries:[{ordinary:cross;t:or;line:straight}];charges:[{charge:anchor;t:gules;p:behdf;size:0.3}];shield:culture},https://watabou.github.io/city-generator/?name=Eenqi&population=5193&size=24&seed=1234182160581&river=0&coast=1&farms=1&citadel=0&urban_castle=0&hub=1&plaza=0&greens=0&temple=0&walls=0&shantytown=0&style=natural&sea=1.46
582,Stryt,Stryt,Stryt Governorate,Biok,Republic of Biok,狗头人（哥布林）,Old Gneabligzism,town,7021,4359.68,2131.01,13.41,-23.29,4,29°C,Niamey (Niger),,,,,,,,{t1:argent;charges:[{charge:heart;t:gules;p:abc;size:0.5}];shield:culture},https://watabou.github.io/city-generator/?name=Stryt&population=7021&size=27&seed=1234182160582&river=0&coast=0&farms=1&citadel=0&urban_castle=0&hub=0&plaza=0&greens=0&temple=0&walls=0&shantytown=0&style=natural
583,Mathelledil,Sshaunelie,Sshaunelie Margrave,Karion,Protectorate of Karion,昆雅（精灵）,昆雅（精灵） Druidism,village,976,7112.63,1427.74,38.68,75.67,676,5°C,Harbin (China),,,,,,,,{t1:vairInPale-purpure-argent;ordinaries:[{ordinary:terrace;t:or;line:straight}];shield:culture},https://watabou.github.io/village-generator/?pop=976&name=Mathelledil&seed=1234182160583&width=1000&height=488&style=snow&tags=isolated%2Cno+square%2Cdense
584,Migez,Migez,Migez Earldom,Tolnarg,Grand Duchy of Tolnarg,尤顿（巨人）,尤顿（巨人） Druidism,town,9525,8975.42,3420.1,-32.93,142.63,36,17°C,Lisbon (Portugal),,,,,,,,{t1:pappellony-vert-argent;charges:[{charge:lozengeFaceted;t:or;p:e;size:1.5}];shield:culture},https://watabou.github.io/city-generator/?name=Migez&population=9525&size=30&seed=1234182160584&river=0&coast=0&farms=1&citadel=0&urban_castle=0&hub=0&plaza=0&greens=0&temple=0&walls=0&shantytown=0&style=natural
585,Eszi,Gneabsil,Gneabsil County,Zrio,Kingdom of Zrio,狗头人（哥布林）,Old Gneabligzism,town,5079,1544.55,3524.11,-36.67,-124.48,36,14°C,Washington (D.C.),,,,,,,,{t1:masoned-azure-or-small;ordinaries:[{ordinary:bordure;t:argent}];shield:culture},https://watabou.github.io/city-generator/?name=Eszi&population=5079&size=24&seed=1234182160585&river=0&coast=0&farms=1&citadel=0&urban_castle=0&hub=0&plaza=0&greens=0&temple=0&walls=0&shantytown=0&style=natural
586,Bozgrizg,Gurmurd,Gurmurd Captaincy,Vreagab,Kingdom of Vreagab,乌格卢克（兽人）,乌格卢克（兽人） Forefathers,town,3868,2613.38,1585.1,33.03,-86.06,169,12°C,Paris (France),,,,,,,,{t1:purpure;ordinaries:[{ordinary:fess;t:argent;line:straight}];charges:[{charge:bridge2;t:gules;p:def;size:0.5}];shield:culture},https://watabou.github.io/city-generator/?name=Bozgrizg&population=3868&size=22&seed=1234182160586&river=0&coast=0&farms=1&citadel=0&urban_castle=0&hub=0&plaza=0&greens=0&temple=0&walls=0&shantytown=0&style=natural
587,Glam,Stryt,Stryt Governorate,Biok,Republic of Biok,狗头人（哥布林）,Old Gneabligzism,town,4520,4195.04,2097.99,14.59,-29.2,4,28°C,Bangkok (Thailand),,,,,,,,{t1:or;division:{division:perCross;t:azure;line:straight};charges:[{charge:lizard;t:purpure;p:j;size:0.6};{charge:sagittarius;t:or;p:l;size:0.6};{charge:scalesHanging;t:or;p:m;size:0.6};{charge:apple;t:azure;p:o;size:0.6}];shield:culture},https://watabou.github.io/city-generator/?name=Glam&population=4520&size=23&seed=1234182160587&river=0&coast=0&farms=1&citadel=0&urban_castle=0&hub=0&plaza=0&greens=0&temple=0&walls=0&shantytown=0&style=natural
588,Wolfront,Shatholuch,Shatholuch County,Tolnarg,Grand Duchy of Tolnarg,阿诺（人类）,Embergrakecism,village,808,8358.34,3170.55,-23.96,120.45,100,24°C,Dakar (Senegal),,,,walls,,,,{t1:argent;division:{division:perPale;t:purpure;line:straight};ordinaries:[{ordinary:orle;t:gules}];shield:culture},https://watabou.github.io/village-generator/?pop=808&name=Wolfront&seed=1234182160588&width=1000&height=488&style=default&tags=estuary%2Chighway%2Cuncultivated%2Cno+square%2Cpalisade%2Cdense
589,Lefrantheas,Wasinzan,Wasinzan Barony,Shemnaselu,Grand Duchy of Shemnaselu,昆雅（精灵）,昆雅（精灵） Druidism,village,689,5403.32,2023.79,17.26,14.23,16,26°C,Jakarta (Indonesia),,,,,,,,{t1:gules;ordinaries:[{ordinary:cross;t:argent;line:rayonne}];charges:[{charge:bridge;t:gules;p:e;size:0.5}];shield:culture},https://watabou.github.io/village-generator/?pop=689&name=Lefrantheas&seed=1234182160589&width=1000&height=488&style=default&tags=highway%2Cfarmland%2Cno+orchards%2Cno+square%2Cdense
590,Rekx,Slukex,Slukex County,Brat,Principality of Brat,狗头人（哥布林）,Old Gneabligzism,town,6648,3222.58,1959.71,19.56,-64.16,361,21°C,Tegucigalpa (Honduras),,,,,,,,{t1:vert;charges:[{charge:wasp;t:argent;p:e;t2:argent;t3:argent;size:1.5}];shield:culture},https://watabou.github.io/city-generator/?name=Rekx&population=6648&size=27&seed=1234182160590&river=0&coast=0&farms=1&citadel=0&urban_castle=0&hub=0&plaza=0&greens=0&temple=0&walls=0&shantytown=0&style=natural
591,Yulfod,Kinuguk,Kinuguk County,Milstar,Kingdom of Milstar,尤顿（巨人）,尤顿（巨人） Druidism,village,641,6880.02,2543.8,-1.43,67.31,1089,22°C,Guangzhou (China),,,,,,,,{t1:semy_of_triangle-or-vert;charges:[{charge:grapeBunch;t:purpure;p:e;t2:purpure;t3:purpure;size:1.5}];shield:culture},https://watabou.github.io/village-generator/?pop=641&name=Yulfod&seed=1234182160591&width=1000&height=488&style=default&tags=highway%2Cfarmland%2Cno+square%2Cdense
592,Nardishund,Bothizda,Bothizda County,Solka,Kingdom of Solka,尤顿（巨人）,尤顿（巨人） Druidism,village,639,8159.31,2039.45,16.7,113.3,169,25°C,Miami (USA),,,,,,,,{t1:purpure;charges:[{charge:bell;t:argent;p:e;t2:argent;size:1.5}];shield:culture},https://watabou.github.io/village-generator/?pop=639&name=Nardishund&seed=1234182160592&width=1000&height=488&style=default&tags=river%2Cdead+end%2Cno+square%2Cdense
593,Vohniots,Croi,Croi Canton,Engai,Republic of Engai,狗头人（哥布林）,Old Gneabligzism,town,5067,2799.56,2712.62,-7.5,-79.37,100,28°C,Bangkok (Thailand),,,citadel,walls,,,,{t1:argent;ordinaries:[{ordinary:chevron;t:sable}];shield:culture},https://watabou.github.io/city-generator/?name=Vohniots&population=5067&size=24&seed=1234182160593&river=0&coast=0&farms=1&citadel=1&urban_castle=0&hub=1&plaza=0&greens=0&temple=0&walls=1&shantytown=0&style=natural
594,Chaz,Kuzg,Kuzg County,Zrio,Kingdom of Zrio,乌格卢克（兽人）,乌格卢克（兽人） Forefathers,village,618,1874.38,2416.88,3.13,-112.62,225,29°C,Niamey (Niger),,,,,,,,{t1:lozengy-sable-or;division:{division:perFess;t:argent;line:straight};ordinaries:[{ordinary:fessDoubleCotissed;t:purpure;line:straight}];shield:culture},https://watabou.github.io/village-generator/?pop=618&name=Chaz&seed=1234182160594&width=1000&height=488&style=default&tags=highway%2Cfarmland%2Cno+orchards%2Cno+square%2Cdense
595,Grasshield,Hound,Hound Captaincy,Dawnwalia,Principality of Dawnwalia,阿诺（人类）,Embergrakecism,town,3876,7522.74,3156.46,-23.45,90.41,225,24°C,Dakar (Senegal),,,,walls,,,,{t1:purpure;charges:[{charge:maces;t:argent;p:e;t2:argent;size:1.5}];shield:culture},https://watabou.github.io/city-generator/?name=Grasshield&population=3876&size=22&seed=1234182160595&river=0&coast=0&farms=1&citadel=0&urban_castle=0&hub=0&plaza=0&greens=0&temple=0&walls=1&shantytown=0&style=natural
596,Freyshield,Dewden,Dewden Earldom,Milstar,Kingdom of Milstar,阿诺（人类）,阿诺（人类） Totems,village,1505,6748.3,3722.04,-43.78,62.57,64,8°C,Prague (Czechia),,port,,,,,,{t1:purpure;charges:[{charge:bowWithArrow;t:argent;p:e;t2:argent;t3:argent;size:1.5}];shield:culture},https://watabou.github.io/village-generator/?pop=1505&name=Freyshield&seed=1234182160596&width=1600&height=780&style=default&tags=coast%2Chighway%2Cuncultivated%2Cno+square%2Cdense
597,Dragonspice,Griron,Griron Shire,Dawnwalia,Principality of Dawnwalia,阿诺（人类）,Embergrakecism,town,4765,8150.64,3484.6,-35.25,112.98,225,15°C,Rome (Italy),,port,,,,,,{t1:argent;charges:[{charge:armillarySphere;t:gules;p:e;size:1.5}];shield:culture},https://watabou.github.io/city-generator/?name=Dragonspice&population=4765&size=23&seed=1234182160597&river=0&coast=1&farms=1&citadel=0&urban_castle=0&hub=1&plaza=0&greens=0&temple=0&walls=0&shantytown=0&style=natural&sea=1.77
598,Harnan,Vigkandi,Vigkandi County,Solka,Kingdom of Solka,尤顿（巨人）,尤顿（巨人） Druidism,town,7323,8507.19,1871.81,22.72,125.8,81,21°C,Tegucigalpa (Honduras),,,,,,,,{t1:gules;ordinaries:[{ordinary:chevron;t:argent}];charges:[{charge:annulet;t:gules;p:ach;size:0.5}];shield:culture},https://watabou.github.io/city-generator/?name=Harnan&population=7323&size=27&seed=1234182160598&river=1&coast=0&farms=0&citadel=0&urban_castle=0&hub=0&plaza=0&greens=0&temple=0&walls=0&shantytown=0&style=natural
599,Illhalin,Shaulal,Shaulal County,Olerin,Olerin Empire,昆雅（精灵）,昆雅（精灵） Druidism,town,2209,6926.32,1676.29,29.75,68.97,289,13°C,Milan (Italy),,,,,,,,{t1:or;division:{division:perSaltire;t:azure};charges:[{charge:shears;t:sable;p:bhdf;divided:counter;size:0.5}];shield:culture},https://watabou.github.io/city-generator/?name=Illhalin&population=2209&size=18&seed=1234182160599&river=1&coast=0&farms=1&citadel=0&urban_castle=0&hub=0&plaza=0&greens=0&temple=0&walls=0&shantytown=0&style=natural
600,Shathabun,Shathabun,Shathabun Territory,Olerin,Olerin Empire,尤顿（巨人）,尤顿（巨人） Druidism,village,1086,6027.97,2385.21,4.27,36.68,256,28°C,Bangkok (Thailand),,,,,,,,{t1:purpure;charges:[{charge:castle2;t:argent;p:jln;t2:argent;t3:argent;size:0.7}];shield:culture},https://watabou.github.io/village-generator/?pop=1086&name=Shathabun&seed=1234182160600&width=1400&height=683&style=default&tags=dead+end%2Cno+square%2Cdense
601,Kudzodre,Lightia,Lightia Landgrave,Vreagab,Kingdom of Vreagab,乌格卢克（兽人）,乌格卢克（兽人） Forefathers,village,1253,2521.42,1716.49,28.31,-89.36,529,14°C,Washington (D.C.),,,,,,,,{t1:gules;charges:[{charge:mullet4;t:or;p:abc;size:0.5}];shield:culture},https://watabou.github.io/village-generator/?pop=1253&name=Kudzodre&seed=1234182160601&width=1400&height=683&style=default&tags=highway%2Cno+square%2Cdense
602,Rethenthyr,Ololunesa,Ololunesa County,Olerin,Olerin Empire,昆雅（精灵）,昆雅（精灵） Druidism,town,4216,6410.15,1750.24,27.09,50.42,576,13°C,Milan (Italy),,,,,,,,{t1:argent;division:{division:perPale;t:vert;line:indented};charges:[{charge:annulet;t:azure;p:p;size:0.7};{charge:centaur;t:or;p:q;size:0.7}];shield:culture},https://watabou.github.io/city-generator/?name=Rethenthyr&population=4216&size=22&seed=1234182160602&river=0&coast=0&farms=1&citadel=0&urban_castle=0&hub=0&plaza=0&greens=0&temple=0&walls=0&shantytown=0&style=natural
603,Qosx,Qosx,Qosx Department,Engai,Republic of Engai,狗头人（哥布林）,Old Gneabligzism,town,10412,2390.31,2360.16,5.17,-94.08,484,26°C,Jakarta (Indonesia),,,,walls,,,,{t1:sable;charges:[{charge:palmTree;t:argent;p:e;t2:argent;t3:argent;size:1.5}];shield:culture},https://watabou.github.io/city-generator/?name=Qosx&population=10412&size=31&seed=1234182160603&river=1&coast=0&farms=1&citadel=0&urban_castle=0&hub=0&plaza=0&greens=0&temple=0&walls=1&shantytown=0&style=natural
604,Uldri,Drodh,Drodh Department,Engai,Republic of Engai,乌鲁克（兽人）,乌鲁克（兽人） Beliefs,town,9050,2493.42,1978.08,18.9,-90.37,900,18°C,Barcelona (Spain),,,,,,,,{t1:argent;charges:[{charge:anchor;t:gules;p:e;size:1.5}];shield:culture},https://watabou.github.io/city-generator/?name=Uldri&population=9050&size=30&seed=1234182160604&river=0&coast=0&farms=1&citadel=0&urban_castle=0&hub=0&plaza=0&greens=0&temple=0&walls=0&shantytown=0&style=natural
605,Stuik,Phax,Phax Department,Engai,Republic of Engai,狗头人（哥布林）,Old Gneabligzism,town,2899,2753.21,2862.89,-12.9,-81.03,64,29°C,Niamey (Niger),,port,,,,,,{t1:vert;charges:[{charge:plough;t:argent;p:e;t2:or;size:1.5}];shield:culture},https://watabou.github.io/city-generator/?name=Stuik&population=2899&size=19&seed=1234182160605&river=1&coast=1&farms=0&citadel=0&urban_castle=0&hub=0&plaza=0&greens=0&temple=0&walls=0&shantytown=0&style=natural
606,Krigh,Krigh,Krigh Clan,Zrio,Kingdom of Zrio,乌格卢克（兽人）,乌格卢克（兽人） Forefathers,town,5331,1224.5,1958.8,19.6,-135.98,25,24°C,Dakar (Senegal),,,,,plaza,,,{t1:argent;division:{division:perCross;t:gules;line:straight};charges:[{charge:shield;t:azure;p:jlmo;t2:azure;divided:counter;size:0.6}];shield:culture},https://watabou.github.io/city-generator/?name=Krigh&population=5331&size=24&seed=1234182160606&river=0&coast=0&farms=1&citadel=0&urban_castle=0&hub=0&plaza=1&greens=1&temple=0&walls=0&shantytown=0&style=natural
607,Burthozuza,Gahourg,Gahourg County,Solka,Kingdom of Solka,尤顿（巨人）,尤顿（巨人） Druidism,town,3157,8376.34,1812.55,24.85,121.1,64,20°C,Alexandria (Egypt),,,,,,,,{t1:or;charges:[{charge:crossedBones;t:sable;p:jln;size:0.7}];shield:culture},https://watabou.github.io/city-generator/?name=Burthozuza&population=3157&size=20&seed=1234182160607&river=1&coast=0&farms=1&citadel=0&urban_castle=0&hub=0&plaza=0&greens=0&temple=0&walls=0&shantytown=0&style=natural
608,Kimornel,Mernaram,Mernaram County,Milstar,Kingdom of Milstar,尤顿（巨人）,尤顿（巨人） Druidism,town,8081,6308.24,2797.94,-10.56,46.76,196,28°C,Bangkok (Thailand),,port,,,,,,{t1:or;division:{division:perCross;t:azure;line:invecked};charges:[{charge:crossedBones;t:purpure;p:j;size:0.6}];shield:culture},https://watabou.github.io/city-generator/?name=Kimornel&population=8081&size=29&seed=1234182160608&river=1&coast=1&farms=1&citadel=0&urban_castle=0&hub=0&plaza=0&greens=0&temple=0&walls=0&shantytown=0&style=natural
609,Hoblin,Gneabsil,Gneabsil County,Zrio,Kingdom of Zrio,狗头人（哥布林）,Old Gneabligzism,village,537,1547.37,3312.16,-29.05,-124.38,169,20°C,Alexandria (Egypt),,,,,,,,{t1:masoned-azure-or-small;division:{division:perPale;t:argent;line:straight};ordinaries:[{ordinary:pallReversed;t:or;line:straight}];shield:culture},https://watabou.github.io/village-generator/?pop=537&name=Hoblin&seed=1234182160609&width=1000&height=488&style=default&tags=highway%2Cno+square%2Cdense
610,Jalddam,Nelkunbu,Nelkunbu County,Shemnaselu,Grand Duchy of Shemnaselu,尤顿（巨人）,尤顿（巨人） Druidism,town,2401,5819.5,2465.65,1.38,29.19,225,29°C,Niamey (Niger),,,,,,,,{t1:barry-argent-purpure;charges:[{charge:arbalest2;t:sable;p:e;size:1.5}];shield:culture},https://watabou.github.io/city-generator/?name=Jalddam&population=2401&size=18&seed=1234182160610&river=0&coast=0&farms=1&citadel=0&urban_castle=0&hub=1&plaza=0&greens=0&temple=0&walls=0&shantytown=0&style=natural
611,Faymouth,Bearse,Bearse County,Dawnwalia,Principality of Dawnwalia,阿诺（人类）,Embergrakecism,town,2533,7757.73,3157.33,-23.48,98.86,64,25°C,Miami (USA),,,,,,,,{t1:argent;charges:[{charge:arbalest;t:sable;p:e;t2:sable;t3:sable;size:1.5}];shield:culture},https://watabou.github.io/city-generator/?name=Faymouth&population=2533&size=18&seed=1234182160611&river=1&coast=0&farms=1&citadel=0&urban_castle=0&hub=0&plaza=0&greens=0&temple=0&walls=0&shantytown=0&style=natural
612,Sylleluven,Sylleluven,Sylleluven Captaincy,Kyathlulil,Kingdom of Kyathlulil,昆雅（精灵）,昆雅（精灵） Druidism,city,16169,5689.99,1465.83,37.31,24.53,196,7°C,Montreal (Canada),,,,,,,,{t1:sable;charges:[{charge:crescent;t:or;p:e;size:1.5}];shield:culture},https://watabou.github.io/city-generator/?name=Sylleluven&population=16169&size=37&seed=1234182160612&river=1&coast=0&farms=1&citadel=0&urban_castle=0&hub=0&plaza=0&greens=0&temple=0&walls=0&shantytown=0&style=natural
613,Slehzit,Voh,Voh Captaincy,Vreagab,Kingdom of Vreagab,狗头人（哥布林）,Old Gneabligzism,village,1964,3175.58,1655.29,30.5,-65.85,64,16°C,Dubrovnik (Croatia),,port,,,,,,{t1:argent;ordinaries:[{ordinary:fess;t:purpure;line:engrailed}];charges:[{charge:plaice;t:argent;p:def;t2:argent;size:0.5}];shield:culture},https://watabou.github.io/village-generator/?pop=1964&name=Slehzit&seed=1234182160613&width=1600&height=780&style=default&tags=coast%2Chighway%2Cno+square%2Cdense
614,Ararguled,Shat,Shat Earldom,Solka,Kingdom of Solka,尤顿（巨人）,尤顿（巨人） Druidism,town,5737,8746.11,1502.8,35.99,134.39,16,10°C,London (England),,,citadel,walls,,,,{t1:gules;division:{division:perPale;t:argent;line:straight};ordinaries:[{ordinary:pallReversed;t:or}];shield:culture},https://watabou.github.io/city-generator/?name=Ararguled&population=5737&size=25&seed=1234182160614&river=0&coast=0&farms=1&citadel=1&urban_castle=1&hub=0&plaza=0&greens=0&temple=0&walls=1&shantytown=0&style=natural
615,Guzinarde,Nadab,Nadab County,Giruzar,Giruzar Empire,尤顿（巨人）,尤顿（巨人） Druidism,town,9729,7627.26,2229.49,9.87,94.17,64,29°C,Niamey (Niger),,port,,,,,,{t1:argent;charges:[{charge:drawingCompass;t:purpure;p:e;size:1.5}];shield:culture},https://watabou.github.io/city-generator/?name=Guzinarde&population=9729&size=31&seed=1234182160615&river=1&coast=1&farms=1&citadel=0&urban_castle=0&hub=1&plaza=0&greens=0&temple=0&walls=0&shantytown=0&style=natural
616,Nurkenuz,Gahourg,Gahourg County,Solka,Kingdom of Solka,尤顿（巨人）,尤顿（巨人） Druidism,village,1146,8455.48,2158.2,12.43,123.94,400,25°C,Miami (USA),,port,,,,,,{t1:argent;charges:[{charge:anchor;t:azure;p:jln;size:0.7}];shield:culture},https://watabou.github.io/village-generator/?pop=1146&name=Nurkenuz&seed=1234182160616&width=1400&height=683&style=default&tags=coast%2Chighway%2Cuncultivated%2Cno+square%2Cdense
617,Ghosthtown,Mythsia,Mythsia Canton,Engai,Republic of Engai,戴尔（人类）,戴尔（人类） Spirits,town,10563,2004.21,1289.64,43.65,-107.96,25,5°C,Harbin (China),,,,walls,,,,{t1:argent;charges:[{charge:stagPassant;t:gules;p:e;t2:gules;size:1.5}];shield:culture},https://watabou.github.io/city-generator/?name=Ghosthtown&population=10563&size=32&seed=1234182160617&river=1&coast=0&farms=1&citadel=0&urban_castle=0&hub=0&plaza=0&greens=0&temple=0&walls=1&shantytown=0&style=natural
618,Nilhob,Qosx,Qosx Department,Engai,Republic of Engai,狗头人（哥布林）,Old Gneabligzism,town,3760,2428.69,2444.28,2.15,-92.7,1089,23°C,Rio de Janeiro (Brazil),,,citadel,,,,,{t1:argent;charges:[{charge:wheatStalk;t:sable;p:e;t2:sable;size:1.5}];shield:culture},https://watabou.github.io/city-generator/?name=Nilhob&population=3760&size=21&seed=1234182160618&river=0&coast=0&farms=1&citadel=1&urban_castle=1&hub=0&plaza=0&greens=0&temple=0&walls=0&shantytown=0&style=natural
