{
  "type": "FeatureCollection",
  "features": [
    {
      "type": "Feature",
      "id": "crossing:route-roads-0:5:bridge",
      "properties": {
        "name": "Ef Selion跨口",
        "crossing_type": "bridge",
        "allowed_movement_types": [
          "land",
          "water"
        ],
        "review_status": "candidate",
        "kind": "crossing"
      },
      "geometry": {
        "type": "Point",
        "coordinates": [
          118.37691,
          34.19209
        ]
      }
    },
    {
      "type": "Feature",
      "id": "crossing:route-roads-0:12:bridge",
      "properties": {
        "name": "Kyathtanase跨口",
        "crossing_type": "bridge",
        "allowed_movement_types": [
          "land",
          "water"
        ],
        "review_status": "candidate",
        "kind": "crossing"
      },
      "geometry": {
        "type": "Point",
        "coordinates": [
          108.76565,
          37.06749
        ]
      }
    },
    {
      "type": "Feature",
      "id": "crossing:route-roads-0:14:bridge",
      "properties": {
        "name": "Ryasenarius跨口",
        "crossing_type": "bridge",
        "allowed_movement_types": [
          "land",
          "water"
        ],
        "review_status": "candidate",
        "kind": "crossing"
      },
      "geometry": {
        "type": "Point",
        "coordinates": [
          106.99387,
          39.9472
        ]
      }
    },
    {
      "type": "Feature",
      "id": "crossing:route-roads-1:0:bridge",
      "properties": {
        "name": "Oxbrook跨口",
        "crossing_type": "bridge",
        "allowed_movement_types": [
          "land",
          "water"
        ],
        "review_status": "candidate",
        "kind": "crossing"
      },
      "geometry": {
        "type": "Point",
        "coordinates": [
          101.95746,
          -35.79153
        ]
      }
    },
    {
      "type": "Feature",
      "id": "crossing:route-roads-1:10:bridge",
      "properties": {
        "name": "Fayhost跨口",
        "crossing_type": "bridge",
        "allowed_movement_types": [
          "land",
          "water"
        ],
        "review_status": "candidate",
        "kind": "crossing"
      },
      "geometry": {
        "type": "Point",
        "coordinates": [
          116.73849,
          -30.09465
        ]
      }
    },
    {
      "type": "Feature",
      "id": "crossing:route-roads-1:12:bridge",
      "properties": {
        "name": "Bayfshear跨口",
        "crossing_type": "bridge",
        "allowed_movement_types": [
          "land",
          "water"
        ],
        "review_status": "candidate",
        "kind": "crossing"
      },
      "geometry": {
        "type": "Point",
        "coordinates": [
          117.55447,
          -26.86701
        ]
      }
    },
    {
      "type": "Feature",
      "id": "crossing:route-roads-1:19:bridge",
      "properties": {
        "name": "Rangarth跨口",
        "crossing_type": "bridge",
        "allowed_movement_types": [
          "land",
          "water"
        ],
        "review_status": "candidate",
        "kind": "crossing"
      },
      "geometry": {
        "type": "Point",
        "coordinates": [
          128.27215,
          -20.25755
        ]
      }
    },
    {
      "type": "Feature",
      "id": "crossing:route-roads-1:20:bridge",
      "properties": {
        "name": "Theoddan跨口",
        "crossing_type": "bridge",
        "allowed_movement_types": [
          "land",
          "water"
        ],
        "review_status": "candidate",
        "kind": "crossing"
      },
      "geometry": {
        "type": "Point",
        "coordinates": [
          129.26858,
          -19.19617
        ]
      }
    },
    {
      "type": "Feature",
      "id": "crossing:route-roads-1:21:bridge",
      "properties": {
        "name": "Kalfondhyr跨口",
        "crossing_type": "bridge",
        "allowed_movement_types": [
          "land",
          "water"
        ],
        "review_status": "candidate",
        "kind": "crossing"
      },
      "geometry": {
        "type": "Point",
        "coordinates": [
          130.76825,
          -18.67931
        ]
      }
    },
    {
      "type": "Feature",
      "id": "crossing:route-roads-2:3:bridge",
      "properties": {
        "name": "Kinburak跨口",
        "crossing_type": "bridge",
        "allowed_movement_types": [
          "land",
          "water"
        ],
        "review_status": "candidate",
        "kind": "crossing"
      },
      "geometry": {
        "type": "Point",
        "coordinates": [
          131.25244,
          -3.53027
        ]
      }
    },
    {
      "type": "Feature",
      "id": "crossing:route-roads-3:5:bridge",
      "properties": {
        "name": "Dugheru跨口",
        "crossing_type": "bridge",
        "allowed_movement_types": [
          "land",
          "water"
        ],
        "review_status": "candidate",
        "kind": "crossing"
      },
      "geometry": {
        "type": "Point",
        "coordinates": [
          127.58307,
          5.3522
        ]
      }
    },
    {
      "type": "Feature",
      "id": "crossing:route-roads-4:2:bridge",
      "properties": {
        "name": "Berolazin跨口",
        "crossing_type": "bridge",
        "allowed_movement_types": [
          "land",
          "water"
        ],
        "review_status": "candidate",
        "kind": "crossing"
      },
      "geometry": {
        "type": "Point",
        "coordinates": [
          123.99565,
          -2.26761
        ]
      }
    },
    {
      "type": "Feature",
      "id": "crossing:route-roads-5:2:bridge",
      "properties": {
        "name": "Ratal跨口",
        "crossing_type": "bridge",
        "allowed_movement_types": [
          "land",
          "water"
        ],
        "review_status": "candidate",
        "kind": "crossing"
      },
      "geometry": {
        "type": "Point",
        "coordinates": [
          97.677,
          -8.60463
        ]
      }
    },
    {
      "type": "Feature",
      "id": "crossing:route-roads-7:12:bridge",
      "properties": {
        "name": "Sinenilran跨口",
        "crossing_type": "bridge",
        "allowed_movement_types": [
          "land",
          "water"
        ],
        "review_status": "candidate",
        "kind": "crossing"
      },
      "geometry": {
        "type": "Point",
        "coordinates": [
          62.66408,
          34.48466
        ]
      }
    },
    {
      "type": "Feature",
      "id": "crossing:route-roads-8:0:bridge",
      "properties": {
        "name": "Shathugkiz跨口",
        "crossing_type": "bridge",
        "allowed_movement_types": [
          "land",
          "water"
        ],
        "review_status": "candidate",
        "kind": "crossing"
      },
      "geometry": {
        "type": "Point",
        "coordinates": [
          92.56979,
          6.153
        ]
      }
    },
    {
      "type": "Feature",
      "id": "crossing:route-roads-9:1:bridge",
      "properties": {
        "name": "Addudhera跨口",
        "crossing_type": "bridge",
        "allowed_movement_types": [
          "land",
          "water"
        ],
        "review_status": "candidate",
        "kind": "crossing"
      },
      "geometry": {
        "type": "Point",
        "coordinates": [
          87.85905,
          17.17584
        ]
      }
    },
    {
      "type": "Feature",
      "id": "crossing:route-roads-10:3:bridge",
      "properties": {
        "name": "Mistval跨口",
        "crossing_type": "bridge",
        "allowed_movement_types": [
          "land",
          "water"
        ],
        "review_status": "candidate",
        "kind": "crossing"
      },
      "geometry": {
        "type": "Point",
        "coordinates": [
          83.1893,
          -38.9861
        ]
      }
    },
    {
      "type": "Feature",
      "id": "crossing:route-roads-10:9:bridge",
      "properties": {
        "name": "Stormouth跨口",
        "crossing_type": "bridge",
        "allowed_movement_types": [
          "land",
          "water"
        ],
        "review_status": "candidate",
        "kind": "crossing"
      },
      "geometry": {
        "type": "Point",
        "coordinates": [
          90.67039,
          -35.26318
        ]
      }
    },
    {
      "type": "Feature",
      "id": "crossing:route-roads-11:0:bridge",
      "properties": {
        "name": "Oxbrook跨口",
        "crossing_type": "bridge",
        "allowed_movement_types": [
          "land",
          "water"
        ],
        "review_status": "candidate",
        "kind": "crossing"
      },
      "geometry": {
        "type": "Point",
        "coordinates": [
          105.93741,
          -23.50783
        ]
      }
    },
    {
      "type": "Feature",
      "id": "crossing:route-roads-11:7:bridge",
      "properties": {
        "name": "Brerstuz跨口",
        "crossing_type": "bridge",
        "allowed_movement_types": [
          "land",
          "water"
        ],
        "review_status": "candidate",
        "kind": "crossing"
      },
      "geometry": {
        "type": "Point",
        "coordinates": [
          102.72491,
          -14.15487
        ]
      }
    },
    {
      "type": "Feature",
      "id": "crossing:route-roads-11:8:bridge",
      "properties": {
        "name": "Nulkegfast跨口",
        "crossing_type": "bridge",
        "allowed_movement_types": [
          "land",
          "water"
        ],
        "review_status": "candidate",
        "kind": "crossing"
      },
      "geometry": {
        "type": "Point",
        "coordinates": [
          101.28815,
          -12.22548
        ]
      }
    },
    {
      "type": "Feature",
      "id": "crossing:route-roads-12:1:bridge",
      "properties": {
        "name": "Thornhelm跨口",
        "crossing_type": "bridge",
        "allowed_movement_types": [
          "land",
          "water"
        ],
        "review_status": "candidate",
        "kind": "crossing"
      },
      "geometry": {
        "type": "Point",
        "coordinates": [
          58.18089,
          -30.20931
        ]
      }
    },
    {
      "type": "Feature",
      "id": "crossing:route-roads-13:8:bridge",
      "properties": {
        "name": "Crowtown跨口",
        "crossing_type": "bridge",
        "allowed_movement_types": [
          "land",
          "water"
        ],
        "review_status": "candidate",
        "kind": "crossing"
      },
      "geometry": {
        "type": "Point",
        "coordinates": [
          75.15463,
          -33.51601
        ]
      }
    },
    {
      "type": "Feature",
      "id": "crossing:route-roads-15:10:bridge",
      "properties": {
        "name": "Ireguard跨口",
        "crossing_type": "bridge",
        "allowed_movement_types": [
          "land",
          "water"
        ],
        "review_status": "candidate",
        "kind": "crossing"
      },
      "geometry": {
        "type": "Point",
        "coordinates": [
          51.37917,
          -26.69521
        ]
      }
    },
    {
      "type": "Feature",
      "id": "crossing:route-roads-15:12:bridge",
      "properties": {
        "name": "Oadefair跨口",
        "crossing_type": "bridge",
        "allowed_movement_types": [
          "land",
          "water"
        ],
        "review_status": "candidate",
        "kind": "crossing"
      },
      "geometry": {
        "type": "Point",
        "coordinates": [
          53.87778,
          -29.25395
        ]
      }
    },
    {
      "type": "Feature",
      "id": "crossing:route-roads-16:1:bridge",
      "properties": {
        "name": "Lysalin跨口",
        "crossing_type": "bridge",
        "allowed_movement_types": [
          "land",
          "water"
        ],
        "review_status": "candidate",
        "kind": "crossing"
      },
      "geometry": {
        "type": "Point",
        "coordinates": [
          24.292,
          31.8986
        ]
      }
    },
    {
      "type": "Feature",
      "id": "crossing:route-roads-19:9:bridge",
      "properties": {
        "name": "Celkeh跨口",
        "crossing_type": "bridge",
        "allowed_movement_types": [
          "land",
          "water"
        ],
        "review_status": "candidate",
        "kind": "crossing"
      },
      "geometry": {
        "type": "Point",
        "coordinates": [
          -64.45024,
          -8.44325
        ]
      }
    },
    {
      "type": "Feature",
      "id": "crossing:route-roads-21:13:bridge",
      "properties": {
        "name": "Buyagh跨口",
        "crossing_type": "bridge",
        "allowed_movement_types": [
          "land",
          "water"
        ],
        "review_status": "candidate",
        "kind": "crossing"
      },
      "geometry": {
        "type": "Point",
        "coordinates": [
          -59.73052,
          2.21837
        ]
      }
    },
    {
      "type": "Feature",
      "id": "crossing:route-roads-22:10:bridge",
      "properties": {
        "name": "Giggalx跨口",
        "crossing_type": "bridge",
        "allowed_movement_types": [
          "land",
          "water"
        ],
        "review_status": "candidate",
        "kind": "crossing"
      },
      "geometry": {
        "type": "Point",
        "coordinates": [
          -98.12202,
          -22.73363
        ]
      }
    },
    {
      "type": "Feature",
      "id": "crossing:route-roads-22:17:bridge",
      "properties": {
        "name": "Bukex跨口",
        "crossing_type": "bridge",
        "allowed_movement_types": [
          "land",
          "water"
        ],
        "review_status": "candidate",
        "kind": "crossing"
      },
      "geometry": {
        "type": "Point",
        "coordinates": [
          -85.44347,
          -21.47851
        ]
      }
    },
    {
      "type": "Feature",
      "id": "crossing:route-roads-22:21:bridge",
      "properties": {
        "name": "Fruict跨口",
        "crossing_type": "bridge",
        "allowed_movement_types": [
          "land",
          "water"
        ],
        "review_status": "candidate",
        "kind": "crossing"
      },
      "geometry": {
        "type": "Point",
        "coordinates": [
          -76.77364,
          -18.62684
        ]
      }
    },
    {
      "type": "Feature",
      "id": "crossing:route-roads-23:8:bridge",
      "properties": {
        "name": "Gneablin跨口",
        "crossing_type": "bridge",
        "allowed_movement_types": [
          "land",
          "water"
        ],
        "review_status": "candidate",
        "kind": "crossing"
      },
      "geometry": {
        "type": "Point",
        "coordinates": [
          -58.71792,
          20.64177
        ]
      }
    },
    {
      "type": "Feature",
      "id": "crossing:route-trails-27:15:ford",
      "properties": {
        "name": "Shathiz跨口",
        "crossing_type": "ford",
        "allowed_movement_types": [
          "land",
          "water"
        ],
        "review_status": "candidate",
        "kind": "crossing"
      },
      "geometry": {
        "type": "Point",
        "coordinates": [
          84.01102,
          -21.53746
        ]
      }
    },
    {
      "type": "Feature",
      "id": "crossing:route-trails-27:16:ford",
      "properties": {
        "name": "Shathiz跨口",
        "crossing_type": "ford",
        "allowed_movement_types": [
          "land",
          "water"
        ],
        "review_status": "candidate",
        "kind": "crossing"
      },
      "geometry": {
        "type": "Point",
        "coordinates": [
          83.86976,
          -22.24876
        ]
      }
    },
    {
      "type": "Feature",
      "id": "crossing:route-trails-29:3:ford",
      "properties": {
        "name": "Kharic跨口",
        "crossing_type": "ford",
        "allowed_movement_types": [
          "land",
          "water"
        ],
        "review_status": "candidate",
        "kind": "crossing"
      },
      "geometry": {
        "type": "Point",
        "coordinates": [
          65.24609,
          -2.0135
        ]
      }
    },
    {
      "type": "Feature",
      "id": "crossing:route-trails-39:1:ford",
      "properties": {
        "name": "Shathugkiz跨口",
        "crossing_type": "ford",
        "allowed_movement_types": [
          "land",
          "water"
        ],
        "review_status": "candidate",
        "kind": "crossing"
      },
      "geometry": {
        "type": "Point",
        "coordinates": [
          75.89656,
          10.8
        ]
      }
    },
    {
      "type": "Feature",
      "id": "crossing:route-trails-47:0:ford",
      "properties": {
        "name": "Oadefair跨口",
        "crossing_type": "ford",
        "allowed_movement_types": [
          "land",
          "water"
        ],
        "review_status": "candidate",
        "kind": "crossing"
      },
      "geometry": {
        "type": "Point",
        "coordinates": [
          53.87778,
          -29.25395
        ]
      }
    },
    {
      "type": "Feature",
      "id": "crossing:route-trails-48:10:ford",
      "properties": {
        "name": "Kilwoluch跨口",
        "crossing_type": "ford",
        "allowed_movement_types": [
          "land",
          "water"
        ],
        "review_status": "candidate",
        "kind": "crossing"
      },
      "geometry": {
        "type": "Point",
        "coordinates": [
          91.784,
          -20.3607
        ]
      }
    },
    {
      "type": "Feature",
      "id": "crossing:route-trails-49:2:ford",
      "properties": {
        "name": "Shathugkiz跨口",
        "crossing_type": "ford",
        "allowed_movement_types": [
          "land",
          "water"
        ],
        "review_status": "candidate",
        "kind": "crossing"
      },
      "geometry": {
        "type": "Point",
        "coordinates": [
          84.55093,
          13.26494
        ]
      }
    },
    {
      "type": "Feature",
      "id": "crossing:route-trails-58:1:ford",
      "properties": {
        "name": "Addudhera跨口",
        "crossing_type": "ford",
        "allowed_movement_types": [
          "land",
          "water"
        ],
        "review_status": "candidate",
        "kind": "crossing"
      },
      "geometry": {
        "type": "Point",
        "coordinates": [
          74.90804,
          20.84413
        ]
      }
    },
    {
      "type": "Feature",
      "id": "crossing:route-trails-58:3:ford",
      "properties": {
        "name": "Velkug跨口",
        "crossing_type": "ford",
        "allowed_movement_types": [
          "land",
          "water"
        ],
        "review_status": "candidate",
        "kind": "crossing"
      },
      "geometry": {
        "type": "Point",
        "coordinates": [
          75.68915,
          17.01338
        ]
      }
    },
    {
      "type": "Feature",
      "id": "crossing:route-trails-63:1:ford",
      "properties": {
        "name": "Kharic跨口",
        "crossing_type": "ford",
        "allowed_movement_types": [
          "land",
          "water"
        ],
        "review_status": "candidate",
        "kind": "crossing"
      },
      "geometry": {
        "type": "Point",
        "coordinates": [
          44.17414,
          -16.97923
        ]
      }
    },
    {
      "type": "Feature",
      "id": "crossing:route-trails-66:1:ford",
      "properties": {
        "name": "Kilwoluch跨口",
        "crossing_type": "ford",
        "allowed_movement_types": [
          "land",
          "water"
        ],
        "review_status": "candidate",
        "kind": "crossing"
      },
      "geometry": {
        "type": "Point",
        "coordinates": [
          94.56839,
          -17.04357
        ]
      }
    },
    {
      "type": "Feature",
      "id": "crossing:route-trails-82:3:ford",
      "properties": {
        "name": "Namunz跨口",
        "crossing_type": "ford",
        "allowed_movement_types": [
          "land",
          "water"
        ],
        "review_status": "candidate",
        "kind": "crossing"
      },
      "geometry": {
        "type": "Point",
        "coordinates": [
          39.71682,
          9.49852
        ]
      }
    },
    {
      "type": "Feature",
      "id": "crossing:route-trails-88:1:ford",
      "properties": {
        "name": "Brerstuz跨口",
        "crossing_type": "ford",
        "allowed_movement_types": [
          "land",
          "water"
        ],
        "review_status": "candidate",
        "kind": "crossing"
      },
      "geometry": {
        "type": "Point",
        "coordinates": [
          102.72491,
          -14.15487
        ]
      }
    },
    {
      "type": "Feature",
      "id": "crossing:route-trails-89:0:ford",
      "properties": {
        "name": "Nulkegfast跨口",
        "crossing_type": "ford",
        "allowed_movement_types": [
          "land",
          "water"
        ],
        "review_status": "candidate",
        "kind": "crossing"
      },
      "geometry": {
        "type": "Point",
        "coordinates": [
          101.28815,
          -12.22548
        ]
      }
    },
    {
      "type": "Feature",
      "id": "crossing:route-trails-96:4:ford",
      "properties": {
        "name": "Nulkug跨口",
        "crossing_type": "ford",
        "allowed_movement_types": [
          "land",
          "water"
        ],
        "review_status": "candidate",
        "kind": "crossing"
      },
      "geometry": {
        "type": "Point",
        "coordinates": [
          103.891,
          5.78998
        ]
      }
    },
    {
      "type": "Feature",
      "id": "crossing:route-trails-97:2:ford",
      "properties": {
        "name": "Ehelmouth跨口",
        "crossing_type": "ford",
        "allowed_movement_types": [
          "land",
          "water"
        ],
        "review_status": "candidate",
        "kind": "crossing"
      },
      "geometry": {
        "type": "Point",
        "coordinates": [
          67.0646,
          -45.46006
        ]
      }
    },
    {
      "type": "Feature",
      "id": "crossing:route-trails-98:1:ford",
      "properties": {
        "name": "Neverch跨口",
        "crossing_type": "ford",
        "allowed_movement_types": [
          "land",
          "water"
        ],
        "review_status": "candidate",
        "kind": "crossing"
      },
      "geometry": {
        "type": "Point",
        "coordinates": [
          65.73316,
          -37.44992
        ]
      }
    },
    {
      "type": "Feature",
      "id": "crossing:route-trails-104:2:ford",
      "properties": {
        "name": "Crowtown跨口",
        "crossing_type": "ford",
        "allowed_movement_types": [
          "land",
          "water"
        ],
        "review_status": "candidate",
        "kind": "crossing"
      },
      "geometry": {
        "type": "Point",
        "coordinates": [
          75.97024,
          -40.91765
        ]
      }
    },
    {
      "type": "Feature",
      "id": "crossing:route-trails-104:4:ford",
      "properties": {
        "name": "Fearmimegro跨口",
        "crossing_type": "ford",
        "allowed_movement_types": [
          "land",
          "water"
        ],
        "review_status": "candidate",
        "kind": "crossing"
      },
      "geometry": {
        "type": "Point",
        "coordinates": [
          72.8699,
          -42.77157
        ]
      }
    },
    {
      "type": "Feature",
      "id": "crossing:route-trails-107:6:ford",
      "properties": {
        "name": "Mathenasha跨口",
        "crossing_type": "ford",
        "allowed_movement_types": [
          "land",
          "water"
        ],
        "review_status": "candidate",
        "kind": "crossing"
      },
      "geometry": {
        "type": "Point",
        "coordinates": [
          33.58694,
          23.97328
        ]
      }
    },
    {
      "type": "Feature",
      "id": "crossing:route-trails-109:4:ford",
      "properties": {
        "name": "Oxbrook跨口",
        "crossing_type": "ford",
        "allowed_movement_types": [
          "land",
          "water"
        ],
        "review_status": "candidate",
        "kind": "crossing"
      },
      "geometry": {
        "type": "Point",
        "coordinates": [
          105.93741,
          -23.50783
        ]
      }
    },
    {
      "type": "Feature",
      "id": "crossing:route-trails-113:2:ford",
      "properties": {
        "name": "Dironfallse跨口",
        "crossing_type": "ford",
        "allowed_movement_types": [
          "land",
          "water"
        ],
        "review_status": "candidate",
        "kind": "crossing"
      },
      "geometry": {
        "type": "Point",
        "coordinates": [
          98.57602,
          -29.92212
        ]
      }
    },
    {
      "type": "Feature",
      "id": "crossing:route-trails-113:3:ford",
      "properties": {
        "name": "Dironfallse跨口",
        "crossing_type": "ford",
        "allowed_movement_types": [
          "land",
          "water"
        ],
        "review_status": "candidate",
        "kind": "crossing"
      },
      "geometry": {
        "type": "Point",
        "coordinates": [
          97.91461,
          -28.37408
        ]
      }
    },
    {
      "type": "Feature",
      "id": "crossing:route-trails-117:2:ford",
      "properties": {
        "name": "Nulkug跨口",
        "crossing_type": "ford",
        "allowed_movement_types": [
          "land",
          "water"
        ],
        "review_status": "candidate",
        "kind": "crossing"
      },
      "geometry": {
        "type": "Point",
        "coordinates": [
          102.2551,
          7.65036
        ]
      }
    },
    {
      "type": "Feature",
      "id": "crossing:route-trails-120:0:ford",
      "properties": {
        "name": "Namunz跨口",
        "crossing_type": "ford",
        "allowed_movement_types": [
          "land",
          "water"
        ],
        "review_status": "candidate",
        "kind": "crossing"
      },
      "geometry": {
        "type": "Point",
        "coordinates": [
          28.19467,
          12.18702
        ]
      }
    },
    {
      "type": "Feature",
      "id": "crossing:route-trails-133:6:ford",
      "properties": {
        "name": "Chazdin跨口",
        "crossing_type": "ford",
        "allowed_movement_types": [
          "land",
          "water"
        ],
        "review_status": "candidate",
        "kind": "crossing"
      },
      "geometry": {
        "type": "Point",
        "coordinates": [
          113.50838,
          3.86418
        ]
      }
    },
    {
      "type": "Feature",
      "id": "crossing:route-trails-134:1:ford",
      "properties": {
        "name": "Kyathtanase跨口",
        "crossing_type": "ford",
        "allowed_movement_types": [
          "land",
          "water"
        ],
        "review_status": "candidate",
        "kind": "crossing"
      },
      "geometry": {
        "type": "Point",
        "coordinates": [
          105.98163,
          21.73802
        ]
      }
    },
    {
      "type": "Feature",
      "id": "crossing:route-trails-134:5:ford",
      "properties": {
        "name": "Ef Selion跨口",
        "crossing_type": "ford",
        "allowed_movement_types": [
          "land",
          "water"
        ],
        "review_status": "candidate",
        "kind": "crossing"
      },
      "geometry": {
        "type": "Point",
        "coordinates": [
          111.60863,
          25.5738
        ]
      }
    },
    {
      "type": "Feature",
      "id": "crossing:route-trails-139:1:ford",
      "properties": {
        "name": "Warhampound跨口",
        "crossing_type": "ford",
        "allowed_movement_types": [
          "land",
          "water"
        ],
        "review_status": "candidate",
        "kind": "crossing"
      },
      "geometry": {
        "type": "Point",
        "coordinates": [
          77.70608,
          38.18387
        ]
      }
    },
    {
      "type": "Feature",
      "id": "crossing:route-trails-141:3:ford",
      "properties": {
        "name": "Elrock跨口",
        "crossing_type": "ford",
        "allowed_movement_types": [
          "land",
          "water"
        ],
        "review_status": "candidate",
        "kind": "crossing"
      },
      "geometry": {
        "type": "Point",
        "coordinates": [
          108.38534,
          -32.33351
        ]
      }
    },
    {
      "type": "Feature",
      "id": "crossing:route-trails-142:1:ford",
      "properties": {
        "name": "Ynathe跨口",
        "crossing_type": "ford",
        "allowed_movement_types": [
          "land",
          "water"
        ],
        "review_status": "candidate",
        "kind": "crossing"
      },
      "geometry": {
        "type": "Point",
        "coordinates": [
          29.88377,
          29.88978
        ]
      }
    },
    {
      "type": "Feature",
      "id": "crossing:route-trails-145:0:ford",
      "properties": {
        "name": "Chazdin跨口",
        "crossing_type": "ford",
        "allowed_movement_types": [
          "land",
          "water"
        ],
        "review_status": "candidate",
        "kind": "crossing"
      },
      "geometry": {
        "type": "Point",
        "coordinates": [
          113.50838,
          3.86418
        ]
      }
    },
    {
      "type": "Feature",
      "id": "crossing:route-trails-147:2:ford",
      "properties": {
        "name": "Warhampound跨口",
        "crossing_type": "ford",
        "allowed_movement_types": [
          "land",
          "water"
        ],
        "review_status": "candidate",
        "kind": "crossing"
      },
      "geometry": {
        "type": "Point",
        "coordinates": [
          92.51874,
          43.05335
        ]
      }
    },
    {
      "type": "Feature",
      "id": "crossing:route-trails-151:2:ford",
      "properties": {
        "name": "Brerstuz跨口",
        "crossing_type": "ford",
        "allowed_movement_types": [
          "land",
          "water"
        ],
        "review_status": "candidate",
        "kind": "crossing"
      },
      "geometry": {
        "type": "Point",
        "coordinates": [
          117.53434,
          -10.91717
        ]
      }
    },
    {
      "type": "Feature",
      "id": "crossing:route-trails-153:2:ford",
      "properties": {
        "name": "Throtreo跨口",
        "crossing_type": "ford",
        "allowed_movement_types": [
          "land",
          "water"
        ],
        "review_status": "candidate",
        "kind": "crossing"
      },
      "geometry": {
        "type": "Point",
        "coordinates": [
          119.05018,
          8.0903
        ]
      }
    },
    {
      "type": "Feature",
      "id": "crossing:route-trails-156:2:ford",
      "properties": {
        "name": "Mudhillhall跨口",
        "crossing_type": "ford",
        "allowed_movement_types": [
          "land",
          "water"
        ],
        "review_status": "candidate",
        "kind": "crossing"
      },
      "geometry": {
        "type": "Point",
        "coordinates": [
          116.86323,
          -22.52408
        ]
      }
    },
    {
      "type": "Feature",
      "id": "crossing:route-trails-177:0:ford",
      "properties": {
        "name": "Kyathtanase跨口",
        "crossing_type": "ford",
        "allowed_movement_types": [
          "land",
          "water"
        ],
        "review_status": "candidate",
        "kind": "crossing"
      },
      "geometry": {
        "type": "Point",
        "coordinates": [
          106.97769,
          31.91082
        ]
      }
    },
    {
      "type": "Feature",
      "id": "crossing:route-trails-186:0:ford",
      "properties": {
        "name": "Ehelmouth跨口",
        "crossing_type": "ford",
        "allowed_movement_types": [
          "land",
          "water"
        ],
        "review_status": "candidate",
        "kind": "crossing"
      },
      "geometry": {
        "type": "Point",
        "coordinates": [
          67.0646,
          -45.46006
        ]
      }
    },
    {
      "type": "Feature",
      "id": "crossing:route-trails-197:4:ford",
      "properties": {
        "name": "Yiragz跨口",
        "crossing_type": "ford",
        "allowed_movement_types": [
          "land",
          "water"
        ],
        "review_status": "candidate",
        "kind": "crossing"
      },
      "geometry": {
        "type": "Point",
        "coordinates": [
          133.01847,
          -19.84026
        ]
      }
    },
    {
      "type": "Feature",
      "id": "crossing:route-trails-198:3:ford",
      "properties": {
        "name": "Hardistoch跨口",
        "crossing_type": "ford",
        "allowed_movement_types": [
          "land",
          "water"
        ],
        "review_status": "candidate",
        "kind": "crossing"
      },
      "geometry": {
        "type": "Point",
        "coordinates": [
          140.90756,
          -15.37224
        ]
      }
    },
    {
      "type": "Feature",
      "id": "crossing:route-trails-201:1:ford",
      "properties": {
        "name": "Aimyranghed跨口",
        "crossing_type": "ford",
        "allowed_movement_types": [
          "land",
          "water"
        ],
        "review_status": "candidate",
        "kind": "crossing"
      },
      "geometry": {
        "type": "Point",
        "coordinates": [
          6.92753,
          29.75571
        ]
      }
    },
    {
      "type": "Feature",
      "id": "crossing:route-trails-201:3:ford",
      "properties": {
        "name": "Aimyranghed跨口",
        "crossing_type": "ford",
        "allowed_movement_types": [
          "land",
          "water"
        ],
        "review_status": "candidate",
        "kind": "crossing"
      },
      "geometry": {
        "type": "Point",
        "coordinates": [
          4.68018,
          28.39457
        ]
      }
    },
    {
      "type": "Feature",
      "id": "crossing:route-trails-206:1:ford",
      "properties": {
        "name": "Shenilhona跨口",
        "crossing_type": "ford",
        "allowed_movement_types": [
          "land",
          "water"
        ],
        "review_status": "candidate",
        "kind": "crossing"
      },
      "geometry": {
        "type": "Point",
        "coordinates": [
          4.42137,
          32.17212
        ]
      }
    },
    {
      "type": "Feature",
      "id": "crossing:route-trails-209:0:ford",
      "properties": {
        "name": "Ef Selion跨口",
        "crossing_type": "ford",
        "allowed_movement_types": [
          "land",
          "water"
        ],
        "review_status": "candidate",
        "kind": "crossing"
      },
      "geometry": {
        "type": "Point",
        "coordinates": [
          118.37691,
          34.19209
        ]
      }
    },
    {
      "type": "Feature",
      "id": "crossing:route-trails-210:1:ford",
      "properties": {
        "name": "Kalfondhyr跨口",
        "crossing_type": "ford",
        "allowed_movement_types": [
          "land",
          "water"
        ],
        "review_status": "candidate",
        "kind": "crossing"
      },
      "geometry": {
        "type": "Point",
        "coordinates": [
          129.26283,
          -12.10004
        ]
      }
    },
    {
      "type": "Feature",
      "id": "crossing:route-trails-210:3:ford",
      "properties": {
        "name": "Kalfondhyr跨口",
        "crossing_type": "ford",
        "allowed_movement_types": [
          "land",
          "water"
        ],
        "review_status": "candidate",
        "kind": "crossing"
      },
      "geometry": {
        "type": "Point",
        "coordinates": [
          131.10291,
          -15.77696
        ]
      }
    },
    {
      "type": "Feature",
      "id": "crossing:route-trails-211:1:ford",
      "properties": {
        "name": "Nardistand跨口",
        "crossing_type": "ford",
        "allowed_movement_types": [
          "land",
          "water"
        ],
        "review_status": "candidate",
        "kind": "crossing"
      },
      "geometry": {
        "type": "Point",
        "coordinates": [
          134.94087,
          9.65919
        ]
      }
    },
    {
      "type": "Feature",
      "id": "crossing:route-trails-218:1:ford",
      "properties": {
        "name": "Sigkan跨口",
        "crossing_type": "ford",
        "allowed_movement_types": [
          "land",
          "water"
        ],
        "review_status": "candidate",
        "kind": "crossing"
      },
      "geometry": {
        "type": "Point",
        "coordinates": [
          138.7339,
          22.52732
        ]
      }
    },
    {
      "type": "Feature",
      "id": "crossing:route-trails-221:0:ford",
      "properties": {
        "name": "Nardistand跨口",
        "crossing_type": "ford",
        "allowed_movement_types": [
          "land",
          "water"
        ],
        "review_status": "candidate",
        "kind": "crossing"
      },
      "geometry": {
        "type": "Point",
        "coordinates": [
          134.94087,
          9.65919
        ]
      }
    },
    {
      "type": "Feature",
      "id": "crossing:route-trails-221:1:ford",
      "properties": {
        "name": "Nardistand跨口",
        "crossing_type": "ford",
        "allowed_movement_types": [
          "land",
          "water"
        ],
        "review_status": "candidate",
        "kind": "crossing"
      },
      "geometry": {
        "type": "Point",
        "coordinates": [
          136.0915,
          7.72188
        ]
      }
    },
    {
      "type": "Feature",
      "id": "crossing:route-trails-228:0:ford",
      "properties": {
        "name": "Sigkan跨口",
        "crossing_type": "ford",
        "allowed_movement_types": [
          "land",
          "water"
        ],
        "review_status": "candidate",
        "kind": "crossing"
      },
      "geometry": {
        "type": "Point",
        "coordinates": [
          138.7339,
          22.52732
        ]
      }
    },
    {
      "type": "Feature",
      "id": "crossing:route-trails-239:22:ford",
      "properties": {
        "name": "Srurd跨口",
        "crossing_type": "ford",
        "allowed_movement_types": [
          "land",
          "water"
        ],
        "review_status": "candidate",
        "kind": "crossing"
      },
      "geometry": {
        "type": "Point",
        "coordinates": [
          -90.59922,
          -13.95611
        ]
      }
    },
    {
      "type": "Feature",
      "id": "crossing:route-trails-240:2:ford",
      "properties": {
        "name": "Thres跨口",
        "crossing_type": "ford",
        "allowed_movement_types": [
          "land",
          "water"
        ],
        "review_status": "candidate",
        "kind": "crossing"
      },
      "geometry": {
        "type": "Point",
        "coordinates": [
          -83.94668,
          6.45599
        ]
      }
    },
    {
      "type": "Feature",
      "id": "crossing:route-trails-242:5:ford",
      "properties": {
        "name": "Egzo跨口",
        "crossing_type": "ford",
        "allowed_movement_types": [
          "land",
          "water"
        ],
        "review_status": "candidate",
        "kind": "crossing"
      },
      "geometry": {
        "type": "Point",
        "coordinates": [
          -89.96262,
          21.85771
        ]
      }
    },
    {
      "type": "Feature",
      "id": "crossing:route-trails-248:5:ford",
      "properties": {
        "name": "Zaccoz跨口",
        "crossing_type": "ford",
        "allowed_movement_types": [
          "land",
          "water"
        ],
        "review_status": "candidate",
        "kind": "crossing"
      },
      "geometry": {
        "type": "Point",
        "coordinates": [
          -99.89308,
          11.23095
        ]
      }
    },
    {
      "type": "Feature",
      "id": "crossing:route-trails-258:1:ford",
      "properties": {
        "name": "Kaccidh跨口",
        "crossing_type": "ford",
        "allowed_movement_types": [
          "land",
          "water"
        ],
        "review_status": "candidate",
        "kind": "crossing"
      },
      "geometry": {
        "type": "Point",
        "coordinates": [
          -96.56771,
          17.76673
        ]
      }
    },
    {
      "type": "Feature",
      "id": "crossing:route-trails-258:7:ford",
      "properties": {
        "name": "Grimegle跨口",
        "crossing_type": "ford",
        "allowed_movement_types": [
          "land",
          "water"
        ],
        "review_status": "candidate",
        "kind": "crossing"
      },
      "geometry": {
        "type": "Point",
        "coordinates": [
          -97.35816,
          27.71346
        ]
      }
    },
    {
      "type": "Feature",
      "id": "crossing:route-trails-261:2:ford",
      "properties": {
        "name": "Zaccoz跨口",
        "crossing_type": "ford",
        "allowed_movement_types": [
          "land",
          "water"
        ],
        "review_status": "candidate",
        "kind": "crossing"
      },
      "geometry": {
        "type": "Point",
        "coordinates": [
          -94.62338,
          7.08031
        ]
      }
    },
    {
      "type": "Feature",
      "id": "crossing:route-trails-264:2:ford",
      "properties": {
        "name": "Klilmzois跨口",
        "crossing_type": "ford",
        "allowed_movement_types": [
          "land",
          "water"
        ],
        "review_status": "candidate",
        "kind": "crossing"
      },
      "geometry": {
        "type": "Point",
        "coordinates": [
          -69.2663,
          30.80092
        ]
      }
    },
    {
      "type": "Feature",
      "id": "crossing:route-trails-265:0:ford",
      "properties": {
        "name": "Thres跨口",
        "crossing_type": "ford",
        "allowed_movement_types": [
          "land",
          "water"
        ],
        "review_status": "candidate",
        "kind": "crossing"
      },
      "geometry": {
        "type": "Point",
        "coordinates": [
          -82.32767,
          -10.03407
        ]
      }
    },
    {
      "type": "Feature",
      "id": "crossing:route-trails-265:2:ford",
      "properties": {
        "name": "Hobok跨口",
        "crossing_type": "ford",
        "allowed_movement_types": [
          "land",
          "water"
        ],
        "review_status": "candidate",
        "kind": "crossing"
      },
      "geometry": {
        "type": "Point",
        "coordinates": [
          -81.48977,
          -7.48754
        ]
      }
    },
    {
      "type": "Feature",
      "id": "crossing:route-trails-267:3:ford",
      "properties": {
        "name": "Srurd跨口",
        "crossing_type": "ford",
        "allowed_movement_types": [
          "land",
          "water"
        ],
        "review_status": "candidate",
        "kind": "crossing"
      },
      "geometry": {
        "type": "Point",
        "coordinates": [
          -92.7887,
          -9.0097
        ]
      }
    },
    {
      "type": "Feature",
      "id": "crossing:route-trails-268:3:ford",
      "properties": {
        "name": "Bhurk跨口",
        "crossing_type": "ford",
        "allowed_movement_types": [
          "land",
          "water"
        ],
        "review_status": "candidate",
        "kind": "crossing"
      },
      "geometry": {
        "type": "Point",
        "coordinates": [
          -90.27894,
          29.65938
        ]
      }
    },
    {
      "type": "Feature",
      "id": "crossing:route-trails-269:1:ford",
      "properties": {
        "name": "Grimegle跨口",
        "crossing_type": "ford",
        "allowed_movement_types": [
          "land",
          "water"
        ],
        "review_status": "candidate",
        "kind": "crossing"
      },
      "geometry": {
        "type": "Point",
        "coordinates": [
          -95.73088,
          24.15515
        ]
      }
    },
    {
      "type": "Feature",
      "id": "crossing:route-trails-271:1:ford",
      "properties": {
        "name": "Kas跨口",
        "crossing_type": "ford",
        "allowed_movement_types": [
          "land",
          "water"
        ],
        "review_status": "candidate",
        "kind": "crossing"
      },
      "geometry": {
        "type": "Point",
        "coordinates": [
          -57.15175,
          12.42676
        ]
      }
    },
    {
      "type": "Feature",
      "id": "crossing:route-trails-279:6:ford",
      "properties": {
        "name": "Eenqi跨口",
        "crossing_type": "ford",
        "allowed_movement_types": [
          "land",
          "water"
        ],
        "review_status": "candidate",
        "kind": "crossing"
      },
      "geometry": {
        "type": "Point",
        "coordinates": [
          -102.73066,
          -3.20319
        ]
      }
    },
    {
      "type": "Feature",
      "id": "crossing:route-trails-284:5:ford",
      "properties": {
        "name": "Giggalx跨口",
        "crossing_type": "ford",
        "allowed_movement_types": [
          "land",
          "water"
        ],
        "review_status": "candidate",
        "kind": "crossing"
      },
      "geometry": {
        "type": "Point",
        "coordinates": [
          -95.63958,
          -19.58974
        ]
      }
    },
    {
      "type": "Feature",
      "id": "crossing:route-trails-286:8:ford",
      "properties": {
        "name": "Cloudwell跨口",
        "crossing_type": "ford",
        "allowed_movement_types": [
          "land",
          "water"
        ],
        "review_status": "candidate",
        "kind": "crossing"
      },
      "geometry": {
        "type": "Point",
        "coordinates": [
          -87.7868,
          44.40012
        ]
      }
    },
    {
      "type": "Feature",
      "id": "crossing:route-trails-288:0:ford",
      "properties": {
        "name": "Eenqi跨口",
        "crossing_type": "ford",
        "allowed_movement_types": [
          "land",
          "water"
        ],
        "review_status": "candidate",
        "kind": "crossing"
      },
      "geometry": {
        "type": "Point",
        "coordinates": [
          -102.73066,
          -3.20319
        ]
      }
    },
    {
      "type": "Feature",
      "id": "crossing:route-trails-297:2:ford",
      "properties": {
        "name": "Bogkigh跨口",
        "crossing_type": "ford",
        "allowed_movement_types": [
          "land",
          "water"
        ],
        "review_status": "candidate",
        "kind": "crossing"
      },
      "geometry": {
        "type": "Point",
        "coordinates": [
          -111.50115,
          14.25048
        ]
      }
    },
    {
      "type": "Feature",
      "id": "crossing:route-trails-297:8:ford",
      "properties": {
        "name": "Ghegroc跨口",
        "crossing_type": "ford",
        "allowed_movement_types": [
          "land",
          "water"
        ],
        "review_status": "candidate",
        "kind": "crossing"
      },
      "geometry": {
        "type": "Point",
        "coordinates": [
          -123.71706,
          17.86522
        ]
      }
    },
    {
      "type": "Feature",
      "id": "crossing:route-trails-305:1:ford",
      "properties": {
        "name": "Kaccidh跨口",
        "crossing_type": "ford",
        "allowed_movement_types": [
          "land",
          "water"
        ],
        "review_status": "candidate",
        "kind": "crossing"
      },
      "geometry": {
        "type": "Point",
        "coordinates": [
          -111.02307,
          21.84297
        ]
      }
    },
    {
      "type": "Feature",
      "id": "crossing:route-trails-309:2:ford",
      "properties": {
        "name": "Nogkigh跨口",
        "crossing_type": "ford",
        "allowed_movement_types": [
          "land",
          "water"
        ],
        "review_status": "candidate",
        "kind": "crossing"
      },
      "geometry": {
        "type": "Point",
        "coordinates": [
          -82.19071,
          41.09377
        ]
      }
    },
    {
      "type": "Feature",
      "id": "crossing:route-trails-311:0:ford",
      "properties": {
        "name": "Zaccoz跨口",
        "crossing_type": "ford",
        "allowed_movement_types": [
          "land",
          "water"
        ],
        "review_status": "candidate",
        "kind": "crossing"
      },
      "geometry": {
        "type": "Point",
        "coordinates": [
          -111.6949,
          19.16526
        ]
      }
    },
    {
      "type": "Feature",
      "id": "crossing:route-trails-311:3:ford",
      "properties": {
        "name": "Brazin跨口",
        "crossing_type": "ford",
        "allowed_movement_types": [
          "land",
          "water"
        ],
        "review_status": "candidate",
        "kind": "crossing"
      },
      "geometry": {
        "type": "Point",
        "coordinates": [
          -112.2136,
          24.83267
        ]
      }
    },
    {
      "type": "Feature",
      "id": "crossing:route-trails-313:3:ford",
      "properties": {
        "name": "Moggan跨口",
        "crossing_type": "ford",
        "allowed_movement_types": [
          "land",
          "water"
        ],
        "review_status": "candidate",
        "kind": "crossing"
      },
      "geometry": {
        "type": "Point",
        "coordinates": [
          -105.09592,
          -11.2349
        ]
      }
    },
    {
      "type": "Feature",
      "id": "crossing:route-trails-319:4:ford",
      "properties": {
        "name": "Swagielt跨口",
        "crossing_type": "ford",
        "allowed_movement_types": [
          "land",
          "water"
        ],
        "review_status": "candidate",
        "kind": "crossing"
      },
      "geometry": {
        "type": "Point",
        "coordinates": [
          -94.66724,
          -27.24549
        ]
      }
    },
    {
      "type": "Feature",
      "id": "crossing:route-trails-320:2:ford",
      "properties": {
        "name": "Grimegle跨口",
        "crossing_type": "ford",
        "allowed_movement_types": [
          "land",
          "water"
        ],
        "review_status": "candidate",
        "kind": "crossing"
      },
      "geometry": {
        "type": "Point",
        "coordinates": [
          -107.44643,
          35.83359
        ]
      }
    },
    {
      "type": "Feature",
      "id": "crossing:route-trails-320:8:ford",
      "properties": {
        "name": "Clearnyard跨口",
        "crossing_type": "ford",
        "allowed_movement_types": [
          "land",
          "water"
        ],
        "review_status": "candidate",
        "kind": "crossing"
      },
      "geometry": {
        "type": "Point",
        "coordinates": [
          -97.9617,
          42.01857
        ]
      }
    },
    {
      "type": "Feature",
      "id": "crossing:route-trails-320:10:ford",
      "properties": {
        "name": "Dratewell跨口",
        "crossing_type": "ford",
        "allowed_movement_types": [
          "land",
          "water"
        ],
        "review_status": "candidate",
        "kind": "crossing"
      },
      "geometry": {
        "type": "Point",
        "coordinates": [
          -94.51267,
          44.33219
        ]
      }
    },
    {
      "type": "Feature",
      "id": "crossing:route-trails-320:12:ford",
      "properties": {
        "name": "Dratewell跨口",
        "crossing_type": "ford",
        "allowed_movement_types": [
          "land",
          "water"
        ],
        "review_status": "candidate",
        "kind": "crossing"
      },
      "geometry": {
        "type": "Point",
        "coordinates": [
          -91.51908,
          46.86757
        ]
      }
    },
    {
      "type": "Feature",
      "id": "crossing:route-trails-324:1:ford",
      "properties": {
        "name": "Treaq跨口",
        "crossing_type": "ford",
        "allowed_movement_types": [
          "land",
          "water"
        ],
        "review_status": "candidate",
        "kind": "crossing"
      },
      "geometry": {
        "type": "Point",
        "coordinates": [
          -57.01408,
          38.98323
        ]
      }
    },
    {
      "type": "Feature",
      "id": "crossing:route-trails-325:6:ford",
      "properties": {
        "name": "Farmzois跨口",
        "crossing_type": "ford",
        "allowed_movement_types": [
          "land",
          "water"
        ],
        "review_status": "candidate",
        "kind": "crossing"
      },
      "geometry": {
        "type": "Point",
        "coordinates": [
          -91.21318,
          -31.252
        ]
      }
    },
    {
      "type": "Feature",
      "id": "crossing:route-trails-338:1:ford",
      "properties": {
        "name": "Pyreaz跨口",
        "crossing_type": "ford",
        "allowed_movement_types": [
          "land",
          "water"
        ],
        "review_status": "candidate",
        "kind": "crossing"
      },
      "geometry": {
        "type": "Point",
        "coordinates": [
          -80.45847,
          -32.85108
        ]
      }
    },
    {
      "type": "Feature",
      "id": "crossing:route-trails-340:2:ford",
      "properties": {
        "name": "Eenqi跨口",
        "crossing_type": "ford",
        "allowed_movement_types": [
          "land",
          "water"
        ],
        "review_status": "candidate",
        "kind": "crossing"
      },
      "geometry": {
        "type": "Point",
        "coordinates": [
          -110.68913,
          -7.35671
        ]
      }
    },
    {
      "type": "Feature",
      "id": "crossing:route-trails-345:0:ford",
      "properties": {
        "name": "Giggalx跨口",
        "crossing_type": "ford",
        "allowed_movement_types": [
          "land",
          "water"
        ],
        "review_status": "candidate",
        "kind": "crossing"
      },
      "geometry": {
        "type": "Point",
        "coordinates": [
          -98.12202,
          -22.73363
        ]
      }
    },
    {
      "type": "Feature",
      "id": "crossing:route-trails-345:1:ford",
      "properties": {
        "name": "Agielt跨口",
        "crossing_type": "ford",
        "allowed_movement_types": [
          "land",
          "water"
        ],
        "review_status": "candidate",
        "kind": "crossing"
      },
      "geometry": {
        "type": "Point",
        "coordinates": [
          -99.85246,
          -23.0873
        ]
      }
    },
    {
      "type": "Feature",
      "id": "crossing:route-trails-351:1:ford",
      "properties": {
        "name": "Zaccoz跨口",
        "crossing_type": "ford",
        "allowed_movement_types": [
          "land",
          "water"
        ],
        "review_status": "candidate",
        "kind": "crossing"
      },
      "geometry": {
        "type": "Point",
        "coordinates": [
          -114.08567,
          21.76677
        ]
      }
    },
    {
      "type": "Feature",
      "id": "crossing:route-trails-351:2:ford",
      "properties": {
        "name": "Bogkigh跨口",
        "crossing_type": "ford",
        "allowed_movement_types": [
          "land",
          "water"
        ],
        "review_status": "candidate",
        "kind": "crossing"
      },
      "geometry": {
        "type": "Point",
        "coordinates": [
          -115.92827,
          21.11837
        ]
      }
    },
    {
      "type": "Feature",
      "id": "crossing:route-trails-351:4:ford",
      "properties": {
        "name": "Qiccug跨口",
        "crossing_type": "ford",
        "allowed_movement_types": [
          "land",
          "water"
        ],
        "review_status": "candidate",
        "kind": "crossing"
      },
      "geometry": {
        "type": "Point",
        "coordinates": [
          -118.87728,
          19.25439
        ]
      }
    },
    {
      "type": "Feature",
      "id": "crossing:route-trails-357:1:ford",
      "properties": {
        "name": "Murgubud跨口",
        "crossing_type": "ford",
        "allowed_movement_types": [
          "land",
          "water"
        ],
        "review_status": "candidate",
        "kind": "crossing"
      },
      "geometry": {
        "type": "Point",
        "coordinates": [
          -119.6131,
          -6.38554
        ]
      }
    },
    {
      "type": "Feature",
      "id": "crossing:route-trails-360:3:ford",
      "properties": {
        "name": "Kluirm跨口",
        "crossing_type": "ford",
        "allowed_movement_types": [
          "land",
          "water"
        ],
        "review_status": "candidate",
        "kind": "crossing"
      },
      "geometry": {
        "type": "Point",
        "coordinates": [
          -124.08228,
          -15.55591
        ]
      }
    },
    {
      "type": "Feature",
      "id": "crossing:route-trails-361:1:ford",
      "properties": {
        "name": "Sleh跨口",
        "crossing_type": "ford",
        "allowed_movement_types": [
          "land",
          "water"
        ],
        "review_status": "candidate",
        "kind": "crossing"
      },
      "geometry": {
        "type": "Point",
        "coordinates": [
          -109.74914,
          -27.41154
        ]
      }
    },
    {
      "type": "Feature",
      "id": "crossing:route-trails-363:1:ford",
      "properties": {
        "name": "Elderde跨口",
        "crossing_type": "ford",
        "allowed_movement_types": [
          "land",
          "water"
        ],
        "review_status": "candidate",
        "kind": "crossing"
      },
      "geometry": {
        "type": "Point",
        "coordinates": [
          -109.94468,
          43.64137
        ]
      }
    },
    {
      "type": "Feature",
      "id": "crossing:route-trails-373:1:ford",
      "properties": {
        "name": "Givzieqee跨口",
        "crossing_type": "ford",
        "allowed_movement_types": [
          "land",
          "water"
        ],
        "review_status": "candidate",
        "kind": "crossing"
      },
      "geometry": {
        "type": "Point",
        "coordinates": [
          -38.23944,
          37.21845
        ]
      }
    },
    {
      "type": "Feature",
      "id": "crossing:route-trails-376:4:ford",
      "properties": {
        "name": "Sleh跨口",
        "crossing_type": "ford",
        "allowed_movement_types": [
          "land",
          "water"
        ],
        "review_status": "candidate",
        "kind": "crossing"
      },
      "geometry": {
        "type": "Point",
        "coordinates": [
          -109.74914,
          -27.41154
        ]
      }
    },
    {
      "type": "Feature",
      "id": "crossing:route-trails-380:5:ford",
      "properties": {
        "name": "Wrog跨口",
        "crossing_type": "ford",
        "allowed_movement_types": [
          "land",
          "water"
        ],
        "review_status": "candidate",
        "kind": "crossing"
      },
      "geometry": {
        "type": "Point",
        "coordinates": [
          -128.01837,
          -22.20527
        ]
      }
    },
    {
      "type": "Feature",
      "id": "crossing:route-trails-387:4:ford",
      "properties": {
        "name": "Prean跨口",
        "crossing_type": "ford",
        "allowed_movement_types": [
          "land",
          "water"
        ],
        "review_status": "candidate",
        "kind": "crossing"
      },
      "geometry": {
        "type": "Point",
        "coordinates": [
          -126.95437,
          -35.9353
        ]
      }
    },
    {
      "type": "Feature",
      "id": "crossing:port:wilhalmi",
      "properties": {
        "name": "Wilhalmi港",
        "crossing_type": "port",
        "allowed_movement_types": [
          "ship",
          "water",
          "land"
        ],
        "review_status": "candidate",
        "kind": "crossing"
      },
      "geometry": {
        "type": "Point",
        "coordinates": [
          100.68,
          -32.47
        ]
      }
    },
    {
      "type": "Feature",
      "id": "crossing:port:genosanil",
      "properties": {
        "name": "Genosanil港",
        "crossing_type": "port",
        "allowed_movement_types": [
          "ship",
          "water",
          "land"
        ],
        "review_status": "candidate",
        "kind": "crossing"
      },
      "geometry": {
        "type": "Point",
        "coordinates": [
          15.96,
          14.48
        ]
      }
    },
    {
      "type": "Feature",
      "id": "crossing:port:bothar",
      "properties": {
        "name": "Bothar港",
        "crossing_type": "port",
        "allowed_movement_types": [
          "ship",
          "water",
          "land"
        ],
        "review_status": "candidate",
        "kind": "crossing"
      },
      "geometry": {
        "type": "Point",
        "coordinates": [
          127.63,
          31.18
        ]
      }
    },
    {
      "type": "Feature",
      "id": "crossing:port:drayhost",
      "properties": {
        "name": "Drayhost港",
        "crossing_type": "port",
        "allowed_movement_types": [
          "ship",
          "water",
          "land"
        ],
        "review_status": "candidate",
        "kind": "crossing"
      },
      "geometry": {
        "type": "Point",
        "coordinates": [
          79.15,
          -39.66
        ]
      }
    },
    {
      "type": "Feature",
      "id": "crossing:port:zel",
      "properties": {
        "name": "Zel港",
        "crossing_type": "port",
        "allowed_movement_types": [
          "ship",
          "water",
          "land"
        ],
        "review_status": "candidate",
        "kind": "crossing"
      },
      "geometry": {
        "type": "Point",
        "coordinates": [
          -2.1,
          35.53
        ]
      }
    },
    {
      "type": "Feature",
      "id": "crossing:port:vreagab",
      "properties": {
        "name": "Vreagab港",
        "crossing_type": "port",
        "allowed_movement_types": [
          "ship",
          "water",
          "land"
        ],
        "review_status": "candidate",
        "kind": "crossing"
      },
      "geometry": {
        "type": "Point",
        "coordinates": [
          -62.34,
          31.36
        ]
      }
    },
    {
      "type": "Feature",
      "id": "crossing:port:brat",
      "properties": {
        "name": "Brat港",
        "crossing_type": "port",
        "allowed_movement_types": [
          "ship",
          "water",
          "land"
        ],
        "review_status": "candidate",
        "kind": "crossing"
      },
      "geometry": {
        "type": "Point",
        "coordinates": [
          -42.73,
          26.08
        ]
      }
    },
    {
      "type": "Feature",
      "id": "crossing:port:zrio",
      "properties": {
        "name": "Zrio港",
        "crossing_type": "port",
        "allowed_movement_types": [
          "ship",
          "water",
          "land"
        ],
        "review_status": "candidate",
        "kind": "crossing"
      },
      "geometry": {
        "type": "Point",
        "coordinates": [
          -108.45,
          -29.13
        ]
      }
    },
    {
      "type": "Feature",
      "id": "crossing:port:phig",
      "properties": {
        "name": "Phig港",
        "crossing_type": "port",
        "allowed_movement_types": [
          "ship",
          "water",
          "land"
        ],
        "review_status": "candidate",
        "kind": "crossing"
      },
      "geometry": {
        "type": "Point",
        "coordinates": [
          -29.18,
          30.65
        ]
      }
    },
    {
      "type": "Feature",
      "id": "crossing:port:bug",
      "properties": {
        "name": "Bug港",
        "crossing_type": "port",
        "allowed_movement_types": [
          "ship",
          "water",
          "land"
        ],
        "review_status": "candidate",
        "kind": "crossing"
      },
      "geometry": {
        "type": "Point",
        "coordinates": [
          -58.68,
          -3.72
        ]
      }
    },
    {
      "type": "Feature",
      "id": "crossing:port:duzec",
      "properties": {
        "name": "Duzec港",
        "crossing_type": "port",
        "allowed_movement_types": [
          "ship",
          "water",
          "land"
        ],
        "review_status": "candidate",
        "kind": "crossing"
      },
      "geometry": {
        "type": "Point",
        "coordinates": [
          -75.12,
          20.01
        ]
      }
    },
    {
      "type": "Feature",
      "id": "crossing:port:memruch",
      "properties": {
        "name": "Memruch港",
        "crossing_type": "port",
        "allowed_movement_types": [
          "ship",
          "water",
          "land"
        ],
        "review_status": "candidate",
        "kind": "crossing"
      },
      "geometry": {
        "type": "Point",
        "coordinates": [
          92.19,
          2.96
        ]
      }
    },
    {
      "type": "Feature",
      "id": "crossing:port:cryshield",
      "properties": {
        "name": "Cryshield港",
        "crossing_type": "port",
        "allowed_movement_types": [
          "ship",
          "water",
          "land"
        ],
        "review_status": "candidate",
        "kind": "crossing"
      },
      "geometry": {
        "type": "Point",
        "coordinates": [
          54.79,
          -30.56
        ]
      }
    },
    {
      "type": "Feature",
      "id": "crossing:port:eliemaran",
      "properties": {
        "name": "Eliemaran港",
        "crossing_type": "port",
        "allowed_movement_types": [
          "ship",
          "water",
          "land"
        ],
        "review_status": "candidate",
        "kind": "crossing"
      },
      "geometry": {
        "type": "Point",
        "coordinates": [
          108.47,
          43.81
        ]
      }
    },
    {
      "type": "Feature",
      "id": "crossing:port:veekz",
      "properties": {
        "name": "Veekz港",
        "crossing_type": "port",
        "allowed_movement_types": [
          "ship",
          "water",
          "land"
        ],
        "review_status": "candidate",
        "kind": "crossing"
      },
      "geometry": {
        "type": "Point",
        "coordinates": [
          -104.6,
          -25.77
        ]
      }
    },
    {
      "type": "Feature",
      "id": "crossing:port:shizses",
      "properties": {
        "name": "Shizses港",
        "crossing_type": "port",
        "allowed_movement_types": [
          "ship",
          "water",
          "land"
        ],
        "review_status": "candidate",
        "kind": "crossing"
      },
      "geometry": {
        "type": "Point",
        "coordinates": [
          4.03,
          40.93
        ]
      }
    },
    {
      "type": "Feature",
      "id": "crossing:port:grineneld",
      "properties": {
        "name": "Grineneld港",
        "crossing_type": "port",
        "allowed_movement_types": [
          "ship",
          "water",
          "land"
        ],
        "review_status": "candidate",
        "kind": "crossing"
      },
      "geometry": {
        "type": "Point",
        "coordinates": [
          112.9,
          -36.62
        ]
      }
    },
    {
      "type": "Feature",
      "id": "crossing:port:broluch",
      "properties": {
        "name": "Broluch港",
        "crossing_type": "port",
        "allowed_movement_types": [
          "ship",
          "water",
          "land"
        ],
        "review_status": "candidate",
        "kind": "crossing"
      },
      "geometry": {
        "type": "Point",
        "coordinates": [
          45.33,
          -14.04
        ]
      }
    },
    {
      "type": "Feature",
      "id": "crossing:port:phax",
      "properties": {
        "name": "Phax港",
        "crossing_type": "port",
        "allowed_movement_types": [
          "ship",
          "water",
          "land"
        ],
        "review_status": "candidate",
        "kind": "crossing"
      },
      "geometry": {
        "type": "Point",
        "coordinates": [
          -39.01,
          28.86
        ]
      }
    },
    {
      "type": "Feature",
      "id": "crossing:port:sshaumynat",
      "properties": {
        "name": "Sshaumynat港",
        "crossing_type": "port",
        "allowed_movement_types": [
          "ship",
          "water",
          "land"
        ],
        "review_status": "candidate",
        "kind": "crossing"
      },
      "geometry": {
        "type": "Point",
        "coordinates": [
          2.43,
          26.07
        ]
      }
    },
    {
      "type": "Feature",
      "id": "crossing:port:nyteselalon",
      "properties": {
        "name": "Nyteselalon港",
        "crossing_type": "port",
        "allowed_movement_types": [
          "ship",
          "water",
          "land"
        ],
        "review_status": "candidate",
        "kind": "crossing"
      },
      "geometry": {
        "type": "Point",
        "coordinates": [
          26.56,
          14.52
        ]
      }
    },
    {
      "type": "Feature",
      "id": "crossing:port:vrea",
      "properties": {
        "name": "Vrea港",
        "crossing_type": "port",
        "allowed_movement_types": [
          "ship",
          "water",
          "land"
        ],
        "review_status": "candidate",
        "kind": "crossing"
      },
      "geometry": {
        "type": "Point",
        "coordinates": [
          -77.34,
          22.23
        ]
      }
    },
    {
      "type": "Feature",
      "id": "crossing:port:ugualleanse",
      "properties": {
        "name": "Ugualleanse港",
        "crossing_type": "port",
        "allowed_movement_types": [
          "ship",
          "water",
          "land"
        ],
        "review_status": "candidate",
        "kind": "crossing"
      },
      "geometry": {
        "type": "Point",
        "coordinates": [
          99.0,
          35.49
        ]
      }
    },
    {
      "type": "Feature",
      "id": "crossing:port:paas",
      "properties": {
        "name": "Paas港",
        "crossing_type": "port",
        "allowed_movement_types": [
          "ship",
          "water",
          "land"
        ],
        "review_status": "candidate",
        "kind": "crossing"
      },
      "geometry": {
        "type": "Point",
        "coordinates": [
          -128.32,
          -41.14
        ]
      }
    },
    {
      "type": "Feature",
      "id": "crossing:port:thilhanalas",
      "properties": {
        "name": "Thilhanalas港",
        "crossing_type": "port",
        "allowed_movement_types": [
          "ship",
          "water",
          "land"
        ],
        "review_status": "candidate",
        "kind": "crossing"
      },
      "geometry": {
        "type": "Point",
        "coordinates": [
          3.67,
          38.67
        ]
      }
    },
    {
      "type": "Feature",
      "id": "crossing:port:paasvil",
      "properties": {
        "name": "Paasvil港",
        "crossing_type": "port",
        "allowed_movement_types": [
          "ship",
          "water",
          "land"
        ],
        "review_status": "candidate",
        "kind": "crossing"
      },
      "geometry": {
        "type": "Point",
        "coordinates": [
          -55.87,
          3.82
        ]
      }
    },
    {
      "type": "Feature",
      "id": "crossing:port:givzie",
      "properties": {
        "name": "Givzie港",
        "crossing_type": "port",
        "allowed_movement_types": [
          "ship",
          "water",
          "land"
        ],
        "review_status": "candidate",
        "kind": "crossing"
      },
      "geometry": {
        "type": "Point",
        "coordinates": [
          -111.5,
          -11.14
        ]
      }
    },
    {
      "type": "Feature",
      "id": "crossing:port:saint",
      "properties": {
        "name": "Saint港",
        "crossing_type": "port",
        "allowed_movement_types": [
          "ship",
          "water",
          "land"
        ],
        "review_status": "candidate",
        "kind": "crossing"
      },
      "geometry": {
        "type": "Point",
        "coordinates": [
          -35.41,
          -42.24
        ]
      }
    },
    {
      "type": "Feature",
      "id": "crossing:port:srefs",
      "properties": {
        "name": "Srefs港",
        "crossing_type": "port",
        "allowed_movement_types": [
          "ship",
          "water",
          "land"
        ],
        "review_status": "candidate",
        "kind": "crossing"
      },
      "geometry": {
        "type": "Point",
        "coordinates": [
          -89.65,
          -8.21
        ]
      }
    },
    {
      "type": "Feature",
      "id": "crossing:port:kluirm",
      "properties": {
        "name": "Kluirm港",
        "crossing_type": "port",
        "allowed_movement_types": [
          "ship",
          "water",
          "land"
        ],
        "review_status": "candidate",
        "kind": "crossing"
      },
      "geometry": {
        "type": "Point",
        "coordinates": [
          -75.91,
          -25.1
        ]
      }
    },
    {
      "type": "Feature",
      "id": "crossing:port:shathamunz",
      "properties": {
        "name": "Shathamunz港",
        "crossing_type": "port",
        "allowed_movement_types": [
          "ship",
          "water",
          "land"
        ],
        "review_status": "candidate",
        "kind": "crossing"
      },
      "geometry": {
        "type": "Point",
        "coordinates": [
          125.27,
          44.24
        ]
      }
    },
    {
      "type": "Feature",
      "id": "crossing:port:holcairnrun",
      "properties": {
        "name": "Holcairnrun港",
        "crossing_type": "port",
        "allowed_movement_types": [
          "ship",
          "water",
          "land"
        ],
        "review_status": "candidate",
        "kind": "crossing"
      },
      "geometry": {
        "type": "Point",
        "coordinates": [
          -106.39,
          37.66
        ]
      }
    },
    {
      "type": "Feature",
      "id": "crossing:port:cielb",
      "properties": {
        "name": "Cielb港",
        "crossing_type": "port",
        "allowed_movement_types": [
          "ship",
          "water",
          "land"
        ],
        "review_status": "candidate",
        "kind": "crossing"
      },
      "geometry": {
        "type": "Point",
        "coordinates": [
          -85.51,
          -7.66
        ]
      }
    },
    {
      "type": "Feature",
      "id": "crossing:port:harthiz",
      "properties": {
        "name": "Harthiz港",
        "crossing_type": "port",
        "allowed_movement_types": [
          "ship",
          "water",
          "land"
        ],
        "review_status": "candidate",
        "kind": "crossing"
      },
      "geometry": {
        "type": "Point",
        "coordinates": [
          123.15,
          18.21
        ]
      }
    },
    {
      "type": "Feature",
      "id": "crossing:port:smootcairn",
      "properties": {
        "name": "Smootcairn港",
        "crossing_type": "port",
        "allowed_movement_types": [
          "ship",
          "water",
          "land"
        ],
        "review_status": "candidate",
        "kind": "crossing"
      },
      "geometry": {
        "type": "Point",
        "coordinates": [
          66.72,
          -47.51
        ]
      }
    },
    {
      "type": "Feature",
      "id": "crossing:port:ummarlondell",
      "properties": {
        "name": "Ummarlondell港",
        "crossing_type": "port",
        "allowed_movement_types": [
          "ship",
          "water",
          "land"
        ],
        "review_status": "candidate",
        "kind": "crossing"
      },
      "geometry": {
        "type": "Point",
        "coordinates": [
          93.09,
          33.14
        ]
      }
    },
    {
      "type": "Feature",
      "id": "crossing:port:stiagsee",
      "properties": {
        "name": "Stiagsee港",
        "crossing_type": "port",
        "allowed_movement_types": [
          "ship",
          "water",
          "land"
        ],
        "review_status": "candidate",
        "kind": "crossing"
      },
      "geometry": {
        "type": "Point",
        "coordinates": [
          -103.53,
          -24.96
        ]
      }
    },
    {
      "type": "Feature",
      "id": "crossing:port:trakecross",
      "properties": {
        "name": "Trakecross港",
        "crossing_type": "port",
        "allowed_movement_types": [
          "ship",
          "water",
          "land"
        ],
        "review_status": "candidate",
        "kind": "crossing"
      },
      "geometry": {
        "type": "Point",
        "coordinates": [
          108.42,
          -36.99
        ]
      }
    },
    {
      "type": "Feature",
      "id": "crossing:port:syueghed-did",
      "properties": {
        "name": "Syueghed-Did港",
        "crossing_type": "port",
        "allowed_movement_types": [
          "ship",
          "water",
          "land"
        ],
        "review_status": "candidate",
        "kind": "crossing"
      },
      "geometry": {
        "type": "Point",
        "coordinates": [
          106.93,
          35.19
        ]
      }
    },
    {
      "type": "Feature",
      "id": "crossing:port:dewgraven",
      "properties": {
        "name": "Dewgraven港",
        "crossing_type": "port",
        "allowed_movement_types": [
          "ship",
          "water",
          "land"
        ],
        "review_status": "candidate",
        "kind": "crossing"
      },
      "geometry": {
        "type": "Point",
        "coordinates": [
          -109.81,
          39.73
        ]
      }
    },
    {
      "type": "Feature",
      "id": "crossing:port:kleabrin",
      "properties": {
        "name": "Kleabrin港",
        "crossing_type": "port",
        "allowed_movement_types": [
          "ship",
          "water",
          "land"
        ],
        "review_status": "candidate",
        "kind": "crossing"
      },
      "geometry": {
        "type": "Point",
        "coordinates": [
          -69.13,
          24.04
        ]
      }
    },
    {
      "type": "Feature",
      "id": "crossing:port:sluyagh",
      "properties": {
        "name": "Sluyagh港",
        "crossing_type": "port",
        "allowed_movement_types": [
          "ship",
          "water",
          "land"
        ],
        "review_status": "candidate",
        "kind": "crossing"
      },
      "geometry": {
        "type": "Point",
        "coordinates": [
          -75.54,
          -24.26
        ]
      }
    },
    {
      "type": "Feature",
      "id": "crossing:port:kleabtong",
      "properties": {
        "name": "Kleabtong港",
        "crossing_type": "port",
        "allowed_movement_types": [
          "ship",
          "water",
          "land"
        ],
        "review_status": "candidate",
        "kind": "crossing"
      },
      "geometry": {
        "type": "Point",
        "coordinates": [
          -52.38,
          7.42
        ]
      }
    },
    {
      "type": "Feature",
      "id": "crossing:port:maleansenesi",
      "properties": {
        "name": "Maleansenesi港",
        "crossing_type": "port",
        "allowed_movement_types": [
          "ship",
          "water",
          "land"
        ],
        "review_status": "candidate",
        "kind": "crossing"
      },
      "geometry": {
        "type": "Point",
        "coordinates": [
          3.96,
          39.46
        ]
      }
    },
    {
      "type": "Feature",
      "id": "crossing:port:nylmsenilwen",
      "properties": {
        "name": "Nylmsenilwen港",
        "crossing_type": "port",
        "allowed_movement_types": [
          "ship",
          "water",
          "land"
        ],
        "review_status": "candidate",
        "kind": "crossing"
      },
      "geometry": {
        "type": "Point",
        "coordinates": [
          102.01,
          37.44
        ]
      }
    },
    {
      "type": "Feature",
      "id": "crossing:port:rezgran",
      "properties": {
        "name": "Rezgran港",
        "crossing_type": "port",
        "allowed_movement_types": [
          "ship",
          "water",
          "land"
        ],
        "review_status": "candidate",
        "kind": "crossing"
      },
      "geometry": {
        "type": "Point",
        "coordinates": [
          -109.77,
          16.81
        ]
      }
    },
    {
      "type": "Feature",
      "id": "crossing:port:khizruc",
      "properties": {
        "name": "Khizruc港",
        "crossing_type": "port",
        "allowed_movement_types": [
          "ship",
          "water",
          "land"
        ],
        "review_status": "candidate",
        "kind": "crossing"
      },
      "geometry": {
        "type": "Point",
        "coordinates": [
          26.8,
          -1.56
        ]
      }
    },
    {
      "type": "Feature",
      "id": "crossing:port:dosearius",
      "properties": {
        "name": "Dosearius港",
        "crossing_type": "port",
        "allowed_movement_types": [
          "ship",
          "water",
          "land"
        ],
        "review_status": "candidate",
        "kind": "crossing"
      },
      "geometry": {
        "type": "Point",
        "coordinates": [
          23.69,
          14.58
        ]
      }
    },
    {
      "type": "Feature",
      "id": "crossing:port:boulhallse",
      "properties": {
        "name": "Boulhallse港",
        "crossing_type": "port",
        "allowed_movement_types": [
          "ship",
          "water",
          "land"
        ],
        "review_status": "candidate",
        "kind": "crossing"
      },
      "geometry": {
        "type": "Point",
        "coordinates": [
          65.0,
          -21.37
        ]
      }
    },
    {
      "type": "Feature",
      "id": "crossing:port:thelt",
      "properties": {
        "name": "Thelt港",
        "crossing_type": "port",
        "allowed_movement_types": [
          "ship",
          "water",
          "land"
        ],
        "review_status": "candidate",
        "kind": "crossing"
      },
      "geometry": {
        "type": "Point",
        "coordinates": [
          -57.44,
          34.65
        ]
      }
    },
    {
      "type": "Feature",
      "id": "crossing:port:sleh",
      "properties": {
        "name": "Sleh港",
        "crossing_type": "port",
        "allowed_movement_types": [
          "ship",
          "water",
          "land"
        ],
        "review_status": "candidate",
        "kind": "crossing"
      },
      "geometry": {
        "type": "Point",
        "coordinates": [
          -60.94,
          17.06
        ]
      }
    },
    {
      "type": "Feature",
      "id": "crossing:port:zugberthar",
      "properties": {
        "name": "Zugberthar港",
        "crossing_type": "port",
        "allowed_movement_types": [
          "ship",
          "water",
          "land"
        ],
        "review_status": "candidate",
        "kind": "crossing"
      },
      "geometry": {
        "type": "Point",
        "coordinates": [
          129.37,
          38.82
        ]
      }
    },
    {
      "type": "Feature",
      "id": "crossing:port:boulpass",
      "properties": {
        "name": "Boulpass港",
        "crossing_type": "port",
        "allowed_movement_types": [
          "ship",
          "water",
          "land"
        ],
        "review_status": "candidate",
        "kind": "crossing"
      },
      "geometry": {
        "type": "Point",
        "coordinates": [
          85.96,
          -26.07
        ]
      }
    },
    {
      "type": "Feature",
      "id": "crossing:port:gloomhorn",
      "properties": {
        "name": "Gloomhorn港",
        "crossing_type": "port",
        "allowed_movement_types": [
          "ship",
          "water",
          "land"
        ],
        "review_status": "candidate",
        "kind": "crossing"
      },
      "geometry": {
        "type": "Point",
        "coordinates": [
          108.62,
          -37.84
        ]
      }
    },
    {
      "type": "Feature",
      "id": "crossing:port:gurmurd",
      "properties": {
        "name": "Gurmurd港",
        "crossing_type": "port",
        "allowed_movement_types": [
          "ship",
          "water",
          "land"
        ],
        "review_status": "candidate",
        "kind": "crossing"
      },
      "geometry": {
        "type": "Point",
        "coordinates": [
          -80.26,
          37.96
        ]
      }
    },
    {
      "type": "Feature",
      "id": "crossing:port:eszbiard",
      "properties": {
        "name": "Eszbiard港",
        "crossing_type": "port",
        "allowed_movement_types": [
          "ship",
          "water",
          "land"
        ],
        "review_status": "candidate",
        "kind": "crossing"
      },
      "geometry": {
        "type": "Point",
        "coordinates": [
          -62.26,
          12.74
        ]
      }
    },
    {
      "type": "Feature",
      "id": "crossing:port:bayan-agt",
      "properties": {
        "name": "Bayan Agt港",
        "crossing_type": "port",
        "allowed_movement_types": [
          "ship",
          "water",
          "land"
        ],
        "review_status": "candidate",
        "kind": "crossing"
      },
      "geometry": {
        "type": "Point",
        "coordinates": [
          -26.9,
          -50.52
        ]
      }
    },
    {
      "type": "Feature",
      "id": "crossing:port:idhelm",
      "properties": {
        "name": "Idhelm港",
        "crossing_type": "port",
        "allowed_movement_types": [
          "ship",
          "water",
          "land"
        ],
        "review_status": "candidate",
        "kind": "crossing"
      },
      "geometry": {
        "type": "Point",
        "coordinates": [
          142.98,
          -29.7
        ]
      }
    },
    {
      "type": "Feature",
      "id": "crossing:port:dhadog",
      "properties": {
        "name": "Dhadog港",
        "crossing_type": "port",
        "allowed_movement_types": [
          "ship",
          "water",
          "land"
        ],
        "review_status": "candidate",
        "kind": "crossing"
      },
      "geometry": {
        "type": "Point",
        "coordinates": [
          -77.48,
          47.95
        ]
      }
    },
    {
      "type": "Feature",
      "id": "crossing:port:cragmeaven",
      "properties": {
        "name": "Cragmeaven港",
        "crossing_type": "port",
        "allowed_movement_types": [
          "ship",
          "water",
          "land"
        ],
        "review_status": "candidate",
        "kind": "crossing"
      },
      "geometry": {
        "type": "Point",
        "coordinates": [
          96.87,
          -18.16
        ]
      }
    },
    {
      "type": "Feature",
      "id": "crossing:port:brazadh",
      "properties": {
        "name": "Brazadh港",
        "crossing_type": "port",
        "allowed_movement_types": [
          "ship",
          "water",
          "land"
        ],
        "review_status": "candidate",
        "kind": "crossing"
      },
      "geometry": {
        "type": "Point",
        "coordinates": [
          -113.15,
          28.8
        ]
      }
    },
    {
      "type": "Feature",
      "id": "crossing:port:stroi",
      "properties": {
        "name": "Stroi港",
        "crossing_type": "port",
        "allowed_movement_types": [
          "ship",
          "water",
          "land"
        ],
        "review_status": "candidate",
        "kind": "crossing"
      },
      "geometry": {
        "type": "Point",
        "coordinates": [
          -55.98,
          13.94
        ]
      }
    },
    {
      "type": "Feature",
      "id": "crossing:port:roceanshell",
      "properties": {
        "name": "Roceanshell港",
        "crossing_type": "port",
        "allowed_movement_types": [
          "ship",
          "water",
          "land"
        ],
        "review_status": "candidate",
        "kind": "crossing"
      },
      "geometry": {
        "type": "Point",
        "coordinates": [
          -84.82,
          47.49
        ]
      }
    },
    {
      "type": "Feature",
      "id": "crossing:port:prean",
      "properties": {
        "name": "Prean港",
        "crossing_type": "port",
        "allowed_movement_types": [
          "ship",
          "water",
          "land"
        ],
        "review_status": "candidate",
        "kind": "crossing"
      },
      "geometry": {
        "type": "Point",
        "coordinates": [
          -87.86,
          -2.31
        ]
      }
    },
    {
      "type": "Feature",
      "id": "crossing:port:dradevercht",
      "properties": {
        "name": "Dradevercht港",
        "crossing_type": "port",
        "allowed_movement_types": [
          "ship",
          "water",
          "land"
        ],
        "review_status": "candidate",
        "kind": "crossing"
      },
      "geometry": {
        "type": "Point",
        "coordinates": [
          123.02,
          -24.16
        ]
      }
    },
    {
      "type": "Feature",
      "id": "crossing:port:srurd",
      "properties": {
        "name": "Srurd港",
        "crossing_type": "port",
        "allowed_movement_types": [
          "ship",
          "water",
          "land"
        ],
        "review_status": "candidate",
        "kind": "crossing"
      },
      "geometry": {
        "type": "Point",
        "coordinates": [
          -128.9,
          -20.01
        ]
      }
    },
    {
      "type": "Feature",
      "id": "crossing:port:badab",
      "properties": {
        "name": "Badab港",
        "crossing_type": "port",
        "allowed_movement_types": [
          "ship",
          "water",
          "land"
        ],
        "review_status": "candidate",
        "kind": "crossing"
      },
      "geometry": {
        "type": "Point",
        "coordinates": [
          39.33,
          11.72
        ]
      }
    },
    {
      "type": "Feature",
      "id": "crossing:port:diernaahx",
      "properties": {
        "name": "Diernaahx港",
        "crossing_type": "port",
        "allowed_movement_types": [
          "ship",
          "water",
          "land"
        ],
        "review_status": "candidate",
        "kind": "crossing"
      },
      "geometry": {
        "type": "Point",
        "coordinates": [
          -63.29,
          33.25
        ]
      }
    },
    {
      "type": "Feature",
      "id": "crossing:port:diragz",
      "properties": {
        "name": "Diragz港",
        "crossing_type": "port",
        "allowed_movement_types": [
          "ship",
          "water",
          "land"
        ],
        "review_status": "candidate",
        "kind": "crossing"
      },
      "geometry": {
        "type": "Point",
        "coordinates": [
          111.22,
          -4.9
        ]
      }
    },
    {
      "type": "Feature",
      "id": "crossing:port:rekx",
      "properties": {
        "name": "Rekx港",
        "crossing_type": "port",
        "allowed_movement_types": [
          "ship",
          "water",
          "land"
        ],
        "review_status": "candidate",
        "kind": "crossing"
      },
      "geometry": {
        "type": "Point",
        "coordinates": [
          -99.42,
          -20.15
        ]
      }
    },
    {
      "type": "Feature",
      "id": "crossing:port:blix",
      "properties": {
        "name": "Blix港",
        "crossing_type": "port",
        "allowed_movement_types": [
          "ship",
          "water",
          "land"
        ],
        "review_status": "candidate",
        "kind": "crossing"
      },
      "geometry": {
        "type": "Point",
        "coordinates": [
          -128.3,
          -34.19
        ]
      }
    },
    {
      "type": "Feature",
      "id": "crossing:port:stuiklig",
      "properties": {
        "name": "Stuiklig港",
        "crossing_type": "port",
        "allowed_movement_types": [
          "ship",
          "water",
          "land"
        ],
        "review_status": "candidate",
        "kind": "crossing"
      },
      "geometry": {
        "type": "Point",
        "coordinates": [
          -97.38,
          -25.89
        ]
      }
    },
    {
      "type": "Feature",
      "id": "crossing:port:krigh",
      "properties": {
        "name": "Krigh港",
        "crossing_type": "port",
        "allowed_movement_types": [
          "ship",
          "water",
          "land"
        ],
        "review_status": "candidate",
        "kind": "crossing"
      },
      "geometry": {
        "type": "Point",
        "coordinates": [
          -118.72,
          -12.21
        ]
      }
    },
    {
      "type": "Feature",
      "id": "crossing:port:vazogh",
      "properties": {
        "name": "Vazogh港",
        "crossing_type": "port",
        "allowed_movement_types": [
          "ship",
          "water",
          "land"
        ],
        "review_status": "candidate",
        "kind": "crossing"
      },
      "geometry": {
        "type": "Point",
        "coordinates": [
          -124.1,
          -8.59
        ]
      }
    },
    {
      "type": "Feature",
      "id": "crossing:port:klilm",
      "properties": {
        "name": "Klilm港",
        "crossing_type": "port",
        "allowed_movement_types": [
          "ship",
          "water",
          "land"
        ],
        "review_status": "candidate",
        "kind": "crossing"
      },
      "geometry": {
        "type": "Point",
        "coordinates": [
          -71.42,
          9.42
        ]
      }
    },
    {
      "type": "Feature",
      "id": "crossing:port:inheraddam",
      "properties": {
        "name": "Inheraddam港",
        "crossing_type": "port",
        "allowed_movement_types": [
          "ship",
          "water",
          "land"
        ],
        "review_status": "candidate",
        "kind": "crossing"
      },
      "geometry": {
        "type": "Point",
        "coordinates": [
          139.75,
          5.87
        ]
      }
    },
    {
      "type": "Feature",
      "id": "crossing:port:yorilde",
      "properties": {
        "name": "Yorilde港",
        "crossing_type": "port",
        "allowed_movement_types": [
          "ship",
          "water",
          "land"
        ],
        "review_status": "candidate",
        "kind": "crossing"
      },
      "geometry": {
        "type": "Point",
        "coordinates": [
          24.87,
          10.81
        ]
      }
    },
    {
      "type": "Feature",
      "id": "crossing:port:szils",
      "properties": {
        "name": "Szils港",
        "crossing_type": "port",
        "allowed_movement_types": [
          "ship",
          "water",
          "land"
        ],
        "review_status": "candidate",
        "kind": "crossing"
      },
      "geometry": {
        "type": "Point",
        "coordinates": [
          0.73,
          47.07
        ]
      }
    },
    {
      "type": "Feature",
      "id": "crossing:port:mosshellse",
      "properties": {
        "name": "Mosshellse港",
        "crossing_type": "port",
        "allowed_movement_types": [
          "ship",
          "water",
          "land"
        ],
        "review_status": "candidate",
        "kind": "crossing"
      },
      "geometry": {
        "type": "Point",
        "coordinates": [
          107.54,
          -36.89
        ]
      }
    },
    {
      "type": "Feature",
      "id": "crossing:port:earthbreak",
      "properties": {
        "name": "Earthbreak港",
        "crossing_type": "port",
        "allowed_movement_types": [
          "ship",
          "water",
          "land"
        ],
        "review_status": "candidate",
        "kind": "crossing"
      },
      "geometry": {
        "type": "Point",
        "coordinates": [
          112.23,
          -42.96
        ]
      }
    },
    {
      "type": "Feature",
      "id": "crossing:port:stormer",
      "properties": {
        "name": "Stormer港",
        "crossing_type": "port",
        "allowed_movement_types": [
          "ship",
          "water",
          "land"
        ],
        "review_status": "candidate",
        "kind": "crossing"
      },
      "geometry": {
        "type": "Point",
        "coordinates": [
          98.81,
          -36.87
        ]
      }
    },
    {
      "type": "Feature",
      "id": "crossing:port:yulfond",
      "properties": {
        "name": "Yulfond港",
        "crossing_type": "port",
        "allowed_movement_types": [
          "ship",
          "water",
          "land"
        ],
        "review_status": "candidate",
        "kind": "crossing"
      },
      "geometry": {
        "type": "Point",
        "coordinates": [
          102.2,
          -9.15
        ]
      }
    },
    {
      "type": "Feature",
      "id": "crossing:port:wrogbig",
      "properties": {
        "name": "Wrogbig港",
        "crossing_type": "port",
        "allowed_movement_types": [
          "ship",
          "water",
          "land"
        ],
        "review_status": "candidate",
        "kind": "crossing"
      },
      "geometry": {
        "type": "Point",
        "coordinates": [
          -66.96,
          11.87
        ]
      }
    },
    {
      "type": "Feature",
      "id": "crossing:port:scorcross",
      "properties": {
        "name": "Scorcross港",
        "crossing_type": "port",
        "allowed_movement_types": [
          "ship",
          "water",
          "land"
        ],
        "review_status": "candidate",
        "kind": "crossing"
      },
      "geometry": {
        "type": "Point",
        "coordinates": [
          60.12,
          -30.02
        ]
      }
    },
    {
      "type": "Feature",
      "id": "crossing:port:meetheas",
      "properties": {
        "name": "Meetheas港",
        "crossing_type": "port",
        "allowed_movement_types": [
          "ship",
          "water",
          "land"
        ],
        "review_status": "candidate",
        "kind": "crossing"
      },
      "geometry": {
        "type": "Point",
        "coordinates": [
          93.6,
          34.75
        ]
      }
    },
    {
      "type": "Feature",
      "id": "crossing:port:slukex",
      "properties": {
        "name": "Slukex港",
        "crossing_type": "port",
        "allowed_movement_types": [
          "ship",
          "water",
          "land"
        ],
        "review_status": "candidate",
        "kind": "crossing"
      },
      "geometry": {
        "type": "Point",
        "coordinates": [
          -60.92,
          17.95
        ]
      }
    },
    {
      "type": "Feature",
      "id": "crossing:port:dinarde",
      "properties": {
        "name": "Dinarde港",
        "crossing_type": "port",
        "allowed_movement_types": [
          "ship",
          "water",
          "land"
        ],
        "review_status": "candidate",
        "kind": "crossing"
      },
      "geometry": {
        "type": "Point",
        "coordinates": [
          111.41,
          23.63
        ]
      }
    },
    {
      "type": "Feature",
      "id": "crossing:port:blus",
      "properties": {
        "name": "Blus港",
        "crossing_type": "port",
        "allowed_movement_types": [
          "ship",
          "water",
          "land"
        ],
        "review_status": "candidate",
        "kind": "crossing"
      },
      "geometry": {
        "type": "Point",
        "coordinates": [
          -129.34,
          -32.49
        ]
      }
    },
    {
      "type": "Feature",
      "id": "crossing:port:zugrim",
      "properties": {
        "name": "Zugrim港",
        "crossing_type": "port",
        "allowed_movement_types": [
          "ship",
          "water",
          "land"
        ],
        "review_status": "candidate",
        "kind": "crossing"
      },
      "geometry": {
        "type": "Point",
        "coordinates": [
          90.08,
          13.77
        ]
      }
    },
    {
      "type": "Feature",
      "id": "crossing:port:draledaven",
      "properties": {
        "name": "Draledaven港",
        "crossing_type": "port",
        "allowed_movement_types": [
          "ship",
          "water",
          "land"
        ],
        "review_status": "candidate",
        "kind": "crossing"
      },
      "geometry": {
        "type": "Point",
        "coordinates": [
          -110.84,
          34.03
        ]
      }
    },
    {
      "type": "Feature",
      "id": "crossing:port:emerne",
      "properties": {
        "name": "Emerne港",
        "crossing_type": "port",
        "allowed_movement_types": [
          "ship",
          "water",
          "land"
        ],
        "review_status": "candidate",
        "kind": "crossing"
      },
      "geometry": {
        "type": "Point",
        "coordinates": [
          -110.51,
          34.98
        ]
      }
    },
    {
      "type": "Feature",
      "id": "crossing:port:chox",
      "properties": {
        "name": "Chox港",
        "crossing_type": "port",
        "allowed_movement_types": [
          "ship",
          "water",
          "land"
        ],
        "review_status": "candidate",
        "kind": "crossing"
      },
      "geometry": {
        "type": "Point",
        "coordinates": [
          -115.18,
          -13.65
        ]
      }
    },
    {
      "type": "Feature",
      "id": "crossing:port:ingarkaram",
      "properties": {
        "name": "Ingarkaram港",
        "crossing_type": "port",
        "allowed_movement_types": [
          "ship",
          "water",
          "land"
        ],
        "review_status": "candidate",
        "kind": "crossing"
      },
      "geometry": {
        "type": "Point",
        "coordinates": [
          122.71,
          15.74
        ]
      }
    },
    {
      "type": "Feature",
      "id": "crossing:port:zugkerozig",
      "properties": {
        "name": "Zugkerozig港",
        "crossing_type": "port",
        "allowed_movement_types": [
          "ship",
          "water",
          "land"
        ],
        "review_status": "candidate",
        "kind": "crossing"
      },
      "geometry": {
        "type": "Point",
        "coordinates": [
          106.0,
          24.45
        ]
      }
    },
    {
      "type": "Feature",
      "id": "crossing:port:mithlunye",
      "properties": {
        "name": "Mithlunye港",
        "crossing_type": "port",
        "allowed_movement_types": [
          "ship",
          "water",
          "land"
        ],
        "review_status": "candidate",
        "kind": "crossing"
      },
      "geometry": {
        "type": "Point",
        "coordinates": [
          32.28,
          13.9
        ]
      }
    },
    {
      "type": "Feature",
      "id": "crossing:port:mondhillde",
      "properties": {
        "name": "Mondhillde港",
        "crossing_type": "port",
        "allowed_movement_types": [
          "ship",
          "water",
          "land"
        ],
        "review_status": "candidate",
        "kind": "crossing"
      },
      "geometry": {
        "type": "Point",
        "coordinates": [
          -103.97,
          46.58
        ]
      }
    },
    {
      "type": "Feature",
      "id": "crossing:port:ghiz",
      "properties": {
        "name": "Ghiz港",
        "crossing_type": "port",
        "allowed_movement_types": [
          "ship",
          "water",
          "land"
        ],
        "review_status": "candidate",
        "kind": "crossing"
      },
      "geometry": {
        "type": "Point",
        "coordinates": [
          -133.63,
          19.04
        ]
      }
    },
    {
      "type": "Feature",
      "id": "crossing:port:qash",
      "properties": {
        "name": "Qash港",
        "crossing_type": "port",
        "allowed_movement_types": [
          "ship",
          "water",
          "land"
        ],
        "review_status": "candidate",
        "kind": "crossing"
      },
      "geometry": {
        "type": "Point",
        "coordinates": [
          -131.25,
          10.98
        ]
      }
    },
    {
      "type": "Feature",
      "id": "crossing:port:lefdoma",
      "properties": {
        "name": "Lefdoma港",
        "crossing_type": "port",
        "allowed_movement_types": [
          "ship",
          "water",
          "land"
        ],
        "review_status": "candidate",
        "kind": "crossing"
      },
      "geometry": {
        "type": "Point",
        "coordinates": [
          91.61,
          42.34
        ]
      }
    },
    {
      "type": "Feature",
      "id": "crossing:port:watha",
      "properties": {
        "name": "Watha港",
        "crossing_type": "port",
        "allowed_movement_types": [
          "ship",
          "water",
          "land"
        ],
        "review_status": "candidate",
        "kind": "crossing"
      },
      "geometry": {
        "type": "Point",
        "coordinates": [
          -71.92,
          -21.59
        ]
      }
    },
    {
      "type": "Feature",
      "id": "crossing:port:dewgcoast",
      "properties": {
        "name": "Dewgcoast港",
        "crossing_type": "port",
        "allowed_movement_types": [
          "ship",
          "water",
          "land"
        ],
        "review_status": "candidate",
        "kind": "crossing"
      },
      "geometry": {
        "type": "Point",
        "coordinates": [
          62.76,
          -22.33
        ]
      }
    },
    {
      "type": "Feature",
      "id": "crossing:port:elmalin",
      "properties": {
        "name": "Elmalin港",
        "crossing_type": "port",
        "allowed_movement_types": [
          "ship",
          "water",
          "land"
        ],
        "review_status": "candidate",
        "kind": "crossing"
      },
      "geometry": {
        "type": "Point",
        "coordinates": [
          37.44,
          15.42
        ]
      }
    },
    {
      "type": "Feature",
      "id": "crossing:port:fearvault",
      "properties": {
        "name": "Fearvault港",
        "crossing_type": "port",
        "allowed_movement_types": [
          "ship",
          "water",
          "land"
        ],
        "review_status": "candidate",
        "kind": "crossing"
      },
      "geometry": {
        "type": "Point",
        "coordinates": [
          107.04,
          -24.75
        ]
      }
    },
    {
      "type": "Feature",
      "id": "crossing:port:chalk",
      "properties": {
        "name": "Chalk港",
        "crossing_type": "port",
        "allowed_movement_types": [
          "ship",
          "water",
          "land"
        ],
        "review_status": "candidate",
        "kind": "crossing"
      },
      "geometry": {
        "type": "Point",
        "coordinates": [
          -97.3,
          -24.48
        ]
      }
    },
    {
      "type": "Feature",
      "id": "crossing:port:grigh",
      "properties": {
        "name": "Grigh港",
        "crossing_type": "port",
        "allowed_movement_types": [
          "ship",
          "water",
          "land"
        ],
        "review_status": "candidate",
        "kind": "crossing"
      },
      "geometry": {
        "type": "Point",
        "coordinates": [
          -119.42,
          -6.94
        ]
      }
    },
    {
      "type": "Feature",
      "id": "crossing:port:gorthiz",
      "properties": {
        "name": "Gorthiz港",
        "crossing_type": "port",
        "allowed_movement_types": [
          "ship",
          "water",
          "land"
        ],
        "review_status": "candidate",
        "kind": "crossing"
      },
      "geometry": {
        "type": "Point",
        "coordinates": [
          46.23,
          6.98
        ]
      }
    },
    {
      "type": "Feature",
      "id": "crossing:port:garam",
      "properties": {
        "name": "Garam港",
        "crossing_type": "port",
        "allowed_movement_types": [
          "ship",
          "water",
          "land"
        ],
        "review_status": "candidate",
        "kind": "crossing"
      },
      "geometry": {
        "type": "Point",
        "coordinates": [
          89.1,
          14.58
        ]
      }
    },
    {
      "type": "Feature",
      "id": "crossing:port:brozighe",
      "properties": {
        "name": "Brozighe港",
        "crossing_type": "port",
        "allowed_movement_types": [
          "ship",
          "water",
          "land"
        ],
        "review_status": "candidate",
        "kind": "crossing"
      },
      "geometry": {
        "type": "Point",
        "coordinates": [
          24.17,
          11.04
        ]
      }
    },
    {
      "type": "Feature",
      "id": "crossing:port:griraram",
      "properties": {
        "name": "Griraram港",
        "crossing_type": "port",
        "allowed_movement_types": [
          "ship",
          "water",
          "land"
        ],
        "review_status": "candidate",
        "kind": "crossing"
      },
      "geometry": {
        "type": "Point",
        "coordinates": [
          48.4,
          7.25
        ]
      }
    },
    {
      "type": "Feature",
      "id": "crossing:port:nyrang",
      "properties": {
        "name": "Nyrang港",
        "crossing_type": "port",
        "allowed_movement_types": [
          "ship",
          "water",
          "land"
        ],
        "review_status": "candidate",
        "kind": "crossing"
      },
      "geometry": {
        "type": "Point",
        "coordinates": [
          11.37,
          38.4
        ]
      }
    },
    {
      "type": "Feature",
      "id": "crossing:port:olazigi",
      "properties": {
        "name": "Olazigi港",
        "crossing_type": "port",
        "allowed_movement_types": [
          "ship",
          "water",
          "land"
        ],
        "review_status": "candidate",
        "kind": "crossing"
      },
      "geometry": {
        "type": "Point",
        "coordinates": [
          95.01,
          -8.84
        ]
      }
    },
    {
      "type": "Feature",
      "id": "crossing:port:gneabsil",
      "properties": {
        "name": "Gneabsil港",
        "crossing_type": "port",
        "allowed_movement_types": [
          "ship",
          "water",
          "land"
        ],
        "review_status": "candidate",
        "kind": "crossing"
      },
      "geometry": {
        "type": "Point",
        "coordinates": [
          -128.68,
          -33.26
        ]
      }
    },
    {
      "type": "Feature",
      "id": "crossing:port:brordud",
      "properties": {
        "name": "Brordud港",
        "crossing_type": "port",
        "allowed_movement_types": [
          "ship",
          "water",
          "land"
        ],
        "review_status": "candidate",
        "kind": "crossing"
      },
      "geometry": {
        "type": "Point",
        "coordinates": [
          -131.67,
          12.24
        ]
      }
    },
    {
      "type": "Feature",
      "id": "crossing:port:dizar",
      "properties": {
        "name": "Dizar港",
        "crossing_type": "port",
        "allowed_movement_types": [
          "ship",
          "water",
          "land"
        ],
        "review_status": "candidate",
        "kind": "crossing"
      },
      "geometry": {
        "type": "Point",
        "coordinates": [
          142.24,
          21.48
        ]
      }
    },
    {
      "type": "Feature",
      "id": "crossing:port:eeng",
      "properties": {
        "name": "Eeng港",
        "crossing_type": "port",
        "allowed_movement_types": [
          "ship",
          "water",
          "land"
        ],
        "review_status": "candidate",
        "kind": "crossing"
      },
      "geometry": {
        "type": "Point",
        "coordinates": [
          -66.84,
          41.65
        ]
      }
    },
    {
      "type": "Feature",
      "id": "crossing:port:kharbhar",
      "properties": {
        "name": "Kharbhar港",
        "crossing_type": "port",
        "allowed_movement_types": [
          "ship",
          "water",
          "land"
        ],
        "review_status": "candidate",
        "kind": "crossing"
      },
      "geometry": {
        "type": "Point",
        "coordinates": [
          93.86,
          -15.69
        ]
      }
    },
    {
      "type": "Feature",
      "id": "crossing:port:goshakinb",
      "properties": {
        "name": "Goshakinb港",
        "crossing_type": "port",
        "allowed_movement_types": [
          "ship",
          "water",
          "land"
        ],
        "review_status": "candidate",
        "kind": "crossing"
      },
      "geometry": {
        "type": "Point",
        "coordinates": [
          90.79,
          -6.98
        ]
      }
    },
    {
      "type": "Feature",
      "id": "crossing:port:cloudholle",
      "properties": {
        "name": "Cloudholle港",
        "crossing_type": "port",
        "allowed_movement_types": [
          "ship",
          "water",
          "land"
        ],
        "review_status": "candidate",
        "kind": "crossing"
      },
      "geometry": {
        "type": "Point",
        "coordinates": [
          -90.4,
          49.79
        ]
      }
    },
    {
      "type": "Feature",
      "id": "crossing:port:cragrasp",
      "properties": {
        "name": "Cragrasp港",
        "crossing_type": "port",
        "allowed_movement_types": [
          "ship",
          "water",
          "land"
        ],
        "review_status": "candidate",
        "kind": "crossing"
      },
      "geometry": {
        "type": "Point",
        "coordinates": [
          -99.34,
          32.82
        ]
      }
    },
    {
      "type": "Feature",
      "id": "crossing:port:sigkangar",
      "properties": {
        "name": "Sigkangar港",
        "crossing_type": "port",
        "allowed_movement_types": [
          "ship",
          "water",
          "land"
        ],
        "review_status": "candidate",
        "kind": "crossing"
      },
      "geometry": {
        "type": "Point",
        "coordinates": [
          87.16,
          13.8
        ]
      }
    },
    {
      "type": "Feature",
      "id": "crossing:port:ghostkeep",
      "properties": {
        "name": "Ghostkeep港",
        "crossing_type": "port",
        "allowed_movement_types": [
          "ship",
          "water",
          "land"
        ],
        "review_status": "candidate",
        "kind": "crossing"
      },
      "geometry": {
        "type": "Point",
        "coordinates": [
          -109.23,
          30.42
        ]
      }
    },
    {
      "type": "Feature",
      "id": "crossing:port:kiltoch",
      "properties": {
        "name": "Kiltoch港",
        "crossing_type": "port",
        "allowed_movement_types": [
          "ship",
          "water",
          "land"
        ],
        "review_status": "candidate",
        "kind": "crossing"
      },
      "geometry": {
        "type": "Point",
        "coordinates": [
          70.44,
          -19.19
        ]
      }
    },
    {
      "type": "Feature",
      "id": "crossing:port:moongulf",
      "properties": {
        "name": "Moongulf港",
        "crossing_type": "port",
        "allowed_movement_types": [
          "ship",
          "water",
          "land"
        ],
        "review_status": "candidate",
        "kind": "crossing"
      },
      "geometry": {
        "type": "Point",
        "coordinates": [
          106.01,
          -27.36
        ]
      }
    },
    {
      "type": "Feature",
      "id": "crossing:port:srokharb",
      "properties": {
        "name": "Srokharb港",
        "crossing_type": "port",
        "allowed_movement_types": [
          "ship",
          "water",
          "land"
        ],
        "review_status": "candidate",
        "kind": "crossing"
      },
      "geometry": {
        "type": "Point",
        "coordinates": [
          31.89,
          12.83
        ]
      }
    },
    {
      "type": "Feature",
      "id": "crossing:port:brozuzan",
      "properties": {
        "name": "Brozuzan港",
        "crossing_type": "port",
        "allowed_movement_types": [
          "ship",
          "water",
          "land"
        ],
        "review_status": "candidate",
        "kind": "crossing"
      },
      "geometry": {
        "type": "Point",
        "coordinates": [
          143.82,
          32.0
        ]
      }
    },
    {
      "type": "Feature",
      "id": "crossing:port:cloudwich",
      "properties": {
        "name": "Cloudwich港",
        "crossing_type": "port",
        "allowed_movement_types": [
          "ship",
          "water",
          "land"
        ],
        "review_status": "candidate",
        "kind": "crossing"
      },
      "geometry": {
        "type": "Point",
        "coordinates": [
          46.27,
          -22.09
        ]
      }
    },
    {
      "type": "Feature",
      "id": "crossing:port:crild",
      "properties": {
        "name": "Crild港",
        "crossing_type": "port",
        "allowed_movement_types": [
          "ship",
          "water",
          "land"
        ],
        "review_status": "candidate",
        "kind": "crossing"
      },
      "geometry": {
        "type": "Point",
        "coordinates": [
          -37.35,
          23.99
        ]
      }
    },
    {
      "type": "Feature",
      "id": "crossing:port:eenqi",
      "properties": {
        "name": "Eenqi港",
        "crossing_type": "port",
        "allowed_movement_types": [
          "ship",
          "water",
          "land"
        ],
        "review_status": "candidate",
        "kind": "crossing"
      },
      "geometry": {
        "type": "Point",
        "coordinates": [
          -34.6,
          19.76
        ]
      }
    },
    {
      "type": "Feature",
      "id": "crossing:port:freyshield",
      "properties": {
        "name": "Freyshield港",
        "crossing_type": "port",
        "allowed_movement_types": [
          "ship",
          "water",
          "land"
        ],
        "review_status": "candidate",
        "kind": "crossing"
      },
      "geometry": {
        "type": "Point",
        "coordinates": [
          62.57,
          -43.78
        ]
      }
    },
    {
      "type": "Feature",
      "id": "crossing:port:dragonspice",
      "properties": {
        "name": "Dragonspice港",
        "crossing_type": "port",
        "allowed_movement_types": [
          "ship",
          "water",
          "land"
        ],
        "review_status": "candidate",
        "kind": "crossing"
      },
      "geometry": {
        "type": "Point",
        "coordinates": [
          112.98,
          -35.25
        ]
      }
    },
    {
      "type": "Feature",
      "id": "crossing:port:stuik",
      "properties": {
        "name": "Stuik港",
        "crossing_type": "port",
        "allowed_movement_types": [
          "ship",
          "water",
          "land"
        ],
        "review_status": "candidate",
        "kind": "crossing"
      },
      "geometry": {
        "type": "Point",
        "coordinates": [
          -81.03,
          -12.9
        ]
      }
    },
    {
      "type": "Feature",
      "id": "crossing:port:kimornel",
      "properties": {
        "name": "Kimornel港",
        "crossing_type": "port",
        "allowed_movement_types": [
          "ship",
          "water",
          "land"
        ],
        "review_status": "candidate",
        "kind": "crossing"
      },
      "geometry": {
        "type": "Point",
        "coordinates": [
          46.76,
          -10.56
        ]
      }
    },
    {
      "type": "Feature",
      "id": "crossing:port:slehzit",
      "properties": {
        "name": "Slehzit港",
        "crossing_type": "port",
        "allowed_movement_types": [
          "ship",
          "water",
          "land"
        ],
        "review_status": "candidate",
        "kind": "crossing"
      },
      "geometry": {
        "type": "Point",
        "coordinates": [
          -65.85,
          30.5
        ]
      }
    },
    {
      "type": "Feature",
      "id": "crossing:port:guzinarde",
      "properties": {
        "name": "Guzinarde港",
        "crossing_type": "port",
        "allowed_movement_types": [
          "ship",
          "water",
          "land"
        ],
        "review_status": "candidate",
        "kind": "crossing"
      },
      "geometry": {
        "type": "Point",
        "coordinates": [
          94.17,
          9.87
        ]
      }
    },
    {
      "type": "Feature",
      "id": "crossing:port:nurkenuz",
      "properties": {
        "name": "Nurkenuz港",
        "crossing_type": "port",
        "allowed_movement_types": [
          "ship",
          "water",
          "land"
        ],
        "review_status": "candidate",
        "kind": "crossing"
      },
      "geometry": {
        "type": "Point",
        "coordinates": [
          123.94,
          12.43
        ]
      }
    }
  ]
}
