{
  "type": "FeatureCollection",
  "features": [
    {
      "type": "Feature",
      "id": "route:roads:0",
      "properties": {
        "id": "route:roads:0",
        "group": "roads",
        "feature": 2,
        "route_type": "road",
        "speed_multiplier": 1.45,
        "allowed_movement_types": [
          "land",
          "flight"
        ],
        "kind": "road",
        "review_status": "candidate"
      },
      "geometry": {
        "type": "LineString",
        "coordinates": [
          [
            127.62728,
            31.1776
          ],
          [
            125.43744,
            30.2528
          ],
          [
            123.57004,
            30.39908
          ],
          [
            120.61132,
            29.63962
          ],
          [
            120.10664,
            32.19657
          ],
          [
            118.37691,
            34.19209
          ],
          [
            116.18384,
            35.36993
          ],
          [
            114.58532,
            34.98283
          ],
          [
            112.98608,
            34.59681
          ],
          [
            111.72042,
            34.46526
          ],
          [
            110.53707,
            34.58171
          ],
          [
            109.52232,
            35.19417
          ],
          [
            108.76565,
            37.06749
          ],
          [
            107.23615,
            38.38047
          ],
          [
            106.99387,
            39.9472
          ],
          [
            108.47053,
            43.81174
          ]
        ]
      }
    },
    {
      "type": "Feature",
      "id": "route:roads:1",
      "properties": {
        "id": "route:roads:1",
        "group": "roads",
        "feature": 2,
        "route_type": "road",
        "speed_multiplier": 1.45,
        "allowed_movement_types": [
          "land",
          "flight"
        ],
        "kind": "road",
        "review_status": "candidate"
      },
      "geometry": {
        "type": "LineString",
        "coordinates": [
          [
            101.95746,
            -35.79153
          ],
          [
            103.53046,
            -35.02812
          ],
          [
            104.77204,
            -35.36382
          ],
          [
            106.01578,
            -35.69629
          ],
          [
            107.5363,
            -36.88922
          ],
          [
            108.41805,
            -36.99453
          ],
          [
            110.81098,
            -36.35583
          ],
          [
            112.98356,
            -35.24521
          ],
          [
            113.07199,
            -33.12819
          ],
          [
            114.94011,
            -31.4141
          ],
          [
            116.73849,
            -30.09465
          ],
          [
            117.81328,
            -28.63898
          ],
          [
            117.55447,
            -26.86701
          ],
          [
            118.70331,
            -25.28375
          ],
          [
            120.44957,
            -23.95747
          ],
          [
            121.87483,
            -23.5772
          ],
          [
            123.01504,
            -24.16486
          ],
          [
            125.53953,
            -22.04605
          ],
          [
            126.68226,
            -20.7744
          ],
          [
            128.27215,
            -20.25755
          ],
          [
            129.26858,
            -19.19617
          ],
          [
            130.76825,
            -18.67931
          ],
          [
            132.26864,
            -18.16066
          ],
          [
            133.53178,
            -17.45403
          ],
          [
            134.38442,
            -15.94732
          ],
          [
            137.74143,
            -13.43279
          ]
        ]
      }
    },
    {
      "type": "Feature",
      "id": "route:roads:2",
      "properties": {
        "id": "route:roads:2",
        "group": "roads",
        "feature": 2,
        "route_type": "road",
        "speed_multiplier": 1.45,
        "allowed_movement_types": [
          "land",
          "flight"
        ],
        "kind": "road",
        "review_status": "candidate"
      },
      "geometry": {
        "type": "LineString",
        "coordinates": [
          [
            129.12264,
            1.19976
          ],
          [
            128.87748,
            0.40831
          ],
          [
            130.16256,
            -2.3528
          ],
          [
            131.25244,
            -3.53027
          ],
          [
            131.56409,
            -6.13718
          ],
          [
            131.82902,
            -8.0238
          ],
          [
            132.87037,
            -9.51182
          ],
          [
            134.27515,
            -10.85715
          ],
          [
            134.80535,
            -11.96741
          ],
          [
            137.74143,
            -13.43279
          ]
        ]
      }
    },
    {
      "type": "Feature",
      "id": "route:roads:3",
      "properties": {
        "id": "route:roads:3",
        "group": "roads",
        "feature": 2,
        "route_type": "road",
        "speed_multiplier": 1.45,
        "allowed_movement_types": [
          "land",
          "flight"
        ],
        "kind": "road",
        "review_status": "candidate"
      },
      "geometry": {
        "type": "LineString",
        "coordinates": [
          [
            123.94137,
            12.42891
          ],
          [
            122.28174,
            9.19912
          ],
          [
            123.29901,
            8.63339
          ],
          [
            124.70235,
            7.78802
          ],
          [
            126.10604,
            7.12812
          ],
          [
            127.58307,
            5.3522
          ],
          [
            130.27579,
            3.66326
          ],
          [
            129.12264,
            1.19976
          ]
        ]
      }
    },
    {
      "type": "Feature",
      "id": "route:roads:4",
      "properties": {
        "id": "route:roads:4",
        "group": "roads",
        "feature": 2,
        "route_type": "road",
        "speed_multiplier": 1.45,
        "allowed_movement_types": [
          "land",
          "flight"
        ],
        "kind": "road",
        "review_status": "candidate"
      },
      "geometry": {
        "type": "LineString",
        "coordinates": [
          [
            128.87748,
            0.40831
          ],
          [
            126.03846,
            -1.82157
          ],
          [
            123.99565,
            -2.26761
          ],
          [
            121.90071,
            -2.15152
          ],
          [
            119.7479,
            -3.02384
          ],
          [
            118.50956,
            -4.31705
          ],
          [
            117.2935,
            -4.12512
          ],
          [
            115.78772,
            -3.92564
          ],
          [
            113.97388,
            -4.43027
          ],
          [
            112.82001,
            -4.3476
          ],
          [
            111.21861,
            -4.90471
          ]
        ]
      }
    },
    {
      "type": "Feature",
      "id": "route:roads:5",
      "properties": {
        "id": "route:roads:5",
        "group": "roads",
        "feature": 2,
        "route_type": "road",
        "speed_multiplier": 1.45,
        "allowed_movement_types": [
          "land",
          "flight"
        ],
        "kind": "road",
        "review_status": "candidate"
      },
      "geometry": {
        "type": "LineString",
        "coordinates": [
          [
            102.19615,
            -9.1524
          ],
          [
            99.87295,
            -10.17352
          ],
          [
            97.677,
            -8.60463
          ],
          [
            96.69064,
            -7.73051
          ],
          [
            95.65612,
            -6.66733
          ],
          [
            94.60326,
            -5.60739
          ],
          [
            94.78011,
            -3.73802
          ],
          [
            93.88757,
            -1.49521
          ],
          [
            93.40302,
            0.37668
          ],
          [
            92.19451,
            2.95879
          ]
        ]
      }
    },
    {
      "type": "Feature",
      "id": "route:roads:6",
      "properties": {
        "id": "route:roads:6",
        "group": "roads",
        "feature": 2,
        "route_type": "road",
        "speed_multiplier": 1.45,
        "allowed_movement_types": [
          "land",
          "flight"
        ],
        "kind": "road",
        "review_status": "candidate"
      },
      "geometry": {
        "type": "LineString",
        "coordinates": [
          [
            86.03874,
            35.61146
          ],
          [
            88.59487,
            36.78858
          ],
          [
            90.40044,
            36.81841
          ],
          [
            93.60252,
            34.75423
          ]
        ]
      }
    },
    {
      "type": "Feature",
      "id": "route:roads:7",
      "properties": {
        "id": "route:roads:7",
        "group": "roads",
        "feature": 2,
        "route_type": "road",
        "speed_multiplier": 1.45,
        "allowed_movement_types": [
          "land",
          "flight"
        ],
        "kind": "road",
        "review_status": "candidate"
      },
      "geometry": {
        "type": "LineString",
        "coordinates": [
          [
            86.03874,
            35.61146
          ],
          [
            84.67243,
            36.0992
          ],
          [
            83.4021,
            36.01222
          ],
          [
            81.29889,
            34.70104
          ],
          [
            79.27081,
            34.46238
          ],
          [
            77.81356,
            33.46749
          ],
          [
            76.19383,
            33.33235
          ],
          [
            73.36991,
            32.87947
          ],
          [
            70.64088,
            32.86689
          ],
          [
            68.64371,
            31.89393
          ],
          [
            66.2914,
            32.85575
          ],
          [
            64.66125,
            34.10475
          ],
          [
            62.66408,
            34.48466
          ],
          [
            60.04901,
            34.16657
          ],
          [
            58.26105,
            36.27137
          ],
          [
            54.67615,
            35.70958
          ],
          [
            52.61572,
            36.71094
          ],
          [
            50.76413,
            36.70196
          ],
          [
            49.70301,
            35.76817
          ]
        ]
      }
    },
    {
      "type": "Feature",
      "id": "route:roads:8",
      "properties": {
        "id": "route:roads:8",
        "group": "roads",
        "feature": 2,
        "route_type": "road",
        "speed_multiplier": 1.45,
        "allowed_movement_types": [
          "land",
          "flight"
        ],
        "kind": "road",
        "review_status": "candidate"
      },
      "geometry": {
        "type": "LineString",
        "coordinates": [
          [
            92.56979,
            6.153
          ],
          [
            90.68837,
            9.34397
          ],
          [
            89.69805,
            9.89137
          ],
          [
            89.45685,
            11.67268
          ],
          [
            90.07944,
            13.76993
          ]
        ]
      }
    },
    {
      "type": "Feature",
      "id": "route:roads:9",
      "properties": {
        "id": "route:roads:9",
        "group": "roads",
        "feature": 2,
        "route_type": "road",
        "speed_multiplier": 1.45,
        "allowed_movement_types": [
          "land",
          "flight"
        ],
        "kind": "road",
        "review_status": "candidate"
      },
      "geometry": {
        "type": "LineString",
        "coordinates": [
          [
            89.10386,
            14.5772
          ],
          [
            87.85905,
            17.17584
          ],
          [
            87.58227,
            19.0506
          ],
          [
            86.66241,
            20.69533
          ],
          [
            86.4417,
            22.87236
          ],
          [
            85.46037,
            24.22704
          ],
          [
            85.1462,
            25.77831
          ],
          [
            85.67784,
            27.24369
          ],
          [
            85.53801,
            30.00515
          ],
          [
            86.29935,
            32.02009
          ],
          [
            86.03874,
            35.61146
          ]
        ]
      }
    },
    {
      "type": "Feature",
      "id": "route:roads:10",
      "properties": {
        "id": "route:roads:10",
        "group": "roads",
        "feature": 2,
        "route_type": "road",
        "speed_multiplier": 1.45,
        "allowed_movement_types": [
          "land",
          "flight"
        ],
        "kind": "road",
        "review_status": "candidate"
      },
      "geometry": {
        "type": "LineString",
        "coordinates": [
          [
            79.14896,
            -39.6647
          ],
          [
            80.43115,
            -38.71042
          ],
          [
            81.93262,
            -38.59038
          ],
          [
            83.1893,
            -38.9861
          ],
          [
            85.01248,
            -39.04073
          ],
          [
            86.83279,
            -39.09429
          ],
          [
            88.11714,
            -38.18926
          ],
          [
            88.88387,
            -36.89856
          ],
          [
            89.5611,
            -35.79513
          ],
          [
            90.67039,
            -35.26318
          ],
          [
            92.21464,
            -35.30092
          ],
          [
            93.91201,
            -35.77859
          ],
          [
            95.67661,
            -35.22364
          ],
          [
            97.14069,
            -35.64417
          ],
          [
            98.80535,
            -36.87053
          ],
          [
            99.95419,
            -35.29625
          ],
          [
            100.67563,
            -32.46542
          ]
        ]
      }
    },
    {
      "type": "Feature",
      "id": "route:roads:11",
      "properties": {
        "id": "route:roads:11",
        "group": "roads",
        "feature": 2,
        "route_type": "road",
        "speed_multiplier": 1.45,
        "allowed_movement_types": [
          "land",
          "flight"
        ],
        "kind": "road",
        "review_status": "candidate"
      },
      "geometry": {
        "type": "LineString",
        "coordinates": [
          [
            105.93741,
            -23.50783
          ],
          [
            106.72643,
            -21.22871
          ],
          [
            107.85622,
            -19.85463
          ],
          [
            107.39251,
            -17.76565
          ],
          [
            106.36122,
            -16.36462
          ],
          [
            104.78283,
            -15.79673
          ],
          [
            103.47762,
            -15.10124
          ],
          [
            102.72491,
            -14.15487
          ],
          [
            101.28815,
            -12.22548
          ],
          [
            99.87295,
            -10.17352
          ]
        ]
      }
    },
    {
      "type": "Feature",
      "id": "route:roads:12",
      "properties": {
        "id": "route:roads:12",
        "group": "roads",
        "feature": 2,
        "route_type": "road",
        "speed_multiplier": 1.45,
        "allowed_movement_types": [
          "land",
          "flight"
        ],
        "kind": "road",
        "review_status": "candidate"
      },
      "geometry": {
        "type": "LineString",
        "coordinates": [
          [
            54.78686,
            -30.56118
          ],
          [
            58.18089,
            -30.20931
          ]
        ]
      }
    },
    {
      "type": "Feature",
      "id": "route:roads:13",
      "properties": {
        "id": "route:roads:13",
        "group": "roads",
        "feature": 2,
        "route_type": "road",
        "speed_multiplier": 1.45,
        "allowed_movement_types": [
          "land",
          "flight"
        ],
        "kind": "road",
        "review_status": "candidate"
      },
      "geometry": {
        "type": "LineString",
        "coordinates": [
          [
            60.12126,
            -30.02061
          ],
          [
            61.56126,
            -33.19541
          ],
          [
            63.84024,
            -32.63219
          ],
          [
            65.8277,
            -33.37296
          ],
          [
            68.45068,
            -33.33522
          ],
          [
            70.70055,
            -32.76805
          ],
          [
            73.39902,
            -32.73822
          ],
          [
            74.80092,
            -31.88818
          ],
          [
            75.15463,
            -33.51601
          ],
          [
            75.94113,
            -35.41414
          ],
          [
            77.28192,
            -36.675
          ],
          [
            79.14896,
            -39.6647
          ]
        ]
      }
    },
    {
      "type": "Feature",
      "id": "route:roads:14",
      "properties": {
        "id": "route:roads:14",
        "group": "roads",
        "feature": 2,
        "route_type": "road",
        "speed_multiplier": 1.45,
        "allowed_movement_types": [
          "land",
          "flight"
        ],
        "kind": "road",
        "review_status": "candidate"
      },
      "geometry": {
        "type": "LineString",
        "coordinates": [
          [
            23.69134,
            14.5754
          ],
          [
            22.88651,
            13.27788
          ],
          [
            23.12771,
            11.88259
          ],
          [
            24.16763,
            11.04117
          ],
          [
            24.87289,
            10.81402
          ],
          [
            25.74243,
            6.49732
          ],
          [
            27.16553,
            4.48562
          ],
          [
            27.70652,
            2.65974
          ],
          [
            29.18822,
            1.37839
          ],
          [
            30.2515,
            -0.65954
          ],
          [
            31.9895,
            -1.22276
          ],
          [
            33.14229,
            -2.26797
          ],
          [
            34.29687,
            -3.31426
          ],
          [
            36.04673,
            -3.4361
          ],
          [
            37.79766,
            -3.56082
          ],
          [
            39.44004,
            -4.22324
          ],
          [
            40.829,
            -5.12899
          ],
          [
            41.71722,
            -6.51781
          ],
          [
            43.29274,
            -8.4242
          ],
          [
            43.69426,
            -9.75515
          ],
          [
            44.19858,
            -10.2623
          ],
          [
            46.75651,
            -10.56494
          ]
        ]
      }
    },
    {
      "type": "Feature",
      "id": "route:roads:15",
      "properties": {
        "id": "route:roads:15",
        "group": "roads",
        "feature": 2,
        "route_type": "road",
        "speed_multiplier": 1.45,
        "allowed_movement_types": [
          "land",
          "flight"
        ],
        "kind": "road",
        "review_status": "candidate"
      },
      "geometry": {
        "type": "LineString",
        "coordinates": [
          [
            45.33196,
            -14.03734
          ],
          [
            45.78129,
            -14.95747
          ],
          [
            45.84383,
            -17.44038
          ],
          [
            46.5322,
            -18.54273
          ],
          [
            46.81006,
            -19.98187
          ],
          [
            46.26836,
            -22.08882
          ],
          [
            47.79175,
            -23.29181
          ],
          [
            48.38342,
            -24.58107
          ],
          [
            48.9449,
            -25.60148
          ],
          [
            49.94348,
            -26.30631
          ],
          [
            51.37917,
            -26.69521
          ],
          [
            52.62866,
            -27.97404
          ],
          [
            53.87778,
            -29.25395
          ],
          [
            54.78686,
            -30.56118
          ]
        ]
      }
    },
    {
      "type": "Feature",
      "id": "route:roads:16",
      "properties": {
        "id": "route:roads:16",
        "group": "roads",
        "feature": 2,
        "route_type": "road",
        "speed_multiplier": 1.45,
        "allowed_movement_types": [
          "land",
          "flight"
        ],
        "kind": "road",
        "review_status": "candidate"
      },
      "geometry": {
        "type": "LineString",
        "coordinates": [
          [
            22.4832,
            29.62955
          ],
          [
            24.292,
            31.8986
          ],
          [
            25.0404,
            34.3143
          ],
          [
            26.66444,
            35.89756
          ],
          [
            30.21448,
            34.19677
          ],
          [
            29.86544,
            32.04381
          ],
          [
            31.50279,
            31.01873
          ],
          [
            34.6114,
            31.03095
          ],
          [
            36.15169,
            33.222
          ],
          [
            38.70818,
            35.0522
          ],
          [
            39.8279,
            36.02013
          ],
          [
            42.64859,
            36.89353
          ],
          [
            43.60979,
            35.81454
          ],
          [
            45.45022,
            35.16901
          ],
          [
            47.78996,
            35.39868
          ],
          [
            49.70301,
            35.76817
          ]
        ]
      }
    },
    {
      "type": "Feature",
      "id": "route:roads:17",
      "properties": {
        "id": "route:roads:17",
        "group": "roads",
        "feature": 2,
        "route_type": "road",
        "speed_multiplier": 1.45,
        "allowed_movement_types": [
          "land",
          "flight"
        ],
        "kind": "road",
        "review_status": "candidate"
      },
      "geometry": {
        "type": "LineString",
        "coordinates": [
          [
            22.4832,
            29.62955
          ],
          [
            20.87137,
            30.76641
          ],
          [
            19.80162,
            31.63586
          ],
          [
            17.61753,
            33.39273
          ],
          [
            16.24763,
            35.22616
          ],
          [
            13.76304,
            36.36338
          ],
          [
            11.3737,
            38.397
          ],
          [
            11.74287,
            40.30699
          ],
          [
            10.3859,
            41.40719
          ],
          [
            7.57995,
            41.82915
          ],
          [
            4.03207,
            40.93275
          ],
          [
            3.23515,
            42.15371
          ],
          [
            1.92204,
            42.24609
          ],
          [
            0.66141,
            41.66813
          ],
          [
            -0.54926,
            40.42057
          ],
          [
            -1.88789,
            40.25883
          ],
          [
            -3.02666,
            39.4972
          ],
          [
            -3.42998,
            38.4103
          ],
          [
            -3.1992,
            37.29752
          ],
          [
            -2.09745,
            35.52664
          ]
        ]
      }
    },
    {
      "type": "Feature",
      "id": "route:roads:18",
      "properties": {
        "id": "route:roads:18",
        "group": "roads",
        "feature": 2,
        "route_type": "road",
        "speed_multiplier": 1.45,
        "allowed_movement_types": [
          "land",
          "flight"
        ],
        "kind": "road",
        "review_status": "candidate"
      },
      "geometry": {
        "type": "LineString",
        "coordinates": [
          [
            15.9633,
            14.47907
          ],
          [
            15.29865,
            15.98722
          ],
          [
            14.22818,
            17.25994
          ],
          [
            13.2375,
            18.32815
          ],
          [
            13.24361,
            19.14153
          ],
          [
            14.02149,
            19.95132
          ],
          [
            14.87377,
            21.95619
          ],
          [
            15.73791,
            24.78271
          ],
          [
            17.70093,
            24.9883
          ],
          [
            19.53813,
            25.39768
          ],
          [
            20.86418,
            27.01869
          ],
          [
            22.4832,
            29.62955
          ]
        ]
      }
    },
    {
      "type": "Feature",
      "id": "route:roads:19",
      "properties": {
        "id": "route:roads:19",
        "group": "roads",
        "feature": 3,
        "route_type": "road",
        "speed_multiplier": 1.45,
        "allowed_movement_types": [
          "land",
          "flight"
        ],
        "kind": "road",
        "review_status": "candidate"
      },
      "geometry": {
        "type": "LineString",
        "coordinates": [
          [
            -76.10396,
            -16.05911
          ],
          [
            -73.27249,
            -16.23486
          ],
          [
            -72.2243,
            -15.50164
          ],
          [
            -71.37346,
            -13.90435
          ],
          [
            -69.73072,
            -12.91378
          ],
          [
            -69.17464,
            -11.70288
          ],
          [
            -68.06103,
            -11.0728
          ],
          [
            -66.56603,
            -10.71446
          ],
          [
            -65.42187,
            -9.73323
          ],
          [
            -64.45024,
            -8.44325
          ],
          [
            -61.7985,
            -6.64217
          ],
          [
            -61.04939,
            -4.89573
          ],
          [
            -58.68054,
            -3.71933
          ]
        ]
      }
    },
    {
      "type": "Feature",
      "id": "route:roads:20",
      "properties": {
        "id": "route:roads:20",
        "group": "roads",
        "feature": 3,
        "route_type": "road",
        "speed_multiplier": 1.45,
        "allowed_movement_types": [
          "land",
          "flight"
        ],
        "kind": "road",
        "review_status": "candidate"
      },
      "geometry": {
        "type": "LineString",
        "coordinates": [
          [
            -69.12719,
            24.03798
          ],
          [
            -69.27493,
            22.24589
          ],
          [
            -72.65781,
            21.42891
          ],
          [
            -75.12048,
            20.01314
          ]
        ]
      }
    },
    {
      "type": "Feature",
      "id": "route:roads:21",
      "properties": {
        "id": "route:roads:21",
        "group": "roads",
        "feature": 3,
        "route_type": "road",
        "speed_multiplier": 1.45,
        "allowed_movement_types": [
          "land",
          "flight"
        ],
        "kind": "road",
        "review_status": "candidate"
      },
      "geometry": {
        "type": "LineString",
        "coordinates": [
          [
            -69.27493,
            22.24589
          ],
          [
            -67.41723,
            20.10479
          ],
          [
            -66.41074,
            17.27756
          ],
          [
            -64.92437,
            16.99145
          ],
          [
            -63.94592,
            15.90563
          ],
          [
            -62.26221,
            12.74341
          ],
          [
            -63.25576,
            11.63458
          ],
          [
            -63.11053,
            10.64653
          ],
          [
            -62.77552,
            9.33427
          ],
          [
            -62.84238,
            7.31178
          ],
          [
            -62.28449,
            6.15335
          ],
          [
            -61.12811,
            4.60495
          ],
          [
            -60.07704,
            3.68411
          ],
          [
            -59.73052,
            2.21837
          ],
          [
            -59.07019,
            0.38063
          ],
          [
            -59.2032,
            -1.66054
          ],
          [
            -58.68054,
            -3.71933
          ]
        ]
      }
    },
    {
      "type": "Feature",
      "id": "route:roads:22",
      "properties": {
        "id": "route:roads:22",
        "group": "roads",
        "feature": 3,
        "route_type": "road",
        "speed_multiplier": 1.45,
        "allowed_movement_types": [
          "land",
          "flight"
        ],
        "kind": "road",
        "review_status": "candidate"
      },
      "geometry": {
        "type": "LineString",
        "coordinates": [
          [
            -108.4522,
            -29.13391
          ],
          [
            -107.86197,
            -28.13111
          ],
          [
            -106.96763,
            -27.48558
          ],
          [
            -106.3321,
            -26.40695
          ],
          [
            -104.59591,
            -25.77185
          ],
          [
            -103.52687,
            -24.95631
          ],
          [
            -104.22027,
            -22.34904
          ],
          [
            -102.38738,
            -19.80611
          ],
          [
            -99.41572,
            -20.15367
          ],
          [
            -97.87794,
            -21.29197
          ],
          [
            -98.12202,
            -22.73363
          ],
          [
            -97.29526,
            -24.47899
          ],
          [
            -94.81174,
            -24.60946
          ],
          [
            -91.6129,
            -26.33363
          ],
          [
            -90.00683,
            -25.40128
          ],
          [
            -88.16639,
            -24.16054
          ],
          [
            -86.99203,
            -21.38686
          ],
          [
            -85.44347,
            -21.47851
          ],
          [
            -82.82085,
            -21.51482
          ],
          [
            -78.66584,
            -20.66765
          ],
          [
            -77.49364,
            -19.99732
          ],
          [
            -76.77364,
            -18.62684
          ],
          [
            -76.10396,
            -16.05911
          ]
        ]
      }
    },
    {
      "type": "Feature",
      "id": "route:roads:23",
      "properties": {
        "id": "route:roads:23",
        "group": "roads",
        "feature": 3,
        "route_type": "road",
        "speed_multiplier": 1.45,
        "allowed_movement_types": [
          "land",
          "flight"
        ],
        "kind": "road",
        "review_status": "candidate"
      },
      "geometry": {
        "type": "LineString",
        "coordinates": [
          [
            -42.73018,
            26.07664
          ],
          [
            -47.97472,
            26.74085
          ],
          [
            -48.6009,
            24.851
          ],
          [
            -50.5729,
            21.90982
          ],
          [
            -51.99133,
            19.7026
          ],
          [
            -53.0902,
            19.46502
          ],
          [
            -55.56545,
            18.75839
          ],
          [
            -57.49108,
            19.05599
          ],
          [
            -58.71792,
            20.64177
          ],
          [
            -60.91099,
            21.85016
          ],
          [
            -63.86145,
            21.68339
          ],
          [
            -64.16088,
            19.56314
          ],
          [
            -64.92437,
            16.99145
          ]
        ]
      }
    },
    {
      "type": "Feature",
      "id": "route:roads:24",
      "properties": {
        "id": "route:roads:24",
        "group": "roads",
        "feature": 3,
        "route_type": "road",
        "speed_multiplier": 1.45,
        "allowed_movement_types": [
          "land",
          "flight"
        ],
        "kind": "road",
        "review_status": "candidate"
      },
      "geometry": {
        "type": "LineString",
        "coordinates": [
          [
            -42.73018,
            26.07664
          ],
          [
            -45.42362,
            27.95212
          ],
          [
            -44.7482,
            28.59081
          ],
          [
            -42.71293,
            29.452
          ],
          [
            -40.77723,
            29.59397
          ],
          [
            -39.00617,
            28.85931
          ],
          [
            -37.74698,
            30.47923
          ],
          [
            -35.89612,
            31.97049
          ],
          [
            -34.00427,
            31.77352
          ],
          [
            -32.22674,
            30.80415
          ],
          [
            -29.18354,
            30.65068
          ]
        ]
      }
    },
    {
      "type": "Feature",
      "id": "route:roads:25",
      "properties": {
        "id": "route:roads:25",
        "group": "roads",
        "feature": 3,
        "route_type": "road",
        "speed_multiplier": 1.45,
        "allowed_movement_types": [
          "land",
          "flight"
        ],
        "kind": "road",
        "review_status": "candidate"
      },
      "geometry": {
        "type": "LineString",
        "coordinates": [
          [
            -62.34093,
            31.36198
          ],
          [
            -62.67019,
            28.24649
          ],
          [
            -61.52891,
            26.15679
          ],
          [
            -60.91099,
            21.85016
          ]
        ]
      }
    },
    {
      "type": "Feature",
      "id": "route:searoutes:401",
      "properties": {
        "id": "route:searoutes:401",
        "group": "searoutes",
        "feature": 1,
        "route_type": "searoute",
        "speed_multiplier": 1.0,
        "allowed_movement_types": [
          "ship",
          "flight"
        ],
        "kind": "searoute",
        "review_status": "candidate"
      },
      "geometry": {
        "type": "LineString",
        "coordinates": [
          [
            22.37931,
            14.58654
          ],
          [
            23.29979,
            14.50526
          ],
          [
            24.22307,
            14.45964
          ],
          [
            25.14285,
            14.36945
          ],
          [
            24.54039,
            13.20168
          ],
          [
            23.9347,
            12.03606
          ],
          [
            24.16763,
            11.04117
          ]
        ]
      }
    },
    {
      "type": "Feature",
      "id": "route:searoutes:402",
      "properties": {
        "id": "route:searoutes:402",
        "group": "searoutes",
        "feature": 1,
        "route_type": "searoute",
        "speed_multiplier": 1.0,
        "allowed_movement_types": [
          "ship",
          "flight"
        ],
        "kind": "searoute",
        "review_status": "candidate"
      },
      "geometry": {
        "type": "LineString",
        "coordinates": [
          [
            26.55732,
            14.52256
          ],
          [
            25.14285,
            14.36945
          ]
        ]
      }
    },
    {
      "type": "Feature",
      "id": "route:searoutes:403",
      "properties": {
        "id": "route:searoutes:403",
        "group": "searoutes",
        "feature": 1,
        "route_type": "searoute",
        "speed_multiplier": 1.0,
        "allowed_movement_types": [
          "ship",
          "flight"
        ],
        "kind": "searoute",
        "review_status": "candidate"
      },
      "geometry": {
        "type": "LineString",
        "coordinates": [
          [
            23.9347,
            12.03606
          ],
          [
            24.87289,
            10.81402
          ]
        ]
      }
    },
    {
      "type": "Feature",
      "id": "route:searoutes:404",
      "properties": {
        "id": "route:searoutes:404",
        "group": "searoutes",
        "feature": 1,
        "route_type": "searoute",
        "speed_multiplier": 1.0,
        "allowed_movement_types": [
          "ship",
          "flight"
        ],
        "kind": "searoute",
        "review_status": "candidate"
      },
      "geometry": {
        "type": "LineString",
        "coordinates": [
          [
            23.9347,
            12.03606
          ],
          [
            25.22914,
            11.4103
          ],
          [
            26.51742,
            10.77196
          ],
          [
            27.33773,
            11.50119
          ],
          [
            28.19467,
            12.18702
          ],
          [
            28.59262,
            11.14909
          ],
          [
            28.93624,
            10.09193
          ],
          [
            30.42268,
            11.44848
          ],
          [
            31.86908,
            12.84764
          ]
        ]
      }
    },
    {
      "type": "Feature",
      "id": "route:searoutes:405",
      "properties": {
        "id": "route:searoutes:405",
        "group": "searoutes",
        "feature": 1,
        "route_type": "searoute",
        "speed_multiplier": 1.0,
        "allowed_movement_types": [
          "ship",
          "flight"
        ],
        "kind": "searoute",
        "review_status": "candidate"
      },
      "geometry": {
        "type": "LineString",
        "coordinates": [
          [
            22.37931,
            14.58654
          ],
          [
            21.22469,
            14.7862
          ],
          [
            20.05338,
            14.85392
          ],
          [
            18.89542,
            15.0272
          ],
          [
            18.04698,
            14.96957
          ],
          [
            17.2129,
            14.79572
          ],
          [
            16.36733,
            14.71486
          ],
          [
            16.06305,
            14.60987
          ],
          [
            15.7685,
            14.47951
          ],
          [
            15.46616,
            14.36945
          ],
          [
            14.29935,
            13.77676
          ],
          [
            13.13254,
            13.18514
          ],
          [
            12.34029,
            11.8107
          ],
          [
            12.72132,
            9.38099
          ],
          [
            13.89675,
            8.32752
          ],
          [
            16.05711,
            7.09505
          ],
          [
            18.21532,
            5.86006
          ],
          [
            19.35121,
            4.40727
          ],
          [
            19.4648,
            2.86462
          ],
          [
            19.5766,
            1.31981
          ],
          [
            21.17943,
            -0.00719
          ],
          [
            22.78011,
            -1.33634
          ],
          [
            23.74598,
            -2.58067
          ],
          [
            24.7097,
            -3.8232
          ],
          [
            26.51383,
            -3.54573
          ],
          [
            26.80463,
            -1.55954
          ]
        ]
      }
    },
    {
      "type": "Feature",
      "id": "route:searoutes:406",
      "properties": {
        "id": "route:searoutes:406",
        "group": "searoutes",
        "feature": 1,
        "route_type": "searoute",
        "speed_multiplier": 1.0,
        "allowed_movement_types": [
          "ship",
          "flight"
        ],
        "kind": "searoute",
        "review_status": "candidate"
      },
      "geometry": {
        "type": "LineString",
        "coordinates": [
          [
            32.26089,
            13.90543
          ],
          [
            32.03716,
            13.38684
          ],
          [
            31.86908,
            12.84764
          ]
        ]
      }
    },
    {
      "type": "Feature",
      "id": "route:searoutes:407",
      "properties": {
        "id": "route:searoutes:407",
        "group": "searoutes",
        "feature": 1,
        "route_type": "searoute",
        "speed_multiplier": 1.0,
        "allowed_movement_types": [
          "ship",
          "flight"
        ],
        "kind": "searoute",
        "review_status": "candidate"
      },
      "geometry": {
        "type": "LineString",
        "coordinates": [
          [
            32.26089,
            13.90543
          ],
          [
            32.52009,
            15.94024
          ],
          [
            32.8389,
            17.96657
          ],
          [
            34.37469,
            17.79721
          ],
          [
            35.90259,
            17.56725
          ],
          [
            36.41092,
            16.84358
          ],
          [
            36.96936,
            16.15644
          ],
          [
            37.46516,
            15.42364
          ],
          [
            37.57399,
            14.14316
          ],
          [
            37.74547,
            12.86878
          ],
          [
            37.83864,
            11.58678
          ],
          [
            38.33222,
            11.60919
          ],
          [
            38.82084,
            11.69531
          ],
          [
            39.31567,
            11.7018
          ],
          [
            39.43343,
            10.96447
          ],
          [
            39.61502,
            10.23876
          ],
          [
            39.71682,
            9.49852
          ],
          [
            40.88281,
            9.05808
          ],
          [
            42.07127,
            8.67957
          ],
          [
            43.23163,
            8.22364
          ],
          [
            44.22511,
            7.80186
          ],
          [
            45.2438,
            7.44212
          ],
          [
            46.23097,
            7.00483
          ],
          [
            46.95814,
            7.06375
          ],
          [
            47.67822,
            7.19036
          ],
          [
            48.40715,
            7.23235
          ]
        ]
      }
    },
    {
      "type": "Feature",
      "id": "route:searoutes:408",
      "properties": {
        "id": "route:searoutes:408",
        "group": "searoutes",
        "feature": 1,
        "route_type": "searoute",
        "speed_multiplier": 1.0,
        "allowed_movement_types": [
          "ship",
          "flight"
        ],
        "kind": "searoute",
        "review_status": "candidate"
      },
      "geometry": {
        "type": "LineString",
        "coordinates": [
          [
            3.66938,
            38.67412
          ],
          [
            2.54786,
            40.34006
          ],
          [
            1.35804,
            38.45415
          ],
          [
            0.39181,
            37.39097
          ],
          [
            -0.57729,
            36.32564
          ],
          [
            -1.46301,
            35.02955
          ],
          [
            -2.09745,
            35.52664
          ]
        ]
      }
    },
    {
      "type": "Feature",
      "id": "route:searoutes:409",
      "properties": {
        "id": "route:searoutes:409",
        "group": "searoutes",
        "feature": 1,
        "route_type": "searoute",
        "speed_multiplier": 1.0,
        "allowed_movement_types": [
          "ship",
          "flight"
        ],
        "kind": "searoute",
        "review_status": "candidate"
      },
      "geometry": {
        "type": "LineString",
        "coordinates": [
          [
            3.96341,
            39.45946
          ],
          [
            2.54786,
            40.34006
          ],
          [
            4.03207,
            40.93275
          ]
        ]
      }
    },
    {
      "type": "Feature",
      "id": "route:searoutes:410",
      "properties": {
        "id": "route:searoutes:410",
        "group": "searoutes",
        "feature": 1,
        "route_type": "searoute",
        "speed_multiplier": 1.0,
        "allowed_movement_types": [
          "ship",
          "flight"
        ],
        "kind": "searoute",
        "review_status": "candidate"
      },
      "geometry": {
        "type": "LineString",
        "coordinates": [
          [
            -1.46301,
            35.02955
          ],
          [
            -2.34764,
            33.7367
          ],
          [
            -1.28795,
            31.6754
          ],
          [
            0.89865,
            30.40735
          ],
          [
            3.08597,
            29.13786
          ],
          [
            3.53482,
            30.14765
          ],
          [
            3.96881,
            31.16397
          ],
          [
            4.42137,
            32.17212
          ],
          [
            5.17818,
            33.11133
          ],
          [
            5.88312,
            34.09117
          ],
          [
            6.6529,
            35.02021
          ],
          [
            7.91389,
            35.25131
          ],
          [
            9.16194,
            35.5481
          ],
          [
            10.42616,
            35.76278
          ],
          [
            10.75195,
            36.63893
          ],
          [
            11.01352,
            37.53764
          ],
          [
            11.35537,
            38.40815
          ]
        ]
      }
    },
    {
      "type": "Feature",
      "id": "route:searoutes:411",
      "properties": {
        "id": "route:searoutes:411",
        "group": "searoutes",
        "feature": 1,
        "route_type": "searoute",
        "speed_multiplier": 1.0,
        "allowed_movement_types": [
          "ship",
          "flight"
        ],
        "kind": "searoute",
        "review_status": "candidate"
      },
      "geometry": {
        "type": "LineString",
        "coordinates": [
          [
            46.77268,
            -10.57931
          ],
          [
            46.26959,
            -11.72263
          ],
          [
            45.8404,
            -12.89623
          ],
          [
            45.35209,
            -14.04561
          ],
          [
            44.93023,
            -15.01176
          ],
          [
            44.58139,
            -16.00722
          ],
          [
            44.17414,
            -16.97923
          ],
          [
            43.79641,
            -17.29771
          ],
          [
            43.4314,
            -17.6308
          ],
          [
            43.05622,
            -17.9522
          ],
          [
            41.19601,
            -17.93423
          ],
          [
            40.37104,
            -16.79593
          ],
          [
            39.54356,
            -15.65547
          ],
          [
            39.54428,
            -13.95647
          ],
          [
            39.54141,
            -12.25675
          ],
          [
            38.58488,
            -11.53395
          ],
          [
            38.85052,
            -9.59665
          ],
          [
            39.11329,
            -7.65791
          ],
          [
            38.72148,
            -7.50515
          ],
          [
            37.64633,
            -6.71046
          ],
          [
            36.56831,
            -5.91577
          ],
          [
            35.2534,
            -5.9722
          ],
          [
            33.3364,
            -5.22244
          ],
          [
            32.68326,
            -3.01629
          ],
          [
            30.18069,
            -2.86318
          ],
          [
            28.34708,
            -3.20607
          ],
          [
            26.51383,
            -3.54573
          ]
        ]
      }
    },
    {
      "type": "Feature",
      "id": "route:searoutes:412",
      "properties": {
        "id": "route:searoutes:412",
        "group": "searoutes",
        "feature": 1,
        "route_type": "searoute",
        "speed_multiplier": 1.0,
        "allowed_movement_types": [
          "ship",
          "flight"
        ],
        "kind": "searoute",
        "review_status": "candidate"
      },
      "geometry": {
        "type": "LineString",
        "coordinates": [
          [
            -1.28795,
            31.6754
          ],
          [
            -1.61146,
            29.5095
          ],
          [
            -2.89006,
            28.76118
          ],
          [
            -4.16903,
            28.00998
          ],
          [
            -5.58494,
            27.95212
          ],
          [
            -7.29705,
            27.39177
          ],
          [
            -9.77913,
            28.05024
          ],
          [
            -11.72921,
            28.90495
          ],
          [
            -12.28997,
            30.87101
          ],
          [
            -10.89957,
            31.98415
          ],
          [
            -10.70474,
            34.10942
          ],
          [
            -10.51027,
            36.2365
          ],
          [
            -10.76585,
            38.84665
          ],
          [
            -9.9736,
            40.4903
          ],
          [
            -11.52324,
            42.01785
          ],
          [
            -12.92693,
            42.83518
          ],
          [
            -13.54808,
            44.46805
          ],
          [
            -14.16671,
            46.09912
          ],
          [
            -14.11998,
            47.10731
          ],
          [
            -11.87299,
            48.11621
          ],
          [
            -9.62564,
            49.12512
          ],
          [
            -8.41857,
            49.91334
          ],
          [
            -7.21438,
            50.6994
          ],
          [
            -5.50406,
            51.57999
          ],
          [
            -4.77506,
            51.00697
          ],
          [
            -4.03271,
            50.45112
          ],
          [
            -3.30704,
            49.8738
          ],
          [
            -2.89736,
            49.91174
          ],
          [
            -2.50163,
            50.04233
          ],
          [
            -2.08847,
            50.05711
          ],
          [
            -1.51264,
            50.07131
          ],
          [
            -0.94436,
            50.19164
          ],
          [
            -0.36665,
            50.17931
          ],
          [
            0.38783,
            49.39789
          ],
          [
            1.16783,
            48.64152
          ],
          [
            1.91593,
            47.85383
          ],
          [
            1.37342,
            47.18677
          ],
          [
            0.84417,
            46.50904
          ],
          [
            0.29835,
            45.84465
          ]
        ]
      }
    },
    {
      "type": "Feature",
      "id": "route:searoutes:413",
      "properties": {
        "id": "route:searoutes:413",
        "group": "searoutes",
        "feature": 1,
        "route_type": "searoute",
        "speed_multiplier": 1.0,
        "allowed_movement_types": [
          "ship",
          "flight"
        ],
        "kind": "searoute",
        "review_status": "candidate"
      },
      "geometry": {
        "type": "LineString",
        "coordinates": [
          [
            -12.28997,
            30.87101
          ],
          [
            -13.67964,
            29.75859
          ],
          [
            -16.25769,
            30.69597
          ],
          [
            -22.72583,
            27.90503
          ],
          [
            -25.59972,
            29.4351
          ],
          [
            -26.93799,
            30.3103
          ],
          [
            -28.2795,
            31.18874
          ],
          [
            -29.18354,
            30.65068
          ]
        ]
      }
    },
    {
      "type": "Feature",
      "id": "route:searoutes:414",
      "properties": {
        "id": "route:searoutes:414",
        "group": "searoutes",
        "feature": 1,
        "route_type": "searoute",
        "speed_multiplier": 1.0,
        "allowed_movement_types": [
          "ship",
          "flight"
        ],
        "kind": "searoute",
        "review_status": "candidate"
      },
      "geometry": {
        "type": "LineString",
        "coordinates": [
          [
            2.42564,
            26.07053
          ],
          [
            2.13699,
            26.52987
          ],
          [
            2.61328,
            27.83387
          ],
          [
            3.08597,
            29.13786
          ]
        ]
      }
    },
    {
      "type": "Feature",
      "id": "route:searoutes:415",
      "properties": {
        "id": "route:searoutes:415",
        "group": "searoutes",
        "feature": 1,
        "route_type": "searoute",
        "speed_multiplier": 1.0,
        "allowed_movement_types": [
          "ship",
          "flight"
        ],
        "kind": "searoute",
        "review_status": "candidate"
      },
      "geometry": {
        "type": "LineString",
        "coordinates": [
          [
            13.13254,
            13.18514
          ],
          [
            11.16126,
            13.20887
          ],
          [
            9.67668,
            15.3248
          ],
          [
            8.33949,
            15.39417
          ],
          [
            6.99978,
            15.46641
          ],
          [
            6.0677,
            16.95407
          ],
          [
            5.1349,
            18.44389
          ],
          [
            3.62372,
            19.05527
          ],
          [
            2.34368,
            19.98403
          ],
          [
            1.06113,
            20.91422
          ],
          [
            0.23221,
            22.19089
          ],
          [
            0.35946,
            23.7472
          ],
          [
            0.48455,
            25.30136
          ],
          [
            2.13699,
            26.52987
          ]
        ]
      }
    },
    {
      "type": "Feature",
      "id": "route:searoutes:416",
      "properties": {
        "id": "route:searoutes:416",
        "group": "searoutes",
        "feature": 1,
        "route_type": "searoute",
        "speed_multiplier": 1.0,
        "allowed_movement_types": [
          "ship",
          "flight"
        ],
        "kind": "searoute",
        "review_status": "candidate"
      },
      "geometry": {
        "type": "LineString",
        "coordinates": [
          [
            43.05622,
            -17.9522
          ],
          [
            42.7363,
            -19.6857
          ],
          [
            42.41278,
            -21.42173
          ],
          [
            43.43077,
            -22.38067
          ],
          [
            44.77875,
            -23.0625
          ],
          [
            46.26836,
            -22.08882
          ]
        ]
      }
    },
    {
      "type": "Feature",
      "id": "route:searoutes:417",
      "properties": {
        "id": "route:searoutes:417",
        "group": "searoutes",
        "feature": 1,
        "route_type": "searoute",
        "speed_multiplier": 1.0,
        "allowed_movement_types": [
          "ship",
          "flight"
        ],
        "kind": "searoute",
        "review_status": "candidate"
      },
      "geometry": {
        "type": "LineString",
        "coordinates": [
          [
            62.73741,
            -22.31849
          ],
          [
            63.50071,
            -22.02478
          ],
          [
            64.23989,
            -21.67189
          ],
          [
            65.00921,
            -21.39297
          ],
          [
            66.02503,
            -21.13883
          ],
          [
            67.02413,
            -20.82201
          ],
          [
            68.04413,
            -20.58355
          ],
          [
            68.85621,
            -20.13621
          ],
          [
            69.63547,
            -19.63173
          ],
          [
            70.45576,
            -19.19868
          ]
        ]
      }
    },
    {
      "type": "Feature",
      "id": "route:searoutes:418",
      "properties": {
        "id": "route:searoutes:418",
        "group": "searoutes",
        "feature": 1,
        "route_type": "searoute",
        "speed_multiplier": 1.0,
        "allowed_movement_types": [
          "ship",
          "flight"
        ],
        "kind": "searoute",
        "review_status": "candidate"
      },
      "geometry": {
        "type": "LineString",
        "coordinates": [
          [
            60.12953,
            -30.04038
          ],
          [
            60.83912,
            -29.37957
          ],
          [
            61.58894,
            -28.76478
          ],
          [
            61.9035,
            -28.09487
          ],
          [
            62.16138,
            -27.39979
          ],
          [
            62.4901,
            -26.73618
          ],
          [
            62.58825,
            -25.2645
          ],
          [
            62.62355,
            -23.7893
          ],
          [
            62.73741,
            -22.31849
          ]
        ]
      }
    },
    {
      "type": "Feature",
      "id": "route:searoutes:419",
      "properties": {
        "id": "route:searoutes:419",
        "group": "searoutes",
        "feature": 1,
        "route_type": "searoute",
        "speed_multiplier": 1.0,
        "allowed_movement_types": [
          "ship",
          "flight"
        ],
        "kind": "searoute",
        "review_status": "candidate"
      },
      "geometry": {
        "type": "LineString",
        "coordinates": [
          [
            -25.59972,
            29.4351
          ],
          [
            -26.08823,
            26.95112
          ],
          [
            -25.84523,
            25.54792
          ],
          [
            -25.60583,
            24.14473
          ],
          [
            -25.09468,
            21.80164
          ],
          [
            -24.22406,
            20.59864
          ],
          [
            -23.35309,
            19.39637
          ],
          [
            -23.18522,
            17.60823
          ],
          [
            -23.01484,
            15.82045
          ],
          [
            -21.48138,
            14.39856
          ],
          [
            -21.58346,
            13.09457
          ],
          [
            -21.95946,
            11.37939
          ],
          [
            -24.53679,
            10.02436
          ],
          [
            -26.73634,
            10.37839
          ],
          [
            -28.86075,
            10.50168
          ],
          [
            -30.69472,
            11.96202
          ],
          [
            -30.60809,
            13.55391
          ],
          [
            -30.51822,
            15.14688
          ],
          [
            -30.91722,
            16.45807
          ],
          [
            -31.31335,
            17.76961
          ],
          [
            -32.93739,
            18.0611
          ],
          [
            -34.56431,
            18.35296
          ],
          [
            -36.56363,
            16.78802
          ],
          [
            -38.1999,
            17.64776
          ],
          [
            -39.83724,
            18.50607
          ],
          [
            -40.74093,
            19.63826
          ],
          [
            -40.74488,
            21.47564
          ],
          [
            -40.74812,
            23.31266
          ],
          [
            -40.6162,
            25.7528
          ],
          [
            -39.13701,
            26.60607
          ],
          [
            -39.00617,
            28.85931
          ]
        ]
      }
    },
    {
      "type": "Feature",
      "id": "route:searoutes:420",
      "properties": {
        "id": "route:searoutes:420",
        "group": "searoutes",
        "feature": 1,
        "route_type": "searoute",
        "speed_multiplier": 1.0,
        "allowed_movement_types": [
          "ship",
          "flight"
        ],
        "kind": "searoute",
        "review_status": "candidate"
      },
      "geometry": {
        "type": "LineString",
        "coordinates": [
          [
            -37.35085,
            23.99413
          ],
          [
            -38.1485,
            25.12991
          ],
          [
            -39.13701,
            26.60607
          ]
        ]
      }
    },
    {
      "type": "Feature",
      "id": "route:searoutes:421",
      "properties": {
        "id": "route:searoutes:421",
        "group": "searoutes",
        "feature": 1,
        "route_type": "searoute",
        "speed_multiplier": 1.0,
        "allowed_movement_types": [
          "ship",
          "flight"
        ],
        "kind": "searoute",
        "review_status": "candidate"
      },
      "geometry": {
        "type": "LineString",
        "coordinates": [
          [
            -34.59774,
            19.75831
          ],
          [
            -34.56431,
            18.35296
          ]
        ]
      }
    },
    {
      "type": "Feature",
      "id": "route:searoutes:422",
      "properties": {
        "id": "route:searoutes:422",
        "group": "searoutes",
        "feature": 1,
        "route_type": "searoute",
        "speed_multiplier": 1.0,
        "allowed_movement_types": [
          "ship",
          "flight"
        ],
        "kind": "searoute",
        "review_status": "candidate"
      },
      "geometry": {
        "type": "LineString",
        "coordinates": [
          [
            60.12953,
            -30.04038
          ],
          [
            59.15261,
            -30.09485
          ],
          [
            58.18089,
            -30.20931
          ],
          [
            57.05413,
            -31.60449
          ],
          [
            55.97416,
            -33.03618
          ],
          [
            55.2989,
            -33.76736
          ],
          [
            54.63445,
            -34.50839
          ],
          [
            53.72142,
            -32.377
          ],
          [
            54.03271,
            -30.96589
          ],
          [
            54.78686,
            -30.56118
          ]
        ]
      }
    },
    {
      "type": "Feature",
      "id": "route:searoutes:423",
      "properties": {
        "id": "route:searoutes:423",
        "group": "searoutes",
        "feature": 1,
        "route_type": "searoute",
        "speed_multiplier": 1.0,
        "allowed_movement_types": [
          "ship",
          "flight"
        ],
        "kind": "searoute",
        "review_status": "candidate"
      },
      "geometry": {
        "type": "LineString",
        "coordinates": [
          [
            54.03271,
            -30.96589
          ],
          [
            52.28717,
            -30.70208
          ],
          [
            50.35722,
            -29.47931
          ],
          [
            48.85791,
            -28.78634
          ],
          [
            47.35788,
            -28.0905
          ],
          [
            46.72631,
            -26.84185
          ],
          [
            46.09761,
            -25.59429
          ],
          [
            45.43944,
            -24.32947
          ],
          [
            44.77875,
            -23.0625
          ]
        ]
      }
    },
    {
      "type": "Feature",
      "id": "route:searoutes:424",
      "properties": {
        "id": "route:searoutes:424",
        "group": "searoutes",
        "feature": 1,
        "route_type": "searoute",
        "speed_multiplier": 1.0,
        "allowed_movement_types": [
          "ship",
          "flight"
        ],
        "kind": "searoute",
        "review_status": "candidate"
      },
      "geometry": {
        "type": "LineString",
        "coordinates": [
          [
            54.63445,
            -34.50839
          ],
          [
            55.86237,
            -35.22508
          ],
          [
            56.47848,
            -36.83027
          ],
          [
            57.09568,
            -38.43259
          ],
          [
            59.48717,
            -40.5
          ],
          [
            59.16725,
            -41.63578
          ],
          [
            60.83155,
            -42.86681
          ],
          [
            60.3355,
            -45.0
          ],
          [
            59.8416,
            -47.13103
          ],
          [
            59.70752,
            -48.47312
          ],
          [
            60.49366,
            -49.67612
          ],
          [
            61.28124,
            -50.87696
          ],
          [
            61.70073,
            -52.99253
          ],
          [
            62.90169,
            -52.80168
          ],
          [
            64.2644,
            -53.58307
          ],
          [
            65.6282,
            -54.36733
          ],
          [
            67.08977,
            -55.38379
          ],
          [
            68.54846,
            -56.40132
          ],
          [
            70.68078,
            -55.00639
          ],
          [
            70.71349,
            -53.24125
          ],
          [
            70.28178,
            -51.84345
          ],
          [
            69.84647,
            -50.44744
          ],
          [
            68.78283,
            -49.22684
          ],
          [
            69.41548,
            -47.07388
          ],
          [
            71.11716,
            -46.13614
          ],
          [
            72.61108,
            -45.39896
          ],
          [
            74.10428,
            -44.66034
          ],
          [
            75.52272,
            -43.78155
          ],
          [
            76.93827,
            -42.90096
          ],
          [
            78.81825,
            -41.58618
          ],
          [
            80.38083,
            -41.97328
          ],
          [
            82.30574,
            -41.53874
          ],
          [
            84.23353,
            -41.10383
          ],
          [
            86.42588,
            -40.26565
          ],
          [
            87.98522,
            -40.87021
          ],
          [
            89.5442,
            -41.47117
          ],
          [
            91.55862,
            -40.47843
          ],
          [
            91.62656,
            -38.99401
          ],
          [
            91.69306,
            -37.51174
          ],
          [
            91.35586,
            -36.76054
          ],
          [
            91.0039,
            -36.01606
          ],
          [
            90.67039,
            -35.26318
          ],
          [
            89.94664,
            -34.874
          ],
          [
            89.19285,
            -34.54346
          ],
          [
            88.47661,
            -34.13962
          ],
          [
            87.75654,
            -33.28555
          ],
          [
            86.98593,
            -32.47539
          ],
          [
            86.2785,
            -31.61034
          ],
          [
            86.25356,
            -30.74067
          ],
          [
            86.16063,
            -29.87428
          ],
          [
            86.15269,
            -29.00379
          ],
          [
            86.11174,
            -28.02106
          ],
          [
            86.00166,
            -27.04243
          ],
          [
            85.97799,
            -26.05867
          ]
        ]
      }
    },
    {
      "type": "Feature",
      "id": "route:searoutes:425",
      "properties": {
        "id": "route:searoutes:425",
        "group": "searoutes",
        "feature": 1,
        "route_type": "searoute",
        "speed_multiplier": 1.0,
        "allowed_movement_types": [
          "ship",
          "flight"
        ],
        "kind": "searoute",
        "review_status": "candidate"
      },
      "geometry": {
        "type": "LineString",
        "coordinates": [
          [
            92.215,
            2.95232
          ],
          [
            92.34867,
            4.0175
          ],
          [
            92.4207,
            5.08952
          ],
          [
            92.56979,
            6.153
          ],
          [
            93.12448,
            7.38661
          ],
          [
            93.62147,
            8.64536
          ],
          [
            94.19059,
            9.87268
          ]
        ]
      }
    },
    {
      "type": "Feature",
      "id": "route:searoutes:426",
      "properties": {
        "id": "route:searoutes:426",
        "group": "searoutes",
        "feature": 1,
        "route_type": "searoute",
        "speed_multiplier": 1.0,
        "allowed_movement_types": [
          "ship",
          "flight"
        ],
        "kind": "searoute",
        "review_status": "candidate"
      },
      "geometry": {
        "type": "LineString",
        "coordinates": [
          [
            87.15415,
            13.82312
          ],
          [
            87.81571,
            14.03595
          ],
          [
            88.44783,
            14.32713
          ],
          [
            89.1035,
            14.55563
          ],
          [
            89.41445,
            14.27192
          ],
          [
            89.77599,
            14.05322
          ],
          [
            90.09705,
            13.78251
          ],
          [
            90.27201,
            13.2652
          ],
          [
            90.52211,
            12.77838
          ],
          [
            90.71209,
            12.26717
          ],
          [
            91.85348,
            11.4427
          ],
          [
            93.04015,
            10.684
          ],
          [
            94.19059,
            9.87268
          ]
        ]
      }
    },
    {
      "type": "Feature",
      "id": "route:searoutes:427",
      "properties": {
        "id": "route:searoutes:427",
        "group": "searoutes",
        "feature": 1,
        "route_type": "searoute",
        "speed_multiplier": 1.0,
        "allowed_movement_types": [
          "ship",
          "flight"
        ],
        "kind": "searoute",
        "review_status": "candidate"
      },
      "geometry": {
        "type": "LineString",
        "coordinates": [
          [
            -52.37775,
            7.41709
          ],
          [
            -51.28104,
            7.13602
          ],
          [
            -49.65951,
            7.1274
          ],
          [
            -48.04086,
            7.11877
          ],
          [
            -46.84853,
            8.73762
          ],
          [
            -45.6544,
            10.35395
          ],
          [
            -46.47001,
            12.75312
          ],
          [
            -46.17274,
            14.36621
          ],
          [
            -45.87798,
            15.98075
          ],
          [
            -46.29208,
            17.12085
          ],
          [
            -47.75401,
            17.30272
          ],
          [
            -50.13759,
            17.01518
          ],
          [
            -52.51794,
            16.73051
          ],
          [
            -54.30015,
            17.2488
          ],
          [
            -56.35986,
            16.17053
          ],
          [
            -56.63665,
            14.56749
          ],
          [
            -55.98458,
            13.93958
          ]
        ]
      }
    },
    {
      "type": "Feature",
      "id": "route:searoutes:428",
      "properties": {
        "id": "route:searoutes:428",
        "group": "searoutes",
        "feature": 1,
        "route_type": "searoute",
        "speed_multiplier": 1.0,
        "allowed_movement_types": [
          "ship",
          "flight"
        ],
        "kind": "searoute",
        "review_status": "candidate"
      },
      "geometry": {
        "type": "LineString",
        "coordinates": [
          [
            60.83155,
            -42.86681
          ],
          [
            62.57494,
            -43.77939
          ]
        ]
      }
    },
    {
      "type": "Feature",
      "id": "route:searoutes:429",
      "properties": {
        "id": "route:searoutes:429",
        "group": "searoutes",
        "feature": 1,
        "route_type": "searoute",
        "speed_multiplier": 1.0,
        "allowed_movement_types": [
          "ship",
          "flight"
        ],
        "kind": "searoute",
        "review_status": "candidate"
      },
      "geometry": {
        "type": "LineString",
        "coordinates": [
          [
            93.0662,
            33.14904
          ],
          [
            93.27364,
            33.67974
          ],
          [
            93.40012,
            34.23663
          ],
          [
            93.59137,
            34.77256
          ],
          [
            94.69764,
            34.96344
          ],
          [
            95.78722,
            35.23633
          ],
          [
            96.89014,
            35.44361
          ],
          [
            97.59145,
            35.43356
          ],
          [
            98.29007,
            35.50584
          ],
          [
            98.99083,
            35.51226
          ],
          [
            100.01122,
            36.13306
          ],
          [
            100.98758,
            36.82197
          ],
          [
            101.99916,
            37.45639
          ],
          [
            102.68654,
            38.28011
          ],
          [
            103.31109,
            39.15315
          ],
          [
            103.9859,
            39.98674
          ],
          [
            104.98814,
            39.9421
          ],
          [
            105.99142,
            39.97612
          ],
          [
            106.99387,
            39.9472
          ],
          [
            107.33272,
            40.33105
          ],
          [
            107.61046,
            40.76257
          ],
          [
            107.93709,
            41.15595
          ],
          [
            108.47588,
            41.53858
          ],
          [
            108.97701,
            41.96933
          ],
          [
            110.57146,
            42.05005
          ],
          [
            112.16507,
            42.14581
          ]
        ]
      }
    },
    {
      "type": "Feature",
      "id": "route:searoutes:430",
      "properties": {
        "id": "route:searoutes:430",
        "group": "searoutes",
        "feature": 1,
        "route_type": "searoute",
        "speed_multiplier": 1.0,
        "allowed_movement_types": [
          "ship",
          "flight"
        ],
        "kind": "searoute",
        "review_status": "candidate"
      },
      "geometry": {
        "type": "LineString",
        "coordinates": [
          [
            92.215,
            2.95232
          ],
          [
            91.34043,
            1.27328
          ],
          [
            90.5205,
            -0.43311
          ],
          [
            91.25943,
            -1.33286
          ],
          [
            92.04389,
            -2.19321
          ],
          [
            92.69053,
            -2.95052
          ],
          [
            93.34838,
            -3.69812
          ],
          [
            93.98035,
            -4.65485
          ],
          [
            94.62446,
            -5.60343
          ],
          [
            94.32916,
            -6.72593
          ],
          [
            94.08995,
            -7.8617
          ],
          [
            93.45895,
            -8.47612
          ],
          [
            92.83794,
            -9.10064
          ],
          [
            91.43353,
            -8.35986
          ],
          [
            90.79477,
            -6.97931
          ]
        ]
      }
    },
    {
      "type": "Feature",
      "id": "route:searoutes:431",
      "properties": {
        "id": "route:searoutes:431",
        "group": "searoutes",
        "feature": 1,
        "route_type": "searoute",
        "speed_multiplier": 1.0,
        "allowed_movement_types": [
          "ship",
          "flight"
        ],
        "kind": "searoute",
        "review_status": "candidate"
      },
      "geometry": {
        "type": "LineString",
        "coordinates": [
          [
            95.00765,
            -8.84077
          ],
          [
            94.23984,
            -9.83998
          ],
          [
            92.83794,
            -9.10064
          ]
        ]
      }
    },
    {
      "type": "Feature",
      "id": "route:searoutes:432",
      "properties": {
        "id": "route:searoutes:432",
        "group": "searoutes",
        "feature": 1,
        "route_type": "searoute",
        "speed_multiplier": 1.0,
        "allowed_movement_types": [
          "ship",
          "flight"
        ],
        "kind": "searoute",
        "review_status": "candidate"
      },
      "geometry": {
        "type": "LineString",
        "coordinates": [
          [
            -26.90348,
            -50.52436
          ],
          [
            -25.39591,
            -50.73139
          ],
          [
            -23.36244,
            -51.62528
          ],
          [
            -21.90195,
            -50.02476
          ],
          [
            -20.44038,
            -48.42532
          ],
          [
            -19.08018,
            -48.23482
          ],
          [
            -17.71962,
            -48.04397
          ],
          [
            -14.18073,
            -47.87181
          ],
          [
            -13.01248,
            -46.83055
          ],
          [
            -11.57464,
            -47.36502
          ],
          [
            -10.14003,
            -47.9002
          ],
          [
            -8.6666,
            -48.13059
          ],
          [
            -7.19461,
            -48.35919
          ],
          [
            -5.30924,
            -47.86605
          ],
          [
            -4.15177,
            -46.33706
          ],
          [
            -4.1967,
            -44.39329
          ],
          [
            -3.71323,
            -42.91174
          ],
          [
            -3.23047,
            -41.42839
          ],
          [
            -1.44503,
            -40.73003
          ],
          [
            0.34221,
            -40.0349
          ],
          [
            1.21462,
            -38.69173
          ],
          [
            2.03455,
            -36.89497
          ],
          [
            2.85448,
            -35.09497
          ],
          [
            3.48641,
            -34.38546
          ],
          [
            3.64493,
            -32.8155
          ],
          [
            3.80633,
            -31.24625
          ],
          [
            2.69955,
            -29.66334
          ],
          [
            1.59349,
            -28.07863
          ],
          [
            2.55433,
            -26.74948
          ],
          [
            2.81458,
            -25.20647
          ],
          [
            5.36423,
            -25.28231
          ],
          [
            6.12773,
            -25.08966
          ],
          [
            8.13711,
            -24.1149
          ],
          [
            9.83485,
            -23.94129
          ],
          [
            10.73602,
            -22.8357
          ],
          [
            13.00565,
            -23.41833
          ],
          [
            13.97584,
            -22.03994
          ],
          [
            14.94243,
            -20.66046
          ],
          [
            16.19011,
            -19.82588
          ],
          [
            17.43637,
            -18.99345
          ],
          [
            17.21098,
            -17.37819
          ],
          [
            18.44393,
            -15.23243
          ],
          [
            19.90299,
            -14.70407
          ],
          [
            21.91633,
            -13.39972
          ],
          [
            23.85418,
            -10.45783
          ],
          [
            26.38766,
            -6.3345
          ],
          [
            26.51383,
            -3.54573
          ]
        ]
      }
    },
    {
      "type": "Feature",
      "id": "route:searoutes:433",
      "properties": {
        "id": "route:searoutes:433",
        "group": "searoutes",
        "feature": 1,
        "route_type": "searoute",
        "speed_multiplier": 1.0,
        "allowed_movement_types": [
          "ship",
          "flight"
        ],
        "kind": "searoute",
        "review_status": "candidate"
      },
      "geometry": {
        "type": "LineString",
        "coordinates": [
          [
            68.78283,
            -49.22684
          ],
          [
            67.71702,
            -48.00946
          ],
          [
            66.71952,
            -47.50735
          ]
        ]
      }
    },
    {
      "type": "Feature",
      "id": "route:searoutes:434",
      "properties": {
        "id": "route:searoutes:434",
        "group": "searoutes",
        "feature": 1,
        "route_type": "searoute",
        "speed_multiplier": 1.0,
        "allowed_movement_types": [
          "ship",
          "flight"
        ],
        "kind": "searoute",
        "review_status": "candidate"
      },
      "geometry": {
        "type": "LineString",
        "coordinates": [
          [
            93.85666,
            -15.68566
          ],
          [
            94.23409,
            -14.76805
          ],
          [
            95.65612,
            -15.26118
          ],
          [
            97.07635,
            -15.75216
          ],
          [
            97.89592,
            -18.01653
          ],
          [
            98.62886,
            -19.13938
          ],
          [
            99.35964,
            -20.25899
          ],
          [
            101.18211,
            -21.49972
          ],
          [
            102.77703,
            -21.54752
          ],
          [
            104.37232,
            -21.5982
          ],
          [
            104.88019,
            -22.24608
          ],
          [
            105.42263,
            -22.86562
          ],
          [
            105.93741,
            -23.50783
          ],
          [
            106.27331,
            -23.95681
          ],
          [
            106.70766,
            -24.31638
          ],
          [
            107.06325,
            -24.74748
          ],
          [
            106.66167,
            -25.59787
          ],
          [
            106.36837,
            -26.49292
          ],
          [
            105.98846,
            -27.35224
          ],
          [
            105.19692,
            -28.53953
          ],
          [
            104.49766,
            -29.78435
          ],
          [
            103.72457,
            -30.98315
          ],
          [
            102.69672,
            -31.44266
          ],
          [
            101.71449,
            -31.9949
          ],
          [
            100.69576,
            -32.47296
          ],
          [
            101.07914,
            -33.59329
          ],
          [
            101.55549,
            -34.67828
          ],
          [
            101.95746,
            -35.79153
          ],
          [
            101.61698,
            -36.4353
          ],
          [
            101.29795,
            -37.09006
          ],
          [
            100.96176,
            -37.73602
          ],
          [
            99.5746,
            -37.44058
          ],
          [
            99.00629,
            -38.78554
          ],
          [
            98.44122,
            -40.13375
          ],
          [
            95.79271,
            -39.84944
          ],
          [
            94.66832,
            -38.27804
          ],
          [
            93.17943,
            -37.89417
          ],
          [
            91.69306,
            -37.51174
          ]
        ]
      }
    },
    {
      "type": "Feature",
      "id": "route:searoutes:435",
      "properties": {
        "id": "route:searoutes:435",
        "group": "searoutes",
        "feature": 1,
        "route_type": "searoute",
        "speed_multiplier": 1.0,
        "allowed_movement_types": [
          "ship",
          "flight"
        ],
        "kind": "searoute",
        "review_status": "candidate"
      },
      "geometry": {
        "type": "LineString",
        "coordinates": [
          [
            -55.86884,
            3.82177
          ],
          [
            -55.54856,
            3.19241
          ],
          [
            -56.27718,
            1.56709
          ],
          [
            -57.00725,
            -0.05787
          ],
          [
            -57.10394,
            -1.48442
          ],
          [
            -57.20244,
            -2.91242
          ],
          [
            -58.03854,
            -4.13698
          ],
          [
            -58.68054,
            -3.71933
          ]
        ]
      }
    },
    {
      "type": "Feature",
      "id": "route:searoutes:436",
      "properties": {
        "id": "route:searoutes:436",
        "group": "searoutes",
        "feature": 1,
        "route_type": "searoute",
        "speed_multiplier": 1.0,
        "allowed_movement_types": [
          "ship",
          "flight"
        ],
        "kind": "searoute",
        "review_status": "candidate"
      },
      "geometry": {
        "type": "LineString",
        "coordinates": [
          [
            -51.28104,
            7.13602
          ],
          [
            -52.18652,
            5.20447
          ],
          [
            -53.09236,
            3.27113
          ],
          [
            -55.54856,
            3.19241
          ]
        ]
      }
    },
    {
      "type": "Feature",
      "id": "route:searoutes:437",
      "properties": {
        "id": "route:searoutes:437",
        "group": "searoutes",
        "feature": 1,
        "route_type": "searoute",
        "speed_multiplier": 1.0,
        "allowed_movement_types": [
          "ship",
          "flight"
        ],
        "kind": "searoute",
        "review_status": "candidate"
      },
      "geometry": {
        "type": "LineString",
        "coordinates": [
          [
            -42.73018,
            26.07664
          ],
          [
            -40.6162,
            25.7528
          ]
        ]
      }
    },
    {
      "type": "Feature",
      "id": "route:searoutes:438",
      "properties": {
        "id": "route:searoutes:438",
        "group": "searoutes",
        "feature": 1,
        "route_type": "searoute",
        "speed_multiplier": 1.0,
        "allowed_movement_types": [
          "ship",
          "flight"
        ],
        "kind": "searoute",
        "review_status": "candidate"
      },
      "geometry": {
        "type": "LineString",
        "coordinates": [
          [
            -46.29208,
            17.12085
          ],
          [
            -44.32871,
            17.18878
          ],
          [
            -43.00589,
            17.50399
          ],
          [
            -41.68343,
            17.82101
          ],
          [
            -40.74093,
            19.63826
          ]
        ]
      }
    },
    {
      "type": "Feature",
      "id": "route:searoutes:439",
      "properties": {
        "id": "route:searoutes:439",
        "group": "searoutes",
        "feature": 1,
        "route_type": "searoute",
        "speed_multiplier": 1.0,
        "allowed_movement_types": [
          "ship",
          "flight"
        ],
        "kind": "searoute",
        "review_status": "candidate"
      },
      "geometry": {
        "type": "LineString",
        "coordinates": [
          [
            -60.93652,
            17.05903
          ],
          [
            -59.52959,
            18.05571
          ],
          [
            -60.91782,
            17.9504
          ]
        ]
      }
    },
    {
      "type": "Feature",
      "id": "route:searoutes:440",
      "properties": {
        "id": "route:searoutes:440",
        "group": "searoutes",
        "feature": 1,
        "route_type": "searoute",
        "speed_multiplier": 1.0,
        "allowed_movement_types": [
          "ship",
          "flight"
        ],
        "kind": "searoute",
        "review_status": "candidate"
      },
      "geometry": {
        "type": "LineString",
        "coordinates": [
          [
            -59.52959,
            18.05571
          ],
          [
            -57.80489,
            17.91374
          ],
          [
            -56.35986,
            16.17053
          ]
        ]
      }
    },
    {
      "type": "Feature",
      "id": "route:searoutes:441",
      "properties": {
        "id": "route:searoutes:441",
        "group": "searoutes",
        "feature": 1,
        "route_type": "searoute",
        "speed_multiplier": 1.0,
        "allowed_movement_types": [
          "ship",
          "flight"
        ],
        "kind": "searoute",
        "review_status": "candidate"
      },
      "geometry": {
        "type": "LineString",
        "coordinates": [
          [
            -56.63665,
            14.56749
          ],
          [
            -57.97024,
            12.64421
          ],
          [
            -59.31103,
            12.05871
          ],
          [
            -60.64931,
            11.47644
          ],
          [
            -61.77708,
            12.02774
          ],
          [
            -62.91241,
            12.56346
          ],
          [
            -64.0383,
            13.11865
          ]
        ]
      }
    },
    {
      "type": "Feature",
      "id": "route:searoutes:442",
      "properties": {
        "id": "route:searoutes:442",
        "group": "searoutes",
        "feature": 1,
        "route_type": "searoute",
        "speed_multiplier": 1.0,
        "allowed_movement_types": [
          "ship",
          "flight"
        ],
        "kind": "searoute",
        "review_status": "candidate"
      },
      "geometry": {
        "type": "LineString",
        "coordinates": [
          [
            94.23984,
            -9.83998
          ],
          [
            95.09536,
            -11.58427
          ],
          [
            95.95015,
            -13.32819
          ],
          [
            95.65612,
            -15.26118
          ]
        ]
      }
    },
    {
      "type": "Feature",
      "id": "route:searoutes:443",
      "properties": {
        "id": "route:searoutes:443",
        "group": "searoutes",
        "feature": 1,
        "route_type": "searoute",
        "speed_multiplier": 1.0,
        "allowed_movement_types": [
          "ship",
          "flight"
        ],
        "kind": "searoute",
        "review_status": "candidate"
      },
      "geometry": {
        "type": "LineString",
        "coordinates": [
          [
            95.09536,
            -11.58427
          ],
          [
            95.65803,
            -10.99917
          ],
          [
            96.23161,
            -10.42476
          ],
          [
            96.72555,
            -9.82769
          ],
          [
            97.17092,
            -9.19206
          ],
          [
            97.677,
            -8.60463
          ],
          [
            99.17783,
            -8.79674
          ],
          [
            100.68601,
            -8.92633
          ],
          [
            102.185,
            -9.13407
          ]
        ]
      }
    },
    {
      "type": "Feature",
      "id": "route:searoutes:444",
      "properties": {
        "id": "route:searoutes:444",
        "group": "searoutes",
        "feature": 1,
        "route_type": "searoute",
        "speed_multiplier": 1.0,
        "allowed_movement_types": [
          "ship",
          "flight"
        ],
        "kind": "searoute",
        "review_status": "candidate"
      },
      "geometry": {
        "type": "LineString",
        "coordinates": [
          [
            97.89592,
            -18.01653
          ],
          [
            96.87181,
            -18.16246
          ]
        ]
      }
    },
    {
      "type": "Feature",
      "id": "route:searoutes:445",
      "properties": {
        "id": "route:searoutes:445",
        "group": "searoutes",
        "feature": 1,
        "route_type": "searoute",
        "speed_multiplier": 1.0,
        "allowed_movement_types": [
          "ship",
          "flight"
        ],
        "kind": "searoute",
        "review_status": "candidate"
      },
      "geometry": {
        "type": "LineString",
        "coordinates": [
          [
            -63.2252,
            29.69425
          ],
          [
            -62.20459,
            31.39906
          ],
          [
            -61.19712,
            33.11166
          ],
          [
            -60.25282,
            34.0627
          ],
          [
            -59.31211,
            35.01589
          ],
          [
            -57.4404,
            34.65144
          ]
        ]
      }
    },
    {
      "type": "Feature",
      "id": "route:searoutes:446",
      "properties": {
        "id": "route:searoutes:446",
        "group": "searoutes",
        "feature": 1,
        "route_type": "searoute",
        "speed_multiplier": 1.0,
        "allowed_movement_types": [
          "ship",
          "flight"
        ],
        "kind": "searoute",
        "review_status": "candidate"
      },
      "geometry": {
        "type": "LineString",
        "coordinates": [
          [
            -60.64931,
            11.47644
          ],
          [
            -61.71498,
            11.57525
          ],
          [
            -62.78213,
            11.6574
          ],
          [
            -63.84743,
            11.76038
          ],
          [
            -64.88481,
            11.82243
          ],
          [
            -65.92515,
            11.81648
          ],
          [
            -66.9618,
            11.89553
          ],
          [
            -67.81131,
            12.10697
          ],
          [
            -68.67622,
            12.25091
          ],
          [
            -69.52188,
            12.47923
          ],
          [
            -70.17037,
            11.4627
          ],
          [
            -70.75886,
            10.40911
          ],
          [
            -71.42235,
            9.40184
          ]
        ]
      }
    },
    {
      "type": "Feature",
      "id": "route:searoutes:447",
      "properties": {
        "id": "route:searoutes:447",
        "group": "searoutes",
        "feature": 1,
        "route_type": "searoute",
        "speed_multiplier": 1.0,
        "allowed_movement_types": [
          "ship",
          "flight"
        ],
        "kind": "searoute",
        "review_status": "candidate"
      },
      "geometry": {
        "type": "LineString",
        "coordinates": [
          [
            -61.19712,
            33.11166
          ],
          [
            -63.28631,
            33.25399
          ]
        ]
      }
    },
    {
      "type": "Feature",
      "id": "route:searoutes:448",
      "properties": {
        "id": "route:searoutes:448",
        "group": "searoutes",
        "feature": 1,
        "route_type": "searoute",
        "speed_multiplier": 1.0,
        "allowed_movement_types": [
          "ship",
          "flight"
        ],
        "kind": "searoute",
        "review_status": "candidate"
      },
      "geometry": {
        "type": "LineString",
        "coordinates": [
          [
            -63.2252,
            29.69425
          ],
          [
            -64.09774,
            29.98603
          ],
          [
            -64.98895,
            30.21868
          ],
          [
            -65.85681,
            30.52524
          ]
        ]
      }
    },
    {
      "type": "Feature",
      "id": "route:searoutes:449",
      "properties": {
        "id": "route:searoutes:449",
        "group": "searoutes",
        "feature": 1,
        "route_type": "searoute",
        "speed_multiplier": 1.0,
        "allowed_movement_types": [
          "ship",
          "flight"
        ],
        "kind": "searoute",
        "review_status": "candidate"
      },
      "geometry": {
        "type": "LineString",
        "coordinates": [
          [
            -69.11173,
            24.02288
          ],
          [
            -69.8499,
            24.34517
          ],
          [
            -70.58808,
            24.66746
          ],
          [
            -71.30588,
            25.03395
          ],
          [
            -72.52588,
            24.88997
          ],
          [
            -73.73729,
            24.68067
          ],
          [
            -74.95944,
            24.55304
          ],
          [
            -75.77102,
            23.78929
          ],
          [
            -76.58259,
            23.02555
          ],
          [
            -77.3592,
            22.22576
          ],
          [
            -76.61933,
            21.48011
          ],
          [
            -75.83192,
            20.78319
          ],
          [
            -75.10394,
            20.02536
          ]
        ]
      }
    },
    {
      "type": "Feature",
      "id": "route:searoutes:450",
      "properties": {
        "id": "route:searoutes:450",
        "group": "searoutes",
        "feature": 1,
        "route_type": "searoute",
        "speed_multiplier": 1.0,
        "allowed_movement_types": [
          "ship",
          "flight"
        ],
        "kind": "searoute",
        "review_status": "candidate"
      },
      "geometry": {
        "type": "LineString",
        "coordinates": [
          [
            -66.83886,
            41.65483
          ],
          [
            -66.7224,
            42.16054
          ],
          [
            -65.50814,
            42.94409
          ],
          [
            -64.68497,
            42.27556
          ],
          [
            -62.64467,
            42.39129
          ],
          [
            -60.7061,
            40.97911
          ],
          [
            -60.82436,
            39.43251
          ],
          [
            -60.94586,
            37.88626
          ],
          [
            -60.1306,
            36.44928
          ],
          [
            -59.31211,
            35.01589
          ]
        ]
      }
    },
    {
      "type": "Feature",
      "id": "route:searoutes:451",
      "properties": {
        "id": "route:searoutes:451",
        "group": "searoutes",
        "feature": 1,
        "route_type": "searoute",
        "speed_multiplier": 1.0,
        "allowed_movement_types": [
          "ship",
          "flight"
        ],
        "kind": "searoute",
        "review_status": "candidate"
      },
      "geometry": {
        "type": "LineString",
        "coordinates": [
          [
            106.01721,
            24.44772
          ],
          [
            106.12043,
            25.53214
          ],
          [
            106.14144,
            26.62187
          ],
          [
            106.22822,
            27.70735
          ],
          [
            106.26162,
            28.58814
          ],
          [
            106.21391,
            29.46903
          ],
          [
            106.23109,
            30.34984
          ],
          [
            106.50878,
            30.85638
          ],
          [
            106.71442,
            31.39739
          ],
          [
            106.97769,
            31.91082
          ],
          [
            106.99874,
            33.00138
          ],
          [
            106.94111,
            34.09118
          ],
          [
            106.94642,
            35.18159
          ],
          [
            107.57515,
            35.7887
          ],
          [
            108.14808,
            36.44962
          ],
          [
            108.76565,
            37.06749
          ],
          [
            110.22665,
            37.44487
          ],
          [
            111.68375,
            37.83702
          ],
          [
            113.09356,
            37.42692
          ],
          [
            114.50049,
            37.01897
          ],
          [
            115.96206,
            37.75399
          ],
          [
            117.42506,
            38.48614
          ],
          [
            117.70017,
            37.39222
          ],
          [
            117.96066,
            36.29473
          ],
          [
            118.19876,
            35.24934
          ],
          [
            118.37691,
            34.19209
          ],
          [
            117.39142,
            33.43956
          ],
          [
            116.44417,
            32.63822
          ],
          [
            115.44911,
            31.89788
          ],
          [
            115.71083,
            31.05644
          ],
          [
            116.03232,
            30.23476
          ],
          [
            116.2791,
            29.38838
          ],
          [
            115.20687,
            29.1475
          ],
          [
            114.13464,
            28.90663
          ],
          [
            113.05258,
            28.71266
          ],
          [
            112.55653,
            27.67315
          ],
          [
            112.11942,
            26.60653
          ],
          [
            111.60863,
            25.5738
          ],
          [
            111.51952,
            24.92892
          ],
          [
            111.49591,
            24.27667
          ],
          [
            111.39043,
            23.63363
          ]
        ]
      }
    },
    {
      "type": "Feature",
      "id": "route:searoutes:452",
      "properties": {
        "id": "route:searoutes:452",
        "group": "searoutes",
        "feature": 1,
        "route_type": "searoute",
        "speed_multiplier": 1.0,
        "allowed_movement_types": [
          "ship",
          "flight"
        ],
        "kind": "searoute",
        "review_status": "candidate"
      },
      "geometry": {
        "type": "LineString",
        "coordinates": [
          [
            78.81825,
            -41.58618
          ],
          [
            78.79044,
            -40.38895
          ],
          [
            78.7459,
            -39.19216
          ],
          [
            78.72228,
            -37.99481
          ]
        ]
      }
    },
    {
      "type": "Feature",
      "id": "route:searoutes:453",
      "properties": {
        "id": "route:searoutes:453",
        "group": "searoutes",
        "feature": 1,
        "route_type": "searoute",
        "speed_multiplier": 1.0,
        "allowed_movement_types": [
          "ship",
          "flight"
        ],
        "kind": "searoute",
        "review_status": "candidate"
      },
      "geometry": {
        "type": "LineString",
        "coordinates": [
          [
            111.22508,
            -4.9252
          ],
          [
            110.18312,
            -5.124
          ],
          [
            109.15944,
            -5.40447
          ],
          [
            108.12114,
            -5.61961
          ],
          [
            107.45141,
            -5.79544
          ],
          [
            106.80638,
            -6.04986
          ],
          [
            106.14159,
            -6.24141
          ],
          [
            105.22838,
            -5.85827
          ],
          [
            104.29782,
            -5.52059
          ],
          [
            103.36727,
            -5.18291
          ],
          [
            102.94257,
            -6.4908
          ],
          [
            102.5944,
            -7.82159
          ],
          [
            102.185,
            -9.13407
          ]
        ]
      }
    },
    {
      "type": "Feature",
      "id": "route:searoutes:454",
      "properties": {
        "id": "route:searoutes:454",
        "group": "searoutes",
        "feature": 1,
        "route_type": "searoute",
        "speed_multiplier": 1.0,
        "allowed_movement_types": [
          "ship",
          "flight"
        ],
        "kind": "searoute",
        "review_status": "candidate"
      },
      "geometry": {
        "type": "LineString",
        "coordinates": [
          [
            111.68375,
            37.83702
          ],
          [
            113.02167,
            38.90056
          ],
          [
            114.35742,
            39.96158
          ],
          [
            114.43183,
            42.01102
          ],
          [
            112.16507,
            42.14581
          ],
          [
            112.09785,
            43.97923
          ],
          [
            110.02376,
            45.70088
          ],
          [
            108.01689,
            45.58946
          ],
          [
            108.47053,
            43.81174
          ]
        ]
      }
    },
    {
      "type": "Feature",
      "id": "route:searoutes:455",
      "properties": {
        "id": "route:searoutes:455",
        "group": "searoutes",
        "feature": 1,
        "route_type": "searoute",
        "speed_multiplier": 1.0,
        "allowed_movement_types": [
          "ship",
          "flight"
        ],
        "kind": "searoute",
        "review_status": "candidate"
      },
      "geometry": {
        "type": "LineString",
        "coordinates": [
          [
            -69.11173,
            24.02288
          ],
          [
            -68.82739,
            25.3682
          ],
          [
            -68.62155,
            26.72822
          ],
          [
            -68.35291,
            28.07648
          ],
          [
            -67.49884,
            28.87027
          ],
          [
            -66.69987,
            29.72022
          ],
          [
            -65.85681,
            30.52524
          ]
        ]
      }
    },
    {
      "type": "Feature",
      "id": "route:searoutes:456",
      "properties": {
        "id": "route:searoutes:456",
        "group": "searoutes",
        "feature": 1,
        "route_type": "searoute",
        "speed_multiplier": 1.0,
        "allowed_movement_types": [
          "ship",
          "flight"
        ],
        "kind": "searoute",
        "review_status": "candidate"
      },
      "geometry": {
        "type": "LineString",
        "coordinates": [
          [
            -81.04763,
            -12.91522
          ],
          [
            -80.07892,
            -12.98133
          ],
          [
            -79.10798,
            -12.98638
          ],
          [
            -77.63761,
            -14.53997
          ],
          [
            -76.12409,
            -16.05156
          ],
          [
            -75.64253,
            -17.42381
          ],
          [
            -75.10538,
            -18.77528
          ],
          [
            -73.78341,
            -19.88863
          ],
          [
            -72.42452,
            -20.95663
          ],
          [
            -72.00034,
            -21.71929
          ],
          [
            -71.56361,
            -22.47484
          ],
          [
            -70.04453,
            -22.86661
          ],
          [
            -67.87698,
            -22.03994
          ],
          [
            -67.23139,
            -20.82185
          ],
          [
            -65.90498,
            -18.97728
          ],
          [
            -65.59045,
            -16.57129
          ],
          [
            -66.14798,
            -14.8766
          ],
          [
            -66.70802,
            -13.17867
          ],
          [
            -65.00777,
            -11.29673
          ],
          [
            -63.32621,
            -11.48363
          ],
          [
            -61.64537,
            -11.66837
          ],
          [
            -60.31393,
            -10.6246
          ],
          [
            -59.88006,
            -7.8635
          ],
          [
            -59.37933,
            -6.60982
          ],
          [
            -58.87752,
            -5.35795
          ],
          [
            -58.03854,
            -4.13698
          ]
        ]
      }
    },
    {
      "type": "Feature",
      "id": "route:searoutes:457",
      "properties": {
        "id": "route:searoutes:457",
        "group": "searoutes",
        "feature": 1,
        "route_type": "searoute",
        "speed_multiplier": 1.0,
        "allowed_movement_types": [
          "ship",
          "flight"
        ],
        "kind": "searoute",
        "review_status": "candidate"
      },
      "geometry": {
        "type": "LineString",
        "coordinates": [
          [
            -25.39591,
            -50.73139
          ],
          [
            -25.57204,
            -48.96086
          ],
          [
            -25.75033,
            -47.18854
          ],
          [
            -28.06275,
            -46.65084
          ],
          [
            -28.74608,
            -45.53914
          ],
          [
            -29.43193,
            -44.42887
          ],
          [
            -30.80903,
            -43.50407
          ],
          [
            -32.01897,
            -42.23027
          ],
          [
            -32.79001,
            -41.80112
          ],
          [
            -34.91443,
            -41.33387
          ],
          [
            -35.40581,
            -42.24429
          ]
        ]
      }
    },
    {
      "type": "Feature",
      "id": "route:searoutes:458",
      "properties": {
        "id": "route:searoutes:458",
        "group": "searoutes",
        "feature": 1,
        "route_type": "searoute",
        "speed_multiplier": 1.0,
        "allowed_movement_types": [
          "ship",
          "flight"
        ],
        "kind": "searoute",
        "review_status": "candidate"
      },
      "geometry": {
        "type": "LineString",
        "coordinates": [
          [
            107.60459,
            -35.75559
          ],
          [
            107.52296,
            -36.5671
          ],
          [
            107.46328,
            -37.38059
          ],
          [
            107.38604,
            -38.19249
          ],
          [
            105.22856,
            -38.3722
          ],
          [
            103.06928,
            -38.55371
          ],
          [
            102.34712,
            -38.02895
          ],
          [
            100.96176,
            -37.73602
          ]
        ]
      }
    },
    {
      "type": "Feature",
      "id": "route:searoutes:459",
      "properties": {
        "id": "route:searoutes:459",
        "group": "searoutes",
        "feature": 1,
        "route_type": "searoute",
        "speed_multiplier": 1.0,
        "allowed_movement_types": [
          "ship",
          "flight"
        ],
        "kind": "searoute",
        "review_status": "candidate"
      },
      "geometry": {
        "type": "LineString",
        "coordinates": [
          [
            99.5746,
            -37.44058
          ],
          [
            98.80535,
            -36.87053
          ]
        ]
      }
    },
    {
      "type": "Feature",
      "id": "route:searoutes:460",
      "properties": {
        "id": "route:searoutes:460",
        "group": "searoutes",
        "feature": 1,
        "route_type": "searoute",
        "speed_multiplier": 1.0,
        "allowed_movement_types": [
          "ship",
          "flight"
        ],
        "kind": "searoute",
        "review_status": "candidate"
      },
      "geometry": {
        "type": "LineString",
        "coordinates": [
          [
            107.38604,
            -38.19249
          ],
          [
            108.41805,
            -36.99453
          ]
        ]
      }
    },
    {
      "type": "Feature",
      "id": "route:searoutes:461",
      "properties": {
        "id": "route:searoutes:461",
        "group": "searoutes",
        "feature": 1,
        "route_type": "searoute",
        "speed_multiplier": 1.0,
        "allowed_movement_types": [
          "ship",
          "flight"
        ],
        "kind": "searoute",
        "review_status": "candidate"
      },
      "geometry": {
        "type": "LineString",
        "coordinates": [
          [
            -34.91443,
            -41.33387
          ],
          [
            -37.03633,
            -40.86733
          ],
          [
            -37.80809,
            -39.35703
          ],
          [
            -40.40843,
            -38.77512
          ],
          [
            -42.28337,
            -39.38938
          ],
          [
            -44.27946,
            -38.18602
          ],
          [
            -44.94878,
            -35.98275
          ],
          [
            -46.58468,
            -34.11194
          ],
          [
            -48.46502,
            -34.25391
          ],
          [
            -49.74219,
            -34.22804
          ],
          [
            -51.02259,
            -34.20072
          ],
          [
            -53.24657,
            -34.15004
          ],
          [
            -54.45831,
            -32.8119
          ],
          [
            -55.67077,
            -31.47664
          ],
          [
            -54.91123,
            -29.16877
          ],
          [
            -55.54137,
            -28.04449
          ],
          [
            -57.75457,
            -28.20048
          ],
          [
            -60.52601,
            -26.66214
          ],
          [
            -61.08641,
            -24.96494
          ],
          [
            -61.13026,
            -23.13582
          ],
          [
            -62.76941,
            -21.29233
          ],
          [
            -65.90498,
            -18.97728
          ]
        ]
      }
    },
    {
      "type": "Feature",
      "id": "route:searoutes:462",
      "properties": {
        "id": "route:searoutes:462",
        "group": "searoutes",
        "feature": 1,
        "route_type": "searoute",
        "speed_multiplier": 1.0,
        "allowed_movement_types": [
          "ship",
          "flight"
        ],
        "kind": "searoute",
        "review_status": "candidate"
      },
      "geometry": {
        "type": "LineString",
        "coordinates": [
          [
            -75.93106,
            -23.52616
          ],
          [
            -75.74896,
            -24.08446
          ],
          [
            -75.54673,
            -24.63588
          ],
          [
            -75.3606,
            -25.19281
          ],
          [
            -75.90554,
            -25.09972
          ]
        ]
      }
    },
    {
      "type": "Feature",
      "id": "route:searoutes:463",
      "properties": {
        "id": "route:searoutes:463",
        "group": "searoutes",
        "feature": 1,
        "route_type": "searoute",
        "speed_multiplier": 1.0,
        "allowed_movement_types": [
          "ship",
          "flight"
        ],
        "kind": "searoute",
        "review_status": "candidate"
      },
      "geometry": {
        "type": "LineString",
        "coordinates": [
          [
            -71.56361,
            -22.47484
          ],
          [
            -71.25951,
            -24.21805
          ],
          [
            -73.15746,
            -25.57668
          ],
          [
            -75.3606,
            -25.19281
          ],
          [
            -75.44363,
            -27.45395
          ],
          [
            -76.68881,
            -28.4111
          ],
          [
            -77.28192,
            -30.66542
          ],
          [
            -77.50334,
            -32.29073
          ],
          [
            -77.72657,
            -33.91893
          ],
          [
            -79.21294,
            -35.49285
          ],
          [
            -79.35097,
            -36.9381
          ],
          [
            -81.04763,
            -38.71006
          ],
          [
            -82.60481,
            -39.04038
          ],
          [
            -84.0671,
            -39.27436
          ],
          [
            -85.53082,
            -39.50583
          ],
          [
            -86.7307,
            -38.0631
          ],
          [
            -87.92771,
            -36.61929
          ],
          [
            -88.95001,
            -36.50248
          ],
          [
            -89.80769,
            -35.15176
          ],
          [
            -90.66392,
            -33.80176
          ],
          [
            -93.07878,
            -33.52967
          ],
          [
            -93.77614,
            -32.33387
          ],
          [
            -94.47241,
            -31.1359
          ],
          [
            -95.7999,
            -30.87101
          ],
          [
            -97.12775,
            -30.60647
          ],
          [
            -99.85462,
            -29.28235
          ],
          [
            -98.72915,
            -26.82316
          ],
          [
            -98.21152,
            -25.69349
          ],
          [
            -98.75484,
            -24.82245
          ],
          [
            -99.31281,
            -23.96064
          ],
          [
            -99.85246,
            -23.0873
          ],
          [
            -99.69446,
            -22.10857
          ],
          [
            -99.60627,
            -21.11984
          ],
          [
            -99.43081,
            -20.14361
          ]
        ]
      }
    },
    {
      "type": "Feature",
      "id": "route:searoutes:464",
      "properties": {
        "id": "route:searoutes:464",
        "group": "searoutes",
        "feature": 1,
        "route_type": "searoute",
        "speed_multiplier": 1.0,
        "allowed_movement_types": [
          "ship",
          "flight"
        ],
        "kind": "searoute",
        "review_status": "candidate"
      },
      "geometry": {
        "type": "LineString",
        "coordinates": [
          [
            -65.50814,
            42.94409
          ],
          [
            -64.29496,
            43.72692
          ],
          [
            -63.42434,
            44.54748
          ],
          [
            -64.02356,
            46.12141
          ],
          [
            -64.62494,
            47.69677
          ],
          [
            -66.18033,
            48.05511
          ],
          [
            -67.735,
            48.41705
          ],
          [
            -68.17606,
            48.27867
          ],
          [
            -70.07688,
            48.64816
          ],
          [
            -71.97987,
            49.01693
          ],
          [
            -73.31922,
            49.73722
          ],
          [
            -74.32571,
            48.72364
          ],
          [
            -75.15202,
            48.68683
          ],
          [
            -75.97887,
            48.66506
          ],
          [
            -76.72289,
            48.28743
          ],
          [
            -77.49256,
            47.96526
          ]
        ]
      }
    },
    {
      "type": "Feature",
      "id": "route:searoutes:465",
      "properties": {
        "id": "route:searoutes:465",
        "group": "searoutes",
        "feature": 1,
        "route_type": "searoute",
        "speed_multiplier": 1.0,
        "allowed_movement_types": [
          "ship",
          "flight"
        ],
        "kind": "searoute",
        "review_status": "candidate"
      },
      "geometry": {
        "type": "LineString",
        "coordinates": [
          [
            -81.04763,
            -12.91522
          ],
          [
            -81.46014,
            -11.94854
          ],
          [
            -81.92933,
            -11.00704
          ],
          [
            -82.32767,
            -10.03407
          ],
          [
            -83.38222,
            -9.23785
          ],
          [
            -84.4741,
            -8.49231
          ],
          [
            -85.51932,
            -7.68343
          ],
          [
            -85.69481,
            -7.78493
          ],
          [
            -85.83405,
            -7.93905
          ],
          [
            -86.01861,
            -8.0274
          ],
          [
            -87.23651,
            -8.07746
          ],
          [
            -88.45088,
            -8.19229
          ],
          [
            -89.66966,
            -8.22616
          ],
          [
            -89.50632,
            -7.09079
          ],
          [
            -89.34298,
            -5.95542
          ],
          [
            -89.13082,
            -4.8278
          ],
          [
            -88.69634,
            -3.99095
          ],
          [
            -88.32183,
            -3.12432
          ],
          [
            -87.87235,
            -2.29493
          ]
        ]
      }
    },
    {
      "type": "Feature",
      "id": "route:searoutes:466",
      "properties": {
        "id": "route:searoutes:466",
        "group": "searoutes",
        "feature": 1,
        "route_type": "searoute",
        "speed_multiplier": 1.0,
        "allowed_movement_types": [
          "ship",
          "flight"
        ],
        "kind": "searoute",
        "review_status": "candidate"
      },
      "geometry": {
        "type": "LineString",
        "coordinates": [
          [
            122.68505,
            15.73778
          ],
          [
            123.09655,
            14.62972
          ],
          [
            123.5659,
            13.544
          ],
          [
            123.96294,
            12.43035
          ]
        ]
      }
    },
    {
      "type": "Feature",
      "id": "route:searoutes:467",
      "properties": {
        "id": "route:searoutes:467",
        "group": "searoutes",
        "feature": 1,
        "route_type": "searoute",
        "speed_multiplier": 1.0,
        "allowed_movement_types": [
          "ship",
          "flight"
        ],
        "kind": "searoute",
        "review_status": "candidate"
      },
      "geometry": {
        "type": "LineString",
        "coordinates": [
          [
            123.13618,
            18.21961
          ],
          [
            122.94068,
            16.97323
          ],
          [
            122.68505,
            15.73778
          ]
        ]
      }
    },
    {
      "type": "Feature",
      "id": "route:searoutes:468",
      "properties": {
        "id": "route:searoutes:468",
        "group": "searoutes",
        "feature": 1,
        "route_type": "searoute",
        "speed_multiplier": 1.0,
        "allowed_movement_types": [
          "ship",
          "flight"
        ],
        "kind": "searoute",
        "review_status": "candidate"
      },
      "geometry": {
        "type": "LineString",
        "coordinates": [
          [
            107.38604,
            -38.19249
          ],
          [
            108.62079,
            -37.84026
          ]
        ]
      }
    },
    {
      "type": "Feature",
      "id": "route:searoutes:469",
      "properties": {
        "id": "route:searoutes:469",
        "group": "searoutes",
        "feature": 1,
        "route_type": "searoute",
        "speed_multiplier": 1.0,
        "allowed_movement_types": [
          "ship",
          "flight"
        ],
        "kind": "searoute",
        "review_status": "candidate"
      },
      "geometry": {
        "type": "LineString",
        "coordinates": [
          [
            69.41548,
            -47.07388
          ],
          [
            67.71702,
            -48.00946
          ]
        ]
      }
    },
    {
      "type": "Feature",
      "id": "route:searoutes:470",
      "properties": {
        "id": "route:searoutes:470",
        "group": "searoutes",
        "feature": 1,
        "route_type": "searoute",
        "speed_multiplier": 1.0,
        "allowed_movement_types": [
          "ship",
          "flight"
        ],
        "kind": "searoute",
        "review_status": "candidate"
      },
      "geometry": {
        "type": "LineString",
        "coordinates": [
          [
            123.01504,
            -24.16486
          ],
          [
            123.22856,
            -25.21797
          ],
          [
            122.14119,
            -26.09065
          ],
          [
            121.05669,
            -26.96298
          ],
          [
            121.11313,
            -28.71805
          ],
          [
            119.89815,
            -30.28155
          ],
          [
            119.01388,
            -31.46406
          ],
          [
            119.40138,
            -32.84101
          ],
          [
            117.38948,
            -34.27045
          ],
          [
            117.27876,
            -35.4109
          ],
          [
            115.41208,
            -36.00359
          ],
          [
            113.54253,
            -36.59629
          ],
          [
            112.98356,
            -35.24521
          ]
        ]
      }
    },
    {
      "type": "Feature",
      "id": "route:searoutes:471",
      "properties": {
        "id": "route:searoutes:471",
        "group": "searoutes",
        "feature": 1,
        "route_type": "searoute",
        "speed_multiplier": 1.0,
        "allowed_movement_types": [
          "ship",
          "flight"
        ],
        "kind": "searoute",
        "review_status": "candidate"
      },
      "geometry": {
        "type": "LineString",
        "coordinates": [
          [
            113.54253,
            -36.59629
          ],
          [
            112.89981,
            -36.62181
          ]
        ]
      }
    },
    {
      "type": "Feature",
      "id": "route:searoutes:472",
      "properties": {
        "id": "route:searoutes:472",
        "group": "searoutes",
        "feature": 1,
        "route_type": "searoute",
        "speed_multiplier": 1.0,
        "allowed_movement_types": [
          "ship",
          "flight"
        ],
        "kind": "searoute",
        "review_status": "candidate"
      },
      "geometry": {
        "type": "LineString",
        "coordinates": [
          [
            123.13618,
            18.21961
          ],
          [
            123.94548,
            18.52083
          ],
          [
            124.73182,
            18.87772
          ],
          [
            125.28454,
            20.78851
          ],
          [
            125.78001,
            22.71494
          ],
          [
            126.33511,
            24.42333
          ],
          [
            126.83431,
            26.14888
          ],
          [
            126.28106,
            27.2237
          ],
          [
            125.6772,
            28.27093
          ],
          [
            126.5112,
            29.16899
          ],
          [
            127.30269,
            30.10471
          ]
        ]
      }
    },
    {
      "type": "Feature",
      "id": "route:searoutes:473",
      "properties": {
        "id": "route:searoutes:473",
        "group": "searoutes",
        "feature": 1,
        "route_type": "searoute",
        "speed_multiplier": 1.0,
        "allowed_movement_types": [
          "ship",
          "flight"
        ],
        "kind": "searoute",
        "review_status": "candidate"
      },
      "geometry": {
        "type": "LineString",
        "coordinates": [
          [
            117.42506,
            38.48614
          ],
          [
            119.33739,
            39.36422
          ],
          [
            121.04843,
            38.70288
          ],
          [
            122.11603,
            37.74321
          ],
          [
            123.38744,
            38.32404
          ],
          [
            125.21817,
            37.75399
          ],
          [
            127.04999,
            37.18538
          ],
          [
            128.27862,
            37.1401
          ],
          [
            129.03565,
            35.69449
          ],
          [
            129.79087,
            34.24816
          ],
          [
            129.11473,
            33.16773
          ],
          [
            128.4411,
            32.08874
          ],
          [
            127.87796,
            31.09324
          ],
          [
            127.30269,
            30.10471
          ]
        ]
      }
    },
    {
      "type": "Feature",
      "id": "route:searoutes:474",
      "properties": {
        "id": "route:searoutes:474",
        "group": "searoutes",
        "feature": 1,
        "route_type": "searoute",
        "speed_multiplier": 1.0,
        "allowed_movement_types": [
          "ship",
          "flight"
        ],
        "kind": "searoute",
        "review_status": "candidate"
      },
      "geometry": {
        "type": "LineString",
        "coordinates": [
          [
            113.02167,
            38.90056
          ],
          [
            113.09356,
            37.42692
          ]
        ]
      }
    },
    {
      "type": "Feature",
      "id": "route:searoutes:475",
      "properties": {
        "id": "route:searoutes:475",
        "group": "searoutes",
        "feature": 1,
        "route_type": "searoute",
        "speed_multiplier": 1.0,
        "allowed_movement_types": [
          "ship",
          "flight"
        ],
        "kind": "searoute",
        "review_status": "candidate"
      },
      "geometry": {
        "type": "LineString",
        "coordinates": [
          [
            121.04843,
            38.70288
          ],
          [
            121.25188,
            40.24589
          ],
          [
            121.38632,
            42.06709
          ],
          [
            121.51896,
            43.8865
          ],
          [
            122.51934,
            44.33722
          ],
          [
            122.34249,
            44.94968
          ],
          [
            123.16529,
            46.01466
          ],
          [
            125.34398,
            46.07827
          ],
          [
            125.26922,
            44.24485
          ]
        ]
      }
    },
    {
      "type": "Feature",
      "id": "route:searoutes:476",
      "properties": {
        "id": "route:searoutes:476",
        "group": "searoutes",
        "feature": 1,
        "route_type": "searoute",
        "speed_multiplier": 1.0,
        "allowed_movement_types": [
          "ship",
          "flight"
        ],
        "kind": "searoute",
        "review_status": "candidate"
      },
      "geometry": {
        "type": "LineString",
        "coordinates": [
          [
            -80.23597,
            37.97396
          ],
          [
            -80.86006,
            39.03112
          ],
          [
            -81.55288,
            40.04522
          ],
          [
            -82.19071,
            41.09377
          ],
          [
            -80.9084,
            41.61104
          ],
          [
            -79.59792,
            42.05358
          ],
          [
            -78.30998,
            42.55591
          ],
          [
            -78.80241,
            43.84698
          ],
          [
            -79.3677,
            45.10836
          ],
          [
            -79.87471,
            46.39349
          ],
          [
            -79.06358,
            46.89153
          ],
          [
            -78.29515,
            47.45427
          ],
          [
            -77.49256,
            47.96526
          ]
        ]
      }
    },
    {
      "type": "Feature",
      "id": "route:searoutes:477",
      "properties": {
        "id": "route:searoutes:477",
        "group": "searoutes",
        "feature": 1,
        "route_type": "searoute",
        "speed_multiplier": 1.0,
        "allowed_movement_types": [
          "ship",
          "flight"
        ],
        "kind": "searoute",
        "review_status": "candidate"
      },
      "geometry": {
        "type": "LineString",
        "coordinates": [
          [
            128.27862,
            37.1401
          ],
          [
            129.36923,
            38.81538
          ]
        ]
      }
    },
    {
      "type": "Feature",
      "id": "route:searoutes:478",
      "properties": {
        "id": "route:searoutes:478",
        "group": "searoutes",
        "feature": 1,
        "route_type": "searoute",
        "speed_multiplier": 1.0,
        "allowed_movement_types": [
          "ship",
          "flight"
        ],
        "kind": "searoute",
        "review_status": "candidate"
      },
      "geometry": {
        "type": "LineString",
        "coordinates": [
          [
            -84.80363,
            47.48111
          ],
          [
            -85.23231,
            48.36591
          ],
          [
            -85.73388,
            49.21233
          ],
          [
            -86.17713,
            50.08946
          ],
          [
            -86.51706,
            50.33039
          ],
          [
            -86.86838,
            50.55455
          ],
          [
            -87.21058,
            50.79213
          ],
          [
            -88.75806,
            50.9377
          ],
          [
            -90.30374,
            51.08147
          ],
          [
            -90.39649,
            49.79042
          ]
        ]
      }
    },
    {
      "type": "Feature",
      "id": "route:searoutes:479",
      "properties": {
        "id": "route:searoutes:479",
        "group": "searoutes",
        "feature": 1,
        "route_type": "searoute",
        "speed_multiplier": 1.0,
        "allowed_movement_types": [
          "ship",
          "flight"
        ],
        "kind": "searoute",
        "review_status": "candidate"
      },
      "geometry": {
        "type": "LineString",
        "coordinates": [
          [
            125.34398,
            46.07827
          ],
          [
            127.52411,
            46.14225
          ],
          [
            128.5723,
            47.91853
          ],
          [
            130.05652,
            48.29233
          ],
          [
            131.54037,
            48.66757
          ],
          [
            133.29526,
            50.51358
          ],
          [
            135.38696,
            50.90068
          ],
          [
            135.67129,
            52.34665
          ],
          [
            138.10125,
            53.47524
          ],
          [
            140.18253,
            51.62061
          ],
          [
            140.11639,
            50.08874
          ],
          [
            141.32202,
            49.11901
          ],
          [
            141.18902,
            48.15575
          ],
          [
            141.99061,
            46.57788
          ],
          [
            141.44927,
            45.0115
          ],
          [
            142.15668,
            42.89089
          ],
          [
            140.90217,
            41.09629
          ],
          [
            141.10994,
            39.79912
          ],
          [
            141.3177,
            38.50088
          ],
          [
            143.44643,
            38.5627
          ],
          [
            144.71533,
            36.97404
          ],
          [
            143.85298,
            35.32572
          ],
          [
            144.32711,
            33.96925
          ],
          [
            144.798,
            32.61601
          ],
          [
            146.38682,
            30.96805
          ],
          [
            146.71393,
            28.21845
          ],
          [
            145.45474,
            27.11789
          ],
          [
            144.15097,
            27.48163
          ],
          [
            142.84829,
            27.84681
          ],
          [
            142.02656,
            26.64417
          ],
          [
            141.20268,
            25.44333
          ],
          [
            142.78862,
            23.63363
          ],
          [
            143.734,
            21.97883
          ],
          [
            144.67615,
            20.32764
          ],
          [
            144.55357,
            18.40256
          ],
          [
            144.43207,
            16.47604
          ],
          [
            146.01658,
            15.71046
          ],
          [
            147.17763,
            13.43171
          ],
          [
            146.75635,
            11.91565
          ],
          [
            144.55609,
            13.04353
          ],
          [
            143.21278,
            12.27436
          ],
          [
            141.86624,
            11.50196
          ],
          [
            141.01863,
            9.24261
          ],
          [
            140.96975,
            7.85703
          ],
          [
            140.92266,
            6.46857
          ],
          [
            140.13305,
            6.24713
          ],
          [
            139.3482,
            6.00905
          ],
          [
            138.5574,
            5.79177
          ]
        ]
      }
    },
    {
      "type": "Feature",
      "id": "route:searoutes:480",
      "properties": {
        "id": "route:searoutes:480",
        "group": "searoutes",
        "feature": 1,
        "route_type": "searoute",
        "speed_multiplier": 1.0,
        "allowed_movement_types": [
          "ship",
          "flight"
        ],
        "kind": "searoute",
        "review_status": "candidate"
      },
      "geometry": {
        "type": "LineString",
        "coordinates": [
          [
            -97.29526,
            -24.47899
          ],
          [
            -98.21152,
            -25.69349
          ],
          [
            -97.38189,
            -25.88938
          ]
        ]
      }
    },
    {
      "type": "Feature",
      "id": "route:searoutes:481",
      "properties": {
        "id": "route:searoutes:481",
        "group": "searoutes",
        "feature": 1,
        "route_type": "searoute",
        "speed_multiplier": 1.0,
        "allowed_movement_types": [
          "ship",
          "flight"
        ],
        "kind": "searoute",
        "review_status": "candidate"
      },
      "geometry": {
        "type": "LineString",
        "coordinates": [
          [
            144.798,
            32.61601
          ],
          [
            143.81596,
            32.00391
          ]
        ]
      }
    },
    {
      "type": "Feature",
      "id": "route:searoutes:482",
      "properties": {
        "id": "route:searoutes:482",
        "group": "searoutes",
        "feature": 1,
        "route_type": "searoute",
        "speed_multiplier": 1.0,
        "allowed_movement_types": [
          "ship",
          "flight"
        ],
        "kind": "searoute",
        "review_status": "candidate"
      },
      "geometry": {
        "type": "LineString",
        "coordinates": [
          [
            123.22856,
            -25.21797
          ],
          [
            125.10315,
            -25.58027
          ],
          [
            127.40729,
            -24.54872
          ],
          [
            127.78472,
            -24.63498
          ],
          [
            128.59782,
            -23.32991
          ],
          [
            130.58852,
            -22.37061
          ],
          [
            132.47712,
            -22.32891
          ],
          [
            133.6637,
            -23.18542
          ],
          [
            133.81648,
            -24.81829
          ],
          [
            133.9714,
            -26.44864
          ],
          [
            134.25502,
            -27.72604
          ],
          [
            134.54187,
            -29.00308
          ],
          [
            133.92072,
            -30.375
          ],
          [
            134.34488,
            -32.63938
          ],
          [
            135.38516,
            -33.53722
          ],
          [
            137.01064,
            -33.53902
          ],
          [
            139.0513,
            -34.12955
          ],
          [
            140.54342,
            -35.47596
          ],
          [
            142.31233,
            -35.93782
          ],
          [
            143.44284,
            -34.52636
          ],
          [
            144.57334,
            -33.11597
          ],
          [
            144.15097,
            -31.51438
          ],
          [
            143.72753,
            -29.91494
          ],
          [
            142.97985,
            -29.70252
          ]
        ]
      }
    },
    {
      "type": "Feature",
      "id": "route:searoutes:483",
      "properties": {
        "id": "route:searoutes:483",
        "group": "searoutes",
        "feature": 1,
        "route_type": "searoute",
        "speed_multiplier": 1.0,
        "allowed_movement_types": [
          "ship",
          "flight"
        ],
        "kind": "searoute",
        "review_status": "candidate"
      },
      "geometry": {
        "type": "LineString",
        "coordinates": [
          [
            140.92769,
            20.94369
          ],
          [
            141.86618,
            21.28047
          ],
          [
            142.79704,
            21.63792
          ],
          [
            143.734,
            21.97883
          ]
        ]
      }
    },
    {
      "type": "Feature",
      "id": "route:searoutes:484",
      "properties": {
        "id": "route:searoutes:484",
        "group": "searoutes",
        "feature": 1,
        "route_type": "searoute",
        "speed_multiplier": 1.0,
        "allowed_movement_types": [
          "ship",
          "flight"
        ],
        "kind": "searoute",
        "review_status": "candidate"
      },
      "geometry": {
        "type": "LineString",
        "coordinates": [
          [
            -98.72915,
            -26.82316
          ],
          [
            -100.44809,
            -27.69549
          ],
          [
            -101.87479,
            -27.1869
          ],
          [
            -103.29969,
            -26.67616
          ],
          [
            -104.1969,
            -27.9992
          ],
          [
            -105.09771,
            -29.31937
          ],
          [
            -106.43994,
            -29.76398
          ],
          [
            -107.78073,
            -30.21074
          ],
          [
            -107.54348,
            -31.76597
          ],
          [
            -107.3084,
            -33.31905
          ],
          [
            -108.71892,
            -34.71685
          ],
          [
            -110.13304,
            -36.11358
          ],
          [
            -111.43285,
            -36.92732
          ],
          [
            -112.7323,
            -37.74069
          ],
          [
            -114.21148,
            -38.41174
          ],
          [
            -115.68743,
            -39.0853
          ],
          [
            -117.31039,
            -38.12815
          ],
          [
            -118.44953,
            -39.24561
          ],
          [
            -119.58794,
            -40.36234
          ],
          [
            -121.58331,
            -41.15308
          ],
          [
            -122.96076,
            -40.60783
          ],
          [
            -124.33965,
            -40.06042
          ],
          [
            -125.50574,
            -40.9385
          ],
          [
            -126.67255,
            -41.81621
          ],
          [
            -127.89184,
            -43.88219
          ],
          [
            -129.12551,
            -45.04313
          ],
          [
            -130.3617,
            -46.20623
          ],
          [
            -131.25783,
            -47.74457
          ],
          [
            -131.90127,
            -47.93686
          ],
          [
            -133.26291,
            -47.92212
          ],
          [
            -134.62275,
            -47.90739
          ],
          [
            -136.85032,
            -47.48363
          ],
          [
            -138.77703,
            -48.31893
          ],
          [
            -140.11063,
            -48.5008
          ],
          [
            -141.4428,
            -48.68411
          ],
          [
            -142.3206,
            -47.67808
          ],
          [
            -143.80949,
            -48.51158
          ],
          [
            -145.71822,
            -47.59505
          ],
          [
            -147.31063,
            -47.1242
          ],
          [
            -149.47818,
            -47.56629
          ],
          [
            -150.47137,
            -46.72812
          ],
          [
            -151.51992,
            -47.71366
          ],
          [
            -152.56667,
            -48.69704
          ],
          [
            -154.04693,
            -48.92851
          ],
          [
            -155.52611,
            -49.16214
          ],
          [
            -157.46181,
            -48.72364
          ],
          [
            -159.16925,
            -46.67133
          ],
          [
            -158.15125,
            -44.55036
          ],
          [
            -158.34608,
            -43.02316
          ],
          [
            -156.71053,
            -40.94928
          ],
          [
            -154.88196,
            -40.40799
          ],
          [
            -153.81795,
            -41.39784
          ],
          [
            -151.92252,
            -41.04273
          ],
          [
            -150.02528,
            -40.68726
          ],
          [
            -149.22225,
            -41.73175
          ],
          [
            -148.33869,
            -43.28878
          ],
          [
            -146.81098,
            -41.97005
          ],
          [
            -145.28076,
            -40.6524
          ],
          [
            -143.74478,
            -40.36701
          ],
          [
            -142.20665,
            -40.08307
          ],
          [
            -141.19261,
            -41.0643
          ],
          [
            -140.17713,
            -42.04732
          ],
          [
            -138.0103,
            -42.16486
          ],
          [
            -136.65262,
            -41.53874
          ],
          [
            -135.29673,
            -40.91262
          ],
          [
            -133.72194,
            -40.97911
          ],
          [
            -132.49977,
            -39.04433
          ],
          [
            -131.72441,
            -37.66773
          ],
          [
            -130.95013,
            -36.29221
          ],
          [
            -130.25062,
            -34.9972
          ],
          [
            -131.56985,
            -33.34744
          ],
          [
            -133.59073,
            -32.99305
          ],
          [
            -135.22376,
            -32.80831
          ],
          [
            -135.74319,
            -31.30232
          ],
          [
            -136.26045,
            -29.7974
          ],
          [
            -135.03361,
            -27.7016
          ],
          [
            -132.82724,
            -26.56689
          ],
          [
            -133.29166,
            -24.37979
          ],
          [
            -132.5979,
            -21.10184
          ],
          [
            -131.44547,
            -20.01134
          ],
          [
            -130.18161,
            -19.13506
          ],
          [
            -130.81498,
            -17.09425
          ],
          [
            -131.44655,
            -15.05379
          ],
          [
            -130.21252,
            -13.24445
          ],
          [
            -128.6557,
            -12.12268
          ],
          [
            -127.03704,
            -12.08387
          ],
          [
            -125.88605,
            -10.82372
          ],
          [
            -126.03271,
            -8.76853
          ],
          [
            -125.89036,
            -6.54153
          ],
          [
            -124.83342,
            -6.75892
          ],
          [
            -123.7722,
            -6.95499
          ],
          [
            -122.71633,
            -7.17772
          ],
          [
            -121.61962,
            -7.1286
          ],
          [
            -120.52911,
            -6.986
          ],
          [
            -119.43085,
            -6.96026
          ],
          [
            -118.9973,
            -7.78702
          ],
          [
            -118.47095,
            -8.5617
          ],
          [
            -118.06059,
            -9.40148
          ],
          [
            -117.15841,
            -9.95701
          ],
          [
            -116.23774,
            -10.48194
          ],
          [
            -115.34019,
            -11.04513
          ],
          [
            -114.38402,
            -11.1278
          ],
          [
            -112.67802,
            -9.68147
          ],
          [
            -111.50115,
            -11.14325
          ]
        ]
      }
    },
    {
      "type": "Feature",
      "id": "route:searoutes:485",
      "properties": {
        "id": "route:searoutes:485",
        "group": "searoutes",
        "feature": 1,
        "route_type": "searoute",
        "speed_multiplier": 1.0,
        "allowed_movement_types": [
          "ship",
          "flight"
        ],
        "kind": "searoute",
        "review_status": "candidate"
      },
      "geometry": {
        "type": "LineString",
        "coordinates": [
          [
            -104.59591,
            -23.82268
          ],
          [
            -104.17158,
            -24.77736
          ],
          [
            -103.72789,
            -25.72324
          ],
          [
            -103.29969,
            -26.67616
          ],
          [
            -104.59591,
            -25.77185
          ]
        ]
      }
    },
    {
      "type": "Feature",
      "id": "route:searoutes:486",
      "properties": {
        "id": "route:searoutes:486",
        "group": "searoutes",
        "feature": 1,
        "route_type": "searoute",
        "speed_multiplier": 1.0,
        "allowed_movement_types": [
          "ship",
          "flight"
        ],
        "kind": "searoute",
        "review_status": "candidate"
      },
      "geometry": {
        "type": "LineString",
        "coordinates": [
          [
            -99.35748,
            32.80507
          ],
          [
            -100.03749,
            32.54671
          ],
          [
            -100.68358,
            32.21031
          ],
          [
            -101.3568,
            31.93634
          ],
          [
            -102.74451,
            32.10708
          ],
          [
            -104.14044,
            32.19452
          ],
          [
            -105.52979,
            32.3486
          ],
          [
            -106.13979,
            33.52614
          ],
          [
            -106.82199,
            34.66399
          ],
          [
            -107.44643,
            35.83359
          ],
          [
            -108.01102,
            36.2057
          ],
          [
            -108.61695,
            36.50805
          ],
          [
            -109.18982,
            36.86621
          ],
          [
            -109.75404,
            36.79338
          ],
          [
            -110.30361,
            36.64205
          ],
          [
            -110.8649,
            36.55351
          ],
          [
            -111.2466,
            35.87403
          ],
          [
            -111.61105,
            35.18509
          ],
          [
            -111.9893,
            34.50371
          ],
          [
            -113.53929,
            35.90655
          ],
          [
            -115.09108,
            37.30903
          ],
          [
            -114.269,
            38.64537
          ],
          [
            -113.44871,
            39.97883
          ],
          [
            -112.15537,
            40.26278
          ],
          [
            -110.85987,
            40.5478
          ],
          [
            -110.33943,
            39.87849
          ],
          [
            -109.80582,
            39.21951
          ],
          [
            -109.28867,
            38.5476
          ],
          [
            -108.33138,
            38.22873
          ],
          [
            -107.35366,
            37.9748
          ],
          [
            -106.40148,
            37.6397
          ]
        ]
      }
    },
    {
      "type": "Feature",
      "id": "route:searoutes:487",
      "properties": {
        "id": "route:searoutes:487",
        "group": "searoutes",
        "feature": 1,
        "route_type": "searoute",
        "speed_multiplier": 1.0,
        "allowed_movement_types": [
          "ship",
          "flight"
        ],
        "kind": "searoute",
        "review_status": "candidate"
      },
      "geometry": {
        "type": "LineString",
        "coordinates": [
          [
            -110.51335,
            34.98247
          ],
          [
            -111.9893,
            34.50371
          ]
        ]
      }
    },
    {
      "type": "Feature",
      "id": "route:searoutes:488",
      "properties": {
        "id": "route:searoutes:488",
        "group": "searoutes",
        "feature": 1,
        "route_type": "searoute",
        "speed_multiplier": 1.0,
        "allowed_movement_types": [
          "ship",
          "flight"
        ],
        "kind": "searoute",
        "review_status": "candidate"
      },
      "geometry": {
        "type": "LineString",
        "coordinates": [
          [
            -110.83686,
            34.03179
          ],
          [
            -111.9893,
            34.50371
          ]
        ]
      }
    },
    {
      "type": "Feature",
      "id": "route:searoutes:489",
      "properties": {
        "id": "route:searoutes:489",
        "group": "searoutes",
        "feature": 1,
        "route_type": "searoute",
        "speed_multiplier": 1.0,
        "allowed_movement_types": [
          "ship",
          "flight"
        ],
        "kind": "searoute",
        "review_status": "candidate"
      },
      "geometry": {
        "type": "LineString",
        "coordinates": [
          [
            -113.15287,
            28.79641
          ],
          [
            -113.96885,
            29.71474
          ],
          [
            -114.535,
            31.16573
          ],
          [
            -113.54648,
            33.5595
          ],
          [
            -111.9893,
            34.50371
          ],
          [
            -111.47314,
            33.65947
          ],
          [
            -110.94249,
            32.82416
          ],
          [
            -110.42996,
            31.97768
          ],
          [
            -110.04002,
            31.45324
          ],
          [
            -109.59561,
            30.97159
          ],
          [
            -109.21929,
            30.43646
          ]
        ]
      }
    },
    {
      "type": "Feature",
      "id": "route:searoutes:490",
      "properties": {
        "id": "route:searoutes:490",
        "group": "searoutes",
        "feature": 1,
        "route_type": "searoute",
        "speed_multiplier": 1.0,
        "allowed_movement_types": [
          "ship",
          "flight"
        ],
        "kind": "searoute",
        "review_status": "candidate"
      },
      "geometry": {
        "type": "LineString",
        "coordinates": [
          [
            -115.34019,
            -11.04513
          ],
          [
            -116.08715,
            -12.57736
          ],
          [
            -115.17771,
            -13.65383
          ]
        ]
      }
    },
    {
      "type": "Feature",
      "id": "route:searoutes:491",
      "properties": {
        "id": "route:searoutes:491",
        "group": "searoutes",
        "feature": 1,
        "route_type": "searoute",
        "speed_multiplier": 1.0,
        "allowed_movement_types": [
          "ship",
          "flight"
        ],
        "kind": "searoute",
        "review_status": "candidate"
      },
      "geometry": {
        "type": "LineString",
        "coordinates": [
          [
            -107.78073,
            -30.21074
          ],
          [
            -108.36154,
            -29.75044
          ],
          [
            -108.95321,
            -29.30402
          ],
          [
            -109.5313,
            -28.84026
          ]
        ]
      }
    },
    {
      "type": "Feature",
      "id": "route:searoutes:492",
      "properties": {
        "id": "route:searoutes:492",
        "group": "searoutes",
        "feature": 1,
        "route_type": "searoute",
        "speed_multiplier": 1.0,
        "allowed_movement_types": [
          "ship",
          "flight"
        ],
        "kind": "searoute",
        "review_status": "candidate"
      },
      "geometry": {
        "type": "LineString",
        "coordinates": [
          [
            -126.03271,
            -8.76853
          ],
          [
            -124.10313,
            -8.59421
          ]
        ]
      }
    },
    {
      "type": "Feature",
      "id": "route:searoutes:493",
      "properties": {
        "id": "route:searoutes:493",
        "group": "searoutes",
        "feature": 1,
        "route_type": "searoute",
        "speed_multiplier": 1.0,
        "allowed_movement_types": [
          "ship",
          "flight"
        ],
        "kind": "searoute",
        "review_status": "candidate"
      },
      "geometry": {
        "type": "LineString",
        "coordinates": [
          [
            -118.71661,
            -12.21434
          ],
          [
            -118.20833,
            -13.48167
          ],
          [
            -116.08715,
            -12.57736
          ]
        ]
      }
    },
    {
      "type": "Feature",
      "id": "route:searoutes:494",
      "properties": {
        "id": "route:searoutes:494",
        "group": "searoutes",
        "feature": 1,
        "route_type": "searoute",
        "speed_multiplier": 1.0,
        "allowed_movement_types": [
          "ship",
          "flight"
        ],
        "kind": "searoute",
        "review_status": "candidate"
      },
      "geometry": {
        "type": "LineString",
        "coordinates": [
          [
            -131.24813,
            10.97935
          ],
          [
            -132.56555,
            10.95312
          ],
          [
            -134.5868,
            10.69253
          ],
          [
            -135.96965,
            10.97684
          ],
          [
            -137.35501,
            11.26258
          ],
          [
            -139.19401,
            11.28954
          ],
          [
            -141.03661,
            11.32009
          ],
          [
            -142.08228,
            13.46693
          ],
          [
            -142.41514,
            15.04085
          ],
          [
            -141.16637,
            16.80923
          ],
          [
            -140.34069,
            18.69728
          ],
          [
            -139.51393,
            20.58894
          ],
          [
            -138.24827,
            22.32568
          ],
          [
            -136.42293,
            22.98594
          ],
          [
            -135.11053,
            23.48842
          ],
          [
            -133.8003,
            23.99449
          ],
          [
            -132.84341,
            23.62536
          ],
          [
            -131.25316,
            23.19261
          ],
          [
            -129.05362,
            21.4397
          ],
          [
            -128.07517,
            22.45903
          ],
          [
            -126.93999,
            23.07149
          ],
          [
            -125.80661,
            23.68754
          ],
          [
            -123.84144,
            23.10563
          ],
          [
            -121.56965,
            22.32388
          ],
          [
            -119.30073,
            21.54249
          ],
          [
            -117.43477,
            22.81953
          ],
          [
            -116.37544,
            22.84505
          ],
          [
            -115.78808,
            21.67045
          ],
          [
            -114.9373,
            21.72612
          ],
          [
            -114.08567,
            21.76677
          ],
          [
            -112.86779,
            20.48669
          ],
          [
            -111.6949,
            19.16526
          ],
          [
            -111.06101,
            18.37494
          ],
          [
            -110.37934,
            17.62416
          ],
          [
            -109.7574,
            16.82396
          ]
        ]
      }
    },
    {
      "type": "Feature",
      "id": "route:searoutes:495",
      "properties": {
        "id": "route:searoutes:495",
        "group": "searoutes",
        "feature": 1,
        "route_type": "searoute",
        "speed_multiplier": 1.0,
        "allowed_movement_types": [
          "ship",
          "flight"
        ],
        "kind": "searoute",
        "review_status": "candidate"
      },
      "geometry": {
        "type": "LineString",
        "coordinates": [
          [
            -116.37544,
            22.84505
          ],
          [
            -116.96244,
            24.02037
          ],
          [
            -117.67668,
            25.95048
          ],
          [
            -116.18133,
            28.79712
          ],
          [
            -113.96885,
            29.71474
          ]
        ]
      }
    },
    {
      "type": "Feature",
      "id": "route:searoutes:496",
      "properties": {
        "id": "route:searoutes:496",
        "group": "searoutes",
        "feature": 1,
        "route_type": "searoute",
        "speed_multiplier": 1.0,
        "allowed_movement_types": [
          "ship",
          "flight"
        ],
        "kind": "searoute",
        "review_status": "candidate"
      },
      "geometry": {
        "type": "LineString",
        "coordinates": [
          [
            -129.05362,
            21.4397
          ],
          [
            -130.03243,
            20.42324
          ],
          [
            -132.54722,
            20.07029
          ],
          [
            -133.63063,
            19.04197
          ]
        ]
      }
    },
    {
      "type": "Feature",
      "id": "route:searoutes:497",
      "properties": {
        "id": "route:searoutes:497",
        "group": "searoutes",
        "feature": 1,
        "route_type": "searoute",
        "speed_multiplier": 1.0,
        "allowed_movement_types": [
          "ship",
          "flight"
        ],
        "kind": "searoute",
        "review_status": "candidate"
      },
      "geometry": {
        "type": "LineString",
        "coordinates": [
          [
            -132.56555,
            10.95312
          ],
          [
            -131.67337,
            12.23914
          ]
        ]
      }
    },
    {
      "type": "Feature",
      "id": "route:searoutes:498",
      "properties": {
        "id": "route:searoutes:498",
        "group": "searoutes",
        "feature": 1,
        "route_type": "searoute",
        "speed_multiplier": 1.0,
        "allowed_movement_types": [
          "ship",
          "flight"
        ],
        "kind": "searoute",
        "review_status": "candidate"
      },
      "geometry": {
        "type": "LineString",
        "coordinates": [
          [
            -125.89036,
            -6.54153
          ],
          [
            -127.11217,
            -4.91873
          ],
          [
            -128.95297,
            -5.32668
          ],
          [
            -130.77544,
            -3.77756
          ],
          [
            -130.7589,
            -1.82336
          ],
          [
            -131.25352,
            0.30551
          ],
          [
            -131.30384,
            2.24641
          ],
          [
            -130.38003,
            4.3131
          ],
          [
            -131.42211,
            5.37304
          ],
          [
            -132.73198,
            5.77416
          ],
          [
            -133.38908,
            6.20763
          ],
          [
            -133.65831,
            9.20847
          ],
          [
            -132.56555,
            10.95312
          ]
        ]
      }
    },
    {
      "type": "Feature",
      "id": "route:searoutes:499",
      "properties": {
        "id": "route:searoutes:499",
        "group": "searoutes",
        "feature": 1,
        "route_type": "searoute",
        "speed_multiplier": 1.0,
        "allowed_movement_types": [
          "ship",
          "flight"
        ],
        "kind": "searoute",
        "review_status": "candidate"
      },
      "geometry": {
        "type": "LineString",
        "coordinates": [
          [
            -130.18161,
            -19.13506
          ],
          [
            -129.27822,
            -19.35405
          ],
          [
            -128.37076,
            -19.55588
          ],
          [
            -127.4684,
            -19.77915
          ]
        ]
      }
    },
    {
      "type": "Feature",
      "id": "route:searoutes:500",
      "properties": {
        "id": "route:searoutes:500",
        "group": "searoutes",
        "feature": 1,
        "route_type": "searoute",
        "speed_multiplier": 1.0,
        "allowed_movement_types": [
          "ship",
          "flight"
        ],
        "kind": "searoute",
        "review_status": "candidate"
      },
      "geometry": {
        "type": "LineString",
        "coordinates": [
          [
            -112.15537,
            40.26278
          ],
          [
            -112.15896,
            41.03195
          ],
          [
            -112.5975,
            41.95208
          ],
          [
            -114.29775,
            43.64856
          ],
          [
            -114.27187,
            45.47408
          ],
          [
            -114.77943,
            47.09545
          ],
          [
            -114.07129,
            49.28794
          ],
          [
            -112.85632,
            49.85835
          ],
          [
            -111.72401,
            50.63938
          ],
          [
            -110.59387,
            51.41717
          ],
          [
            -108.54279,
            50.9377
          ],
          [
            -106.49278,
            50.45895
          ],
          [
            -106.27415,
            49.58177
          ],
          [
            -106.03954,
            48.70866
          ],
          [
            -105.8249,
            47.83047
          ],
          [
            -105.22056,
            47.39388
          ],
          [
            -104.57823,
            47.01243
          ],
          [
            -103.98338,
            46.56206
          ]
        ]
      }
    },
    {
      "type": "Feature",
      "id": "route:searoutes:501",
      "properties": {
        "id": "route:searoutes:501",
        "group": "searoutes",
        "feature": 1,
        "route_type": "searoute",
        "speed_multiplier": 1.0,
        "allowed_movement_types": [
          "ship",
          "flight"
        ],
        "kind": "searoute",
        "review_status": "candidate"
      },
      "geometry": {
        "type": "LineString",
        "coordinates": [
          [
            -132.84341,
            23.62536
          ],
          [
            -132.69496,
            21.84944
          ],
          [
            -132.54722,
            20.07029
          ]
        ]
      }
    },
    {
      "type": "Feature",
      "id": "route:searoutes:502",
      "properties": {
        "id": "route:searoutes:502",
        "group": "searoutes",
        "feature": 1,
        "route_type": "searoute",
        "speed_multiplier": 1.0,
        "allowed_movement_types": [
          "ship",
          "flight"
        ],
        "kind": "searoute",
        "review_status": "candidate"
      },
      "geometry": {
        "type": "LineString",
        "coordinates": [
          [
            -129.34263,
            -32.49417
          ],
          [
            -129.54896,
            -33.70471
          ],
          [
            -131.56985,
            -33.34744
          ]
        ]
      }
    },
    {
      "type": "Feature",
      "id": "route:searoutes:503",
      "properties": {
        "id": "route:searoutes:503",
        "group": "searoutes",
        "feature": 1,
        "route_type": "searoute",
        "speed_multiplier": 1.0,
        "allowed_movement_types": [
          "ship",
          "flight"
        ],
        "kind": "searoute",
        "review_status": "candidate"
      },
      "geometry": {
        "type": "LineString",
        "coordinates": [
          [
            -128.68373,
            -33.25651
          ],
          [
            -129.54896,
            -33.70471
          ],
          [
            -130.25062,
            -34.9972
          ]
        ]
      }
    },
    {
      "type": "Feature",
      "id": "route:searoutes:504",
      "properties": {
        "id": "route:searoutes:504",
        "group": "searoutes",
        "feature": 1,
        "route_type": "searoute",
        "speed_multiplier": 1.0,
        "allowed_movement_types": [
          "ship",
          "flight"
        ],
        "kind": "searoute",
        "review_status": "candidate"
      },
      "geometry": {
        "type": "LineString",
        "coordinates": [
          [
            -127.05394,
            -33.99369
          ],
          [
            -127.88462,
            -33.88877
          ],
          [
            -128.71778,
            -33.80534
          ],
          [
            -129.54896,
            -33.70471
          ]
        ]
      }
    },
    {
      "type": "Feature",
      "id": "route:searoutes:505",
      "properties": {
        "id": "route:searoutes:505",
        "group": "searoutes",
        "feature": 1,
        "route_type": "searoute",
        "speed_multiplier": 1.0,
        "allowed_movement_types": [
          "ship",
          "flight"
        ],
        "kind": "searoute",
        "review_status": "candidate"
      },
      "geometry": {
        "type": "LineString",
        "coordinates": [
          [
            -126.67255,
            -41.81621
          ],
          [
            -128.32104,
            -41.1387
          ]
        ]
      }
    },
    {
      "type": "Feature",
      "id": "route:trails:26",
      "properties": {
        "id": "route:trails:26",
        "group": "trails",
        "feature": 2,
        "route_type": "trail",
        "speed_multiplier": 1.2,
        "allowed_movement_types": [
          "land",
          "flight"
        ],
        "kind": "road",
        "review_status": "candidate"
      },
      "geometry": {
        "type": "LineString",
        "coordinates": [
          [
            69.83784,
            -7.45555
          ],
          [
            68.09518,
            -8.18842
          ],
          [
            66.74253,
            -8.90188
          ],
          [
            63.70257,
            -9.39645
          ],
          [
            61.35025,
            -10.80611
          ]
        ]
      }
    },
    {
      "type": "Feature",
      "id": "route:trails:27",
      "properties": {
        "id": "route:trails:27",
        "group": "trails",
        "feature": 2,
        "route_type": "trail",
        "speed_multiplier": 1.2,
        "allowed_movement_types": [
          "land",
          "flight"
        ],
        "kind": "road",
        "review_status": "candidate"
      },
      "geometry": {
        "type": "LineString",
        "coordinates": [
          [
            67.30976,
            -1.43051
          ],
          [
            68.84034,
            -4.0367
          ],
          [
            69.83784,
            -7.45555
          ],
          [
            71.00106,
            -9.52764
          ],
          [
            69.1466,
            -10.99553
          ],
          [
            69.18578,
            -12.4893
          ],
          [
            69.61138,
            -14.41042
          ],
          [
            69.15774,
            -17.07268
          ],
          [
            70.43958,
            -19.18754
          ],
          [
            71.77677,
            -20.52927
          ],
          [
            74.1316,
            -20.63315
          ],
          [
            76.43395,
            -19.58291
          ],
          [
            77.72837,
            -18.5722
          ],
          [
            81.78273,
            -18.68722
          ],
          [
            83.25795,
            -19.67923
          ],
          [
            84.01102,
            -21.53746
          ],
          [
            83.86976,
            -22.24876
          ],
          [
            85.9575,
            -26.0655
          ]
        ]
      }
    },
    {
      "type": "Feature",
      "id": "route:trails:28",
      "properties": {
        "id": "route:trails:28",
        "group": "trails",
        "feature": 2,
        "route_type": "trail",
        "speed_multiplier": 1.2,
        "allowed_movement_types": [
          "land",
          "flight"
        ],
        "kind": "road",
        "review_status": "candidate"
      },
      "geometry": {
        "type": "LineString",
        "coordinates": [
          [
            59.99401,
            -1.44848
          ],
          [
            57.63487,
            -1.27596
          ],
          [
            55.60032,
            -0.42987
          ],
          [
            54.70131,
            1.89237
          ],
          [
            53.26418,
            3.04505
          ],
          [
            52.46402,
            4.30735
          ],
          [
            51.15523,
            4.93814
          ],
          [
            48.40212,
            7.25319
          ]
        ]
      }
    },
    {
      "type": "Feature",
      "id": "route:trails:29",
      "properties": {
        "id": "route:trails:29",
        "group": "trails",
        "feature": 2,
        "route_type": "trail",
        "speed_multiplier": 1.2,
        "allowed_movement_types": [
          "land",
          "flight"
        ],
        "kind": "road",
        "review_status": "candidate"
      },
      "geometry": {
        "type": "LineString",
        "coordinates": [
          [
            59.99401,
            -1.44848
          ],
          [
            61.00913,
            -2.81861
          ],
          [
            62.87976,
            -2.88978
          ],
          [
            65.24609,
            -2.0135
          ],
          [
            67.30976,
            -1.43051
          ],
          [
            70.64951,
            -1.15016
          ],
          [
            72.24012,
            -0.84573
          ],
          [
            76.55976,
            -0.03127
          ]
        ]
      }
    },
    {
      "type": "Feature",
      "id": "route:trails:30",
      "properties": {
        "id": "route:trails:30",
        "group": "trails",
        "feature": 2,
        "route_type": "trail",
        "speed_multiplier": 1.2,
        "allowed_movement_types": [
          "land",
          "flight"
        ],
        "kind": "road",
        "review_status": "candidate"
      },
      "geometry": {
        "type": "LineString",
        "coordinates": [
          [
            59.57739,
            -17.69089
          ],
          [
            58.1489,
            -15.32804
          ],
          [
            58.19599,
            -13.82348
          ],
          [
            61.35025,
            -10.80611
          ]
        ]
      }
    },
    {
      "type": "Feature",
      "id": "route:trails:31",
      "properties": {
        "id": "route:trails:31",
        "group": "trails",
        "feature": 2,
        "route_type": "trail",
        "speed_multiplier": 1.2,
        "allowed_movement_types": [
          "land",
          "flight"
        ],
        "kind": "road",
        "review_status": "candidate"
      },
      "geometry": {
        "type": "LineString",
        "coordinates": [
          [
            58.19599,
            -13.82348
          ],
          [
            55.81851,
            -10.29429
          ],
          [
            54.03379,
            -12.28694
          ],
          [
            50.94638,
            -9.96254
          ],
          [
            46.75651,
            -10.56494
          ]
        ]
      }
    },
    {
      "type": "Feature",
      "id": "route:trails:32",
      "properties": {
        "id": "route:trails:32",
        "group": "trails",
        "feature": 2,
        "route_type": "trail",
        "speed_multiplier": 1.2,
        "allowed_movement_types": [
          "land",
          "flight"
        ],
        "kind": "road",
        "review_status": "candidate"
      },
      "geometry": {
        "type": "LineString",
        "coordinates": [
          [
            60.43758,
            -22.39289
          ],
          [
            59.98251,
            -21.34229
          ],
          [
            59.57739,
            -17.69089
          ]
        ]
      }
    },
    {
      "type": "Feature",
      "id": "route:trails:33",
      "properties": {
        "id": "route:trails:33",
        "group": "trails",
        "feature": 2,
        "route_type": "trail",
        "speed_multiplier": 1.2,
        "allowed_movement_types": [
          "land",
          "flight"
        ],
        "kind": "road",
        "review_status": "candidate"
      },
      "geometry": {
        "type": "LineString",
        "coordinates": [
          [
            53.01364,
            -18.7131
          ],
          [
            54.61144,
            -18.79038
          ],
          [
            57.45837,
            -18.33498
          ],
          [
            59.57739,
            -17.69089
          ]
        ]
      }
    },
    {
      "type": "Feature",
      "id": "route:trails:34",
      "properties": {
        "id": "route:trails:34",
        "group": "trails",
        "feature": 2,
        "route_type": "trail",
        "speed_multiplier": 1.2,
        "allowed_movement_types": [
          "land",
          "flight"
        ],
        "kind": "road",
        "review_status": "candidate"
      },
      "geometry": {
        "type": "LineString",
        "coordinates": [
          [
            54.61144,
            -18.79038
          ],
          [
            54.72288,
            -16.72081
          ],
          [
            54.03379,
            -12.28694
          ]
        ]
      }
    },
    {
      "type": "Feature",
      "id": "route:trails:35",
      "properties": {
        "id": "route:trails:35",
        "group": "trails",
        "feature": 2,
        "route_type": "trail",
        "speed_multiplier": 1.2,
        "allowed_movement_types": [
          "land",
          "flight"
        ],
        "kind": "road",
        "review_status": "candidate"
      },
      "geometry": {
        "type": "LineString",
        "coordinates": [
          [
            72.43027,
            7.87572
          ],
          [
            72.56723,
            9.99669
          ],
          [
            70.35259,
            12.72616
          ],
          [
            69.12935,
            13.10176
          ],
          [
            67.76088,
            14.44996
          ],
          [
            65.27305,
            16.93754
          ],
          [
            67.44743,
            17.81022
          ],
          [
            68.76485,
            19.31082
          ],
          [
            70.21851,
            20.81753
          ],
          [
            70.25446,
            23.58259
          ],
          [
            72.2146,
            22.36737
          ],
          [
            75.59353,
            22.7613
          ],
          [
            78.24312,
            24.93367
          ],
          [
            80.7863,
            25.44261
          ]
        ]
      }
    },
    {
      "type": "Feature",
      "id": "route:trails:36",
      "properties": {
        "id": "route:trails:36",
        "group": "trails",
        "feature": 2,
        "route_type": "trail",
        "speed_multiplier": 1.2,
        "allowed_movement_types": [
          "land",
          "flight"
        ],
        "kind": "road",
        "review_status": "candidate"
      },
      "geometry": {
        "type": "LineString",
        "coordinates": [
          [
            84.09658,
            -12.20463
          ],
          [
            83.43157,
            -11.48506
          ],
          [
            81.82874,
            -11.4847
          ],
          [
            79.84272,
            -12.61725
          ],
          [
            77.94225,
            -12.40447
          ],
          [
            74.79121,
            -12.87999
          ],
          [
            73.29226,
            -12.01234
          ],
          [
            71.00106,
            -9.52764
          ]
        ]
      }
    },
    {
      "type": "Feature",
      "id": "route:trails:37",
      "properties": {
        "id": "route:trails:37",
        "group": "trails",
        "feature": 2,
        "route_type": "trail",
        "speed_multiplier": 1.2,
        "allowed_movement_types": [
          "land",
          "flight"
        ],
        "kind": "road",
        "review_status": "candidate"
      },
      "geometry": {
        "type": "LineString",
        "coordinates": [
          [
            75.81568,
            3.78043
          ],
          [
            76.58816,
            1.98798
          ],
          [
            76.55976,
            -0.03127
          ]
        ]
      }
    },
    {
      "type": "Feature",
      "id": "route:trails:38",
      "properties": {
        "id": "route:trails:38",
        "group": "trails",
        "feature": 2,
        "route_type": "trail",
        "speed_multiplier": 1.2,
        "allowed_movement_types": [
          "land",
          "flight"
        ],
        "kind": "road",
        "review_status": "candidate"
      },
      "geometry": {
        "type": "LineString",
        "coordinates": [
          [
            75.12443,
            6.29677
          ],
          [
            75.81568,
            3.78043
          ]
        ]
      }
    },
    {
      "type": "Feature",
      "id": "route:trails:39",
      "properties": {
        "id": "route:trails:39",
        "group": "trails",
        "feature": 2,
        "route_type": "trail",
        "speed_multiplier": 1.2,
        "allowed_movement_types": [
          "land",
          "flight"
        ],
        "kind": "road",
        "review_status": "candidate"
      },
      "geometry": {
        "type": "LineString",
        "coordinates": [
          [
            76.05148,
            11.62488
          ],
          [
            75.89656,
            10.8
          ],
          [
            72.43027,
            7.87572
          ],
          [
            75.12443,
            6.29677
          ]
        ]
      }
    },
    {
      "type": "Feature",
      "id": "route:trails:40",
      "properties": {
        "id": "route:trails:40",
        "group": "trails",
        "feature": 2,
        "route_type": "trail",
        "speed_multiplier": 1.2,
        "allowed_movement_types": [
          "land",
          "flight"
        ],
        "kind": "road",
        "review_status": "candidate"
      },
      "geometry": {
        "type": "LineString",
        "coordinates": [
          [
            76.58816,
            1.98798
          ],
          [
            78.29056,
            2.82831
          ],
          [
            79.36859,
            4.17616
          ],
          [
            79.97895,
            8.35339
          ]
        ]
      }
    },
    {
      "type": "Feature",
      "id": "route:trails:41",
      "properties": {
        "id": "route:trails:41",
        "group": "trails",
        "feature": 2,
        "route_type": "trail",
        "speed_multiplier": 1.2,
        "allowed_movement_types": [
          "land",
          "flight"
        ],
        "kind": "road",
        "review_status": "candidate"
      },
      "geometry": {
        "type": "LineString",
        "coordinates": [
          [
            79.89376,
            10.10595
          ],
          [
            79.97895,
            8.35339
          ]
        ]
      }
    },
    {
      "type": "Feature",
      "id": "route:trails:42",
      "properties": {
        "id": "route:trails:42",
        "group": "trails",
        "feature": 2,
        "route_type": "trail",
        "speed_multiplier": 1.2,
        "allowed_movement_types": [
          "land",
          "flight"
        ],
        "kind": "road",
        "review_status": "candidate"
      },
      "geometry": {
        "type": "LineString",
        "coordinates": [
          [
            69.71203,
            -28.60196
          ],
          [
            69.2832,
            -27.74581
          ],
          [
            69.07399,
            -26.25635
          ],
          [
            67.90215,
            -23.97903
          ],
          [
            65.00238,
            -21.37248
          ]
        ]
      }
    },
    {
      "type": "Feature",
      "id": "route:trails:43",
      "properties": {
        "id": "route:trails:43",
        "group": "trails",
        "feature": 2,
        "route_type": "trail",
        "speed_multiplier": 1.2,
        "allowed_movement_types": [
          "land",
          "flight"
        ],
        "kind": "road",
        "review_status": "candidate"
      },
      "geometry": {
        "type": "LineString",
        "coordinates": [
          [
            62.75682,
            -22.32784
          ],
          [
            60.43758,
            -22.39289
          ],
          [
            57.5468,
            -23.43199
          ],
          [
            54.61396,
            -26.0982
          ]
        ]
      }
    },
    {
      "type": "Feature",
      "id": "route:trails:44",
      "properties": {
        "id": "route:trails:44",
        "group": "trails",
        "feature": 2,
        "route_type": "trail",
        "speed_multiplier": 1.2,
        "allowed_movement_types": [
          "land",
          "flight"
        ],
        "kind": "road",
        "review_status": "candidate"
      },
      "geometry": {
        "type": "LineString",
        "coordinates": [
          [
            54.61144,
            -18.79038
          ],
          [
            55.8239,
            -20.78482
          ],
          [
            56.00579,
            -22.55643
          ],
          [
            54.61396,
            -26.0982
          ]
        ]
      }
    },
    {
      "type": "Feature",
      "id": "route:trails:45",
      "properties": {
        "id": "route:trails:45",
        "group": "trails",
        "feature": 2,
        "route_type": "trail",
        "speed_multiplier": 1.2,
        "allowed_movement_types": [
          "land",
          "flight"
        ],
        "kind": "road",
        "review_status": "candidate"
      },
      "geometry": {
        "type": "LineString",
        "coordinates": [
          [
            90.57981,
            -10.32196
          ],
          [
            88.41693,
            -10.42404
          ],
          [
            86.84034,
            -10.94665
          ],
          [
            84.09658,
            -12.20463
          ],
          [
            83.59549,
            -14.55958
          ],
          [
            82.14506,
            -16.63059
          ],
          [
            81.78273,
            -18.68722
          ]
        ]
      }
    },
    {
      "type": "Feature",
      "id": "route:trails:46",
      "properties": {
        "id": "route:trails:46",
        "group": "trails",
        "feature": 2,
        "route_type": "trail",
        "speed_multiplier": 1.2,
        "allowed_movement_types": [
          "land",
          "flight"
        ],
        "kind": "road",
        "review_status": "candidate"
      },
      "geometry": {
        "type": "LineString",
        "coordinates": [
          [
            46.81006,
            -19.98187
          ],
          [
            49.60775,
            -18.99381
          ],
          [
            51.35796,
            -19.28458
          ],
          [
            53.01364,
            -18.7131
          ]
        ]
      }
    },
    {
      "type": "Feature",
      "id": "route:trails:47",
      "properties": {
        "id": "route:trails:47",
        "group": "trails",
        "feature": 2,
        "route_type": "trail",
        "speed_multiplier": 1.2,
        "allowed_movement_types": [
          "land",
          "flight"
        ],
        "kind": "road",
        "review_status": "candidate"
      },
      "geometry": {
        "type": "LineString",
        "coordinates": [
          [
            53.87778,
            -29.25395
          ],
          [
            54.61396,
            -26.0982
          ]
        ]
      }
    },
    {
      "type": "Feature",
      "id": "route:trails:48",
      "properties": {
        "id": "route:trails:48",
        "group": "trails",
        "feature": 2,
        "route_type": "trail",
        "speed_multiplier": 1.2,
        "allowed_movement_types": [
          "land",
          "flight"
        ],
        "kind": "road",
        "review_status": "candidate"
      },
      "geometry": {
        "type": "LineString",
        "coordinates": [
          [
            90.79477,
            -6.97931
          ],
          [
            89.30049,
            -7.15723
          ],
          [
            88.92809,
            -8.14708
          ],
          [
            89.35477,
            -9.20128
          ],
          [
            90.57981,
            -10.32196
          ],
          [
            92.28689,
            -13.29153
          ],
          [
            93.87714,
            -13.88279
          ],
          [
            93.52883,
            -14.76482
          ],
          [
            93.85666,
            -15.68566
          ],
          [
            92.13771,
            -18.20811
          ],
          [
            91.784,
            -20.3607
          ],
          [
            90.41302,
            -23.45104
          ],
          [
            89.3997,
            -24.09333
          ],
          [
            88.95145,
            -25.1238
          ],
          [
            89.6506,
            -28.02903
          ],
          [
            91.94648,
            -27.64732
          ],
          [
            91.15818,
            -29.79381
          ],
          [
            92.00867,
            -33.32947
          ]
        ]
      }
    },
    {
      "type": "Feature",
      "id": "route:trails:49",
      "properties": {
        "id": "route:trails:49",
        "group": "trails",
        "feature": 2,
        "route_type": "trail",
        "speed_multiplier": 1.2,
        "allowed_movement_types": [
          "land",
          "flight"
        ],
        "kind": "road",
        "review_status": "candidate"
      },
      "geometry": {
        "type": "LineString",
        "coordinates": [
          [
            79.89376,
            10.10595
          ],
          [
            82.32084,
            10.9222
          ],
          [
            84.55093,
            13.26494
          ],
          [
            87.1599,
            13.80228
          ]
        ]
      }
    },
    {
      "type": "Feature",
      "id": "route:trails:50",
      "properties": {
        "id": "route:trails:50",
        "group": "trails",
        "feature": 2,
        "route_type": "trail",
        "speed_multiplier": 1.2,
        "allowed_movement_types": [
          "land",
          "flight"
        ],
        "kind": "road",
        "review_status": "candidate"
      },
      "geometry": {
        "type": "LineString",
        "coordinates": [
          [
            78.15577,
            11.31685
          ],
          [
            79.89376,
            10.10595
          ]
        ]
      }
    },
    {
      "type": "Feature",
      "id": "route:trails:51",
      "properties": {
        "id": "route:trails:51",
        "group": "trails",
        "feature": 2,
        "route_type": "trail",
        "speed_multiplier": 1.2,
        "allowed_movement_types": [
          "land",
          "flight"
        ],
        "kind": "road",
        "review_status": "candidate"
      },
      "geometry": {
        "type": "LineString",
        "coordinates": [
          [
            69.71203,
            -28.60196
          ],
          [
            67.35289,
            -31.32712
          ],
          [
            66.75619,
            -31.70631
          ],
          [
            63.84024,
            -32.63219
          ]
        ]
      }
    },
    {
      "type": "Feature",
      "id": "route:trails:52",
      "properties": {
        "id": "route:trails:52",
        "group": "trails",
        "feature": 2,
        "route_type": "trail",
        "speed_multiplier": 1.2,
        "allowed_movement_types": [
          "land",
          "flight"
        ],
        "kind": "road",
        "review_status": "candidate"
      },
      "geometry": {
        "type": "LineString",
        "coordinates": [
          [
            68.45068,
            -33.33522
          ],
          [
            67.35289,
            -31.32712
          ]
        ]
      }
    },
    {
      "type": "Feature",
      "id": "route:trails:53",
      "properties": {
        "id": "route:trails:53",
        "group": "trails",
        "feature": 2,
        "route_type": "trail",
        "speed_multiplier": 1.2,
        "allowed_movement_types": [
          "land",
          "flight"
        ],
        "kind": "road",
        "review_status": "candidate"
      },
      "geometry": {
        "type": "LineString",
        "coordinates": [
          [
            81.61845,
            -27.69872
          ],
          [
            83.23531,
            -30.33259
          ]
        ]
      }
    },
    {
      "type": "Feature",
      "id": "route:trails:54",
      "properties": {
        "id": "route:trails:54",
        "group": "trails",
        "feature": 2,
        "route_type": "trail",
        "speed_multiplier": 1.2,
        "allowed_movement_types": [
          "land",
          "flight"
        ],
        "kind": "road",
        "review_status": "candidate"
      },
      "geometry": {
        "type": "LineString",
        "coordinates": [
          [
            81.61845,
            -27.69872
          ],
          [
            84.12066,
            -27.37344
          ],
          [
            85.9575,
            -26.0655
          ]
        ]
      }
    },
    {
      "type": "Feature",
      "id": "route:trails:55",
      "properties": {
        "id": "route:trails:55",
        "group": "trails",
        "feature": 2,
        "route_type": "trail",
        "speed_multiplier": 1.2,
        "allowed_movement_types": [
          "land",
          "flight"
        ],
        "kind": "road",
        "review_status": "candidate"
      },
      "geometry": {
        "type": "LineString",
        "coordinates": [
          [
            81.61845,
            -27.69872
          ],
          [
            79.92971,
            -28.84852
          ],
          [
            78.26828,
            -29.01925
          ],
          [
            75.4803,
            -28.80683
          ],
          [
            74.80092,
            -31.88818
          ]
        ]
      }
    },
    {
      "type": "Feature",
      "id": "route:trails:56",
      "properties": {
        "id": "route:trails:56",
        "group": "trails",
        "feature": 2,
        "route_type": "trail",
        "speed_multiplier": 1.2,
        "allowed_movement_types": [
          "land",
          "flight"
        ],
        "kind": "road",
        "review_status": "candidate"
      },
      "geometry": {
        "type": "LineString",
        "coordinates": [
          [
            90.79477,
            -6.97931
          ],
          [
            91.90011,
            -5.78818
          ],
          [
            93.17584,
            -5.33027
          ],
          [
            94.60326,
            -5.60739
          ]
        ]
      }
    },
    {
      "type": "Feature",
      "id": "route:trails:57",
      "properties": {
        "id": "route:trails:57",
        "group": "trails",
        "feature": 2,
        "route_type": "trail",
        "speed_multiplier": 1.2,
        "allowed_movement_types": [
          "land",
          "flight"
        ],
        "kind": "road",
        "review_status": "candidate"
      },
      "geometry": {
        "type": "LineString",
        "coordinates": [
          [
            54.78686,
            -30.56118
          ],
          [
            55.41232,
            -31.94173
          ],
          [
            55.95762,
            -33.02252
          ],
          [
            57.95083,
            -32.3008
          ],
          [
            60.12126,
            -30.02061
          ]
        ]
      }
    },
    {
      "type": "Feature",
      "id": "route:trails:58",
      "properties": {
        "id": "route:trails:58",
        "group": "trails",
        "feature": 2,
        "route_type": "trail",
        "speed_multiplier": 1.2,
        "allowed_movement_types": [
          "land",
          "flight"
        ],
        "kind": "road",
        "review_status": "candidate"
      },
      "geometry": {
        "type": "LineString",
        "coordinates": [
          [
            75.59353,
            22.7613
          ],
          [
            74.90804,
            20.84413
          ],
          [
            74.76353,
            18.60779
          ],
          [
            75.68915,
            17.01338
          ],
          [
            76.21971,
            15.53506
          ],
          [
            76.05148,
            11.62488
          ],
          [
            78.15577,
            11.31685
          ]
        ]
      }
    },
    {
      "type": "Feature",
      "id": "route:trails:59",
      "properties": {
        "id": "route:trails:59",
        "group": "trails",
        "feature": 2,
        "route_type": "trail",
        "speed_multiplier": 1.2,
        "allowed_movement_types": [
          "land",
          "flight"
        ],
        "kind": "road",
        "review_status": "candidate"
      },
      "geometry": {
        "type": "LineString",
        "coordinates": [
          [
            95.00765,
            -8.84077
          ],
          [
            95.65612,
            -6.66733
          ],
          [
            94.07089,
            -7.852
          ],
          [
            95.00765,
            -8.84077
          ]
        ]
      }
    },
    {
      "type": "Feature",
      "id": "route:trails:60",
      "properties": {
        "id": "route:trails:60",
        "group": "trails",
        "feature": 2,
        "route_type": "trail",
        "speed_multiplier": 1.2,
        "allowed_movement_types": [
          "land",
          "flight"
        ],
        "kind": "road",
        "review_status": "candidate"
      },
      "geometry": {
        "type": "LineString",
        "coordinates": [
          [
            90.68837,
            9.34397
          ],
          [
            94.1701,
            9.86657
          ]
        ]
      }
    },
    {
      "type": "Feature",
      "id": "route:trails:61",
      "properties": {
        "id": "route:trails:61",
        "group": "trails",
        "feature": 2,
        "route_type": "trail",
        "speed_multiplier": 1.2,
        "allowed_movement_types": [
          "land",
          "flight"
        ],
        "kind": "road",
        "review_status": "candidate"
      },
      "geometry": {
        "type": "LineString",
        "coordinates": [
          [
            62.12453,
            25.06414
          ],
          [
            61.26147,
            24.07788
          ],
          [
            61.44695,
            23.09665
          ],
          [
            62.39593,
            22.01334
          ],
          [
            62.55948,
            19.66701
          ],
          [
            65.27305,
            16.93754
          ]
        ]
      }
    },
    {
      "type": "Feature",
      "id": "route:trails:62",
      "properties": {
        "id": "route:trails:62",
        "group": "trails",
        "feature": 2,
        "route_type": "trail",
        "speed_multiplier": 1.2,
        "allowed_movement_types": [
          "land",
          "flight"
        ],
        "kind": "road",
        "review_status": "candidate"
      },
      "geometry": {
        "type": "LineString",
        "coordinates": [
          [
            36.97378,
            2.91242
          ],
          [
            36.90009,
            0.87196
          ],
          [
            35.80373,
            -0.84788
          ],
          [
            36.04673,
            -3.4361
          ]
        ]
      }
    },
    {
      "type": "Feature",
      "id": "route:trails:63",
      "properties": {
        "id": "route:trails:63",
        "group": "trails",
        "feature": 2,
        "route_type": "trail",
        "speed_multiplier": 1.2,
        "allowed_movement_types": [
          "land",
          "flight"
        ],
        "kind": "road",
        "review_status": "candidate"
      },
      "geometry": {
        "type": "LineString",
        "coordinates": [
          [
            45.84383,
            -17.44038
          ],
          [
            44.17414,
            -16.97923
          ]
        ]
      }
    },
    {
      "type": "Feature",
      "id": "route:trails:64",
      "properties": {
        "id": "route:trails:64",
        "group": "trails",
        "feature": 2,
        "route_type": "trail",
        "speed_multiplier": 1.2,
        "allowed_movement_types": [
          "land",
          "flight"
        ],
        "kind": "road",
        "review_status": "candidate"
      },
      "geometry": {
        "type": "LineString",
        "coordinates": [
          [
            68.45068,
            -33.33522
          ],
          [
            68.74832,
            -36.64481
          ]
        ]
      }
    },
    {
      "type": "Feature",
      "id": "route:trails:65",
      "properties": {
        "id": "route:trails:65",
        "group": "trails",
        "feature": 2,
        "route_type": "trail",
        "speed_multiplier": 1.2,
        "allowed_movement_types": [
          "land",
          "flight"
        ],
        "kind": "road",
        "review_status": "candidate"
      },
      "geometry": {
        "type": "LineString",
        "coordinates": [
          [
            62.37831,
            -36.65487
          ],
          [
            61.56126,
            -33.19541
          ]
        ]
      }
    },
    {
      "type": "Feature",
      "id": "route:trails:66",
      "properties": {
        "id": "route:trails:66",
        "group": "trails",
        "feature": 2,
        "route_type": "trail",
        "speed_multiplier": 1.2,
        "allowed_movement_types": [
          "land",
          "flight"
        ],
        "kind": "road",
        "review_status": "candidate"
      },
      "geometry": {
        "type": "LineString",
        "coordinates": [
          [
            93.85666,
            -15.68566
          ],
          [
            94.56839,
            -17.04357
          ],
          [
            95.27796,
            -17.49824
          ],
          [
            96.87181,
            -18.16246
          ]
        ]
      }
    },
    {
      "type": "Feature",
      "id": "route:trails:67",
      "properties": {
        "id": "route:trails:67",
        "group": "trails",
        "feature": 2,
        "route_type": "trail",
        "speed_multiplier": 1.2,
        "allowed_movement_types": [
          "land",
          "flight"
        ],
        "kind": "road",
        "review_status": "candidate"
      },
      "geometry": {
        "type": "LineString",
        "coordinates": [
          [
            68.6696,
            26.57696
          ],
          [
            69.82742,
            25.42644
          ],
          [
            70.25446,
            23.58259
          ]
        ]
      }
    },
    {
      "type": "Feature",
      "id": "route:trails:68",
      "properties": {
        "id": "route:trails:68",
        "group": "trails",
        "feature": 2,
        "route_type": "trail",
        "speed_multiplier": 1.2,
        "allowed_movement_types": [
          "land",
          "flight"
        ],
        "kind": "road",
        "review_status": "candidate"
      },
      "geometry": {
        "type": "LineString",
        "coordinates": [
          [
            82.59295,
            -33.37728
          ],
          [
            83.23531,
            -30.33259
          ]
        ]
      }
    },
    {
      "type": "Feature",
      "id": "route:trails:69",
      "properties": {
        "id": "route:trails:69",
        "group": "trails",
        "feature": 2,
        "route_type": "trail",
        "speed_multiplier": 1.2,
        "allowed_movement_types": [
          "land",
          "flight"
        ],
        "kind": "road",
        "review_status": "candidate"
      },
      "geometry": {
        "type": "LineString",
        "coordinates": [
          [
            89.6506,
            -28.02903
          ],
          [
            85.9575,
            -26.0655
          ]
        ]
      }
    },
    {
      "type": "Feature",
      "id": "route:trails:70",
      "properties": {
        "id": "route:trails:70",
        "group": "trails",
        "feature": 2,
        "route_type": "trail",
        "speed_multiplier": 1.2,
        "allowed_movement_types": [
          "land",
          "flight"
        ],
        "kind": "road",
        "review_status": "candidate"
      },
      "geometry": {
        "type": "LineString",
        "coordinates": [
          [
            57.19525,
            23.14085
          ],
          [
            58.51734,
            24.83123
          ],
          [
            61.26147,
            24.07788
          ]
        ]
      }
    },
    {
      "type": "Feature",
      "id": "route:trails:71",
      "properties": {
        "id": "route:trails:71",
        "group": "trails",
        "feature": 2,
        "route_type": "trail",
        "speed_multiplier": 1.2,
        "allowed_movement_types": [
          "land",
          "flight"
        ],
        "kind": "road",
        "review_status": "candidate"
      },
      "geometry": {
        "type": "LineString",
        "coordinates": [
          [
            52.52585,
            24.04984
          ],
          [
            55.55035,
            24.08111
          ],
          [
            57.19525,
            23.14085
          ]
        ]
      }
    },
    {
      "type": "Feature",
      "id": "route:trails:72",
      "properties": {
        "id": "route:trails:72",
        "group": "trails",
        "feature": 2,
        "route_type": "trail",
        "speed_multiplier": 1.2,
        "allowed_movement_types": [
          "land",
          "flight"
        ],
        "kind": "road",
        "review_status": "candidate"
      },
      "geometry": {
        "type": "LineString",
        "coordinates": [
          [
            48.55525,
            20.47823
          ],
          [
            51.519,
            21.85339
          ],
          [
            52.13907,
            23.57935
          ],
          [
            52.52585,
            24.04984
          ],
          [
            52.77028,
            27.3871
          ],
          [
            54.52337,
            28.67312
          ],
          [
            56.43175,
            29.24245
          ],
          [
            57.77506,
            27.79109
          ],
          [
            58.51734,
            24.83123
          ]
        ]
      }
    },
    {
      "type": "Feature",
      "id": "route:trails:73",
      "properties": {
        "id": "route:trails:73",
        "group": "trails",
        "feature": 2,
        "route_type": "trail",
        "speed_multiplier": 1.2,
        "allowed_movement_types": [
          "land",
          "flight"
        ],
        "kind": "road",
        "review_status": "candidate"
      },
      "geometry": {
        "type": "LineString",
        "coordinates": [
          [
            85.1462,
            25.77831
          ],
          [
            80.7863,
            25.44261
          ],
          [
            82.05628,
            28.56745
          ]
        ]
      }
    },
    {
      "type": "Feature",
      "id": "route:trails:74",
      "properties": {
        "id": "route:trails:74",
        "group": "trails",
        "feature": 2,
        "route_type": "trail",
        "speed_multiplier": 1.2,
        "allowed_movement_types": [
          "land",
          "flight"
        ],
        "kind": "road",
        "review_status": "candidate"
      },
      "geometry": {
        "type": "LineString",
        "coordinates": [
          [
            48.55525,
            20.47823
          ],
          [
            44.78774,
            19.80395
          ],
          [
            45.30105,
            22.49065
          ],
          [
            44.27335,
            26.1133
          ],
          [
            43.52136,
            27.16354
          ],
          [
            40.85344,
            29.45308
          ],
          [
            41.97855,
            32.3008
          ],
          [
            38.70818,
            35.0522
          ]
        ]
      }
    },
    {
      "type": "Feature",
      "id": "route:trails:75",
      "properties": {
        "id": "route:trails:75",
        "group": "trails",
        "feature": 2,
        "route_type": "trail",
        "speed_multiplier": 1.2,
        "allowed_movement_types": [
          "land",
          "flight"
        ],
        "kind": "road",
        "review_status": "candidate"
      },
      "geometry": {
        "type": "LineString",
        "coordinates": [
          [
            82.59295,
            -33.37728
          ],
          [
            83.49915,
            -36.0859
          ],
          [
            81.93262,
            -38.59038
          ]
        ]
      }
    },
    {
      "type": "Feature",
      "id": "route:trails:76",
      "properties": {
        "id": "route:trails:76",
        "group": "trails",
        "feature": 2,
        "route_type": "trail",
        "speed_multiplier": 1.2,
        "allowed_movement_types": [
          "land",
          "flight"
        ],
        "kind": "road",
        "review_status": "candidate"
      },
      "geometry": {
        "type": "LineString",
        "coordinates": [
          [
            82.59295,
            -33.37728
          ],
          [
            84.99379,
            -33.0387
          ]
        ]
      }
    },
    {
      "type": "Feature",
      "id": "route:trails:77",
      "properties": {
        "id": "route:trails:77",
        "group": "trails",
        "feature": 2,
        "route_type": "trail",
        "speed_multiplier": 1.2,
        "allowed_movement_types": [
          "land",
          "flight"
        ],
        "kind": "road",
        "review_status": "candidate"
      },
      "geometry": {
        "type": "LineString",
        "coordinates": [
          [
            91.15818,
            -29.79381
          ],
          [
            89.6506,
            -28.02903
          ]
        ]
      }
    },
    {
      "type": "Feature",
      "id": "route:trails:78",
      "properties": {
        "id": "route:trails:78",
        "group": "trails",
        "feature": 2,
        "route_type": "trail",
        "speed_multiplier": 1.2,
        "allowed_movement_types": [
          "land",
          "flight"
        ],
        "kind": "road",
        "review_status": "candidate"
      },
      "geometry": {
        "type": "LineString",
        "coordinates": [
          [
            100.48691,
            0.29653
          ],
          [
            97.96565,
            -0.07979
          ],
          [
            95.72873,
            -0.79972
          ],
          [
            93.88757,
            -1.49521
          ]
        ]
      }
    },
    {
      "type": "Feature",
      "id": "route:trails:79",
      "properties": {
        "id": "route:trails:79",
        "group": "trails",
        "feature": 2,
        "route_type": "trail",
        "speed_multiplier": 1.2,
        "allowed_movement_types": [
          "land",
          "flight"
        ],
        "kind": "road",
        "review_status": "candidate"
      },
      "geometry": {
        "type": "LineString",
        "coordinates": [
          [
            39.60288,
            14.40252
          ],
          [
            41.85238,
            15.9599
          ],
          [
            42.72875,
            17.2639
          ],
          [
            43.34199,
            18.98123
          ],
          [
            44.78774,
            19.80395
          ]
        ]
      }
    },
    {
      "type": "Feature",
      "id": "route:trails:80",
      "properties": {
        "id": "route:trails:80",
        "group": "trails",
        "feature": 2,
        "route_type": "trail",
        "speed_multiplier": 1.2,
        "allowed_movement_types": [
          "land",
          "flight"
        ],
        "kind": "road",
        "review_status": "candidate"
      },
      "geometry": {
        "type": "LineString",
        "coordinates": [
          [
            39.60288,
            14.40252
          ],
          [
            37.44467,
            15.41717
          ]
        ]
      }
    },
    {
      "type": "Feature",
      "id": "route:trails:81",
      "properties": {
        "id": "route:trails:81",
        "group": "trails",
        "feature": 2,
        "route_type": "trail",
        "speed_multiplier": 1.2,
        "allowed_movement_types": [
          "land",
          "flight"
        ],
        "kind": "road",
        "review_status": "candidate"
      },
      "geometry": {
        "type": "LineString",
        "coordinates": [
          [
            39.33184,
            11.71617
          ],
          [
            39.60288,
            14.40252
          ]
        ]
      }
    },
    {
      "type": "Feature",
      "id": "route:trails:82",
      "properties": {
        "id": "route:trails:82",
        "group": "trails",
        "feature": 2,
        "route_type": "trail",
        "speed_multiplier": 1.2,
        "allowed_movement_types": [
          "land",
          "flight"
        ],
        "kind": "road",
        "review_status": "candidate"
      },
      "geometry": {
        "type": "LineString",
        "coordinates": [
          [
            36.6819,
            4.26961
          ],
          [
            38.1981,
            7.19281
          ],
          [
            39.39115,
            8.0522
          ],
          [
            39.71682,
            9.49852
          ]
        ]
      }
    },
    {
      "type": "Feature",
      "id": "route:trails:83",
      "properties": {
        "id": "route:trails:83",
        "group": "trails",
        "feature": 2,
        "route_type": "trail",
        "speed_multiplier": 1.2,
        "allowed_movement_types": [
          "land",
          "flight"
        ],
        "kind": "road",
        "review_status": "candidate"
      },
      "geometry": {
        "type": "LineString",
        "coordinates": [
          [
            36.6819,
            4.26961
          ],
          [
            36.97378,
            2.91242
          ],
          [
            35.05857,
            2.95483
          ],
          [
            34.19371,
            3.85735
          ],
          [
            31.81624,
            4.14129
          ],
          [
            30.21412,
            3.31282
          ],
          [
            29.18822,
            1.37839
          ]
        ]
      }
    },
    {
      "type": "Feature",
      "id": "route:trails:84",
      "properties": {
        "id": "route:trails:84",
        "group": "trails",
        "feature": 2,
        "route_type": "trail",
        "speed_multiplier": 1.2,
        "allowed_movement_types": [
          "land",
          "flight"
        ],
        "kind": "road",
        "review_status": "candidate"
      },
      "geometry": {
        "type": "LineString",
        "coordinates": [
          [
            68.6696,
            26.57696
          ],
          [
            68.97406,
            29.74996
          ],
          [
            68.64371,
            31.89393
          ]
        ]
      }
    },
    {
      "type": "Feature",
      "id": "route:trails:85",
      "properties": {
        "id": "route:trails:85",
        "group": "trails",
        "feature": 2,
        "route_type": "trail",
        "speed_multiplier": 1.2,
        "allowed_movement_types": [
          "land",
          "flight"
        ],
        "kind": "road",
        "review_status": "candidate"
      },
      "geometry": {
        "type": "LineString",
        "coordinates": [
          [
            62.12453,
            25.06414
          ],
          [
            64.67095,
            25.95335
          ],
          [
            68.6696,
            26.57696
          ]
        ]
      }
    },
    {
      "type": "Feature",
      "id": "route:trails:86",
      "properties": {
        "id": "route:trails:86",
        "group": "trails",
        "feature": 2,
        "route_type": "trail",
        "speed_multiplier": 1.2,
        "allowed_movement_types": [
          "land",
          "flight"
        ],
        "kind": "road",
        "review_status": "candidate"
      },
      "geometry": {
        "type": "LineString",
        "coordinates": [
          [
            52.77028,
            27.3871
          ],
          [
            50.41977,
            27.09201
          ]
        ]
      }
    },
    {
      "type": "Feature",
      "id": "route:trails:87",
      "properties": {
        "id": "route:trails:87",
        "group": "trails",
        "feature": 2,
        "route_type": "trail",
        "speed_multiplier": 1.2,
        "allowed_movement_types": [
          "land",
          "flight"
        ],
        "kind": "road",
        "review_status": "candidate"
      },
      "geometry": {
        "type": "LineString",
        "coordinates": [
          [
            56.43175,
            29.24245
          ],
          [
            58.8139,
            29.7859
          ],
          [
            59.77366,
            30.04864
          ]
        ]
      }
    },
    {
      "type": "Feature",
      "id": "route:trails:88",
      "properties": {
        "id": "route:trails:88",
        "group": "trails",
        "feature": 2,
        "route_type": "trail",
        "speed_multiplier": 1.2,
        "allowed_movement_types": [
          "land",
          "flight"
        ],
        "kind": "road",
        "review_status": "candidate"
      },
      "geometry": {
        "type": "LineString",
        "coordinates": [
          [
            101.11884,
            -14.82412
          ],
          [
            102.72491,
            -14.15487
          ]
        ]
      }
    },
    {
      "type": "Feature",
      "id": "route:trails:89",
      "properties": {
        "id": "route:trails:89",
        "group": "trails",
        "feature": 2,
        "route_type": "trail",
        "speed_multiplier": 1.2,
        "allowed_movement_types": [
          "land",
          "flight"
        ],
        "kind": "road",
        "review_status": "candidate"
      },
      "geometry": {
        "type": "LineString",
        "coordinates": [
          [
            101.28815,
            -12.22548
          ],
          [
            101.11884,
            -14.82412
          ]
        ]
      }
    },
    {
      "type": "Feature",
      "id": "route:trails:90",
      "properties": {
        "id": "route:trails:90",
        "group": "trails",
        "feature": 2,
        "route_type": "trail",
        "speed_multiplier": 1.2,
        "allowed_movement_types": [
          "land",
          "flight"
        ],
        "kind": "road",
        "review_status": "candidate"
      },
      "geometry": {
        "type": "LineString",
        "coordinates": [
          [
            62.37831,
            -36.65487
          ],
          [
            62.90061,
            -37.96677
          ],
          [
            63.97755,
            -39.32863
          ],
          [
            63.51025,
            -40.75843
          ],
          [
            62.16623,
            -41.89673
          ],
          [
            62.57494,
            -43.77939
          ]
        ]
      }
    },
    {
      "type": "Feature",
      "id": "route:trails:91",
      "properties": {
        "id": "route:trails:91",
        "group": "trails",
        "feature": 2,
        "route_type": "trail",
        "speed_multiplier": 1.2,
        "allowed_movement_types": [
          "land",
          "flight"
        ],
        "kind": "road",
        "review_status": "candidate"
      },
      "geometry": {
        "type": "LineString",
        "coordinates": [
          [
            85.4007,
            -36.64661
          ],
          [
            83.49915,
            -36.0859
          ]
        ]
      }
    },
    {
      "type": "Feature",
      "id": "route:trails:92",
      "properties": {
        "id": "route:trails:92",
        "group": "trails",
        "feature": 2,
        "route_type": "trail",
        "speed_multiplier": 1.2,
        "allowed_movement_types": [
          "land",
          "flight"
        ],
        "kind": "road",
        "review_status": "candidate"
      },
      "geometry": {
        "type": "LineString",
        "coordinates": [
          [
            95.71219,
            -27.32851
          ],
          [
            91.94648,
            -27.64732
          ]
        ]
      }
    },
    {
      "type": "Feature",
      "id": "route:trails:93",
      "properties": {
        "id": "route:trails:93",
        "group": "trails",
        "feature": 2,
        "route_type": "trail",
        "speed_multiplier": 1.2,
        "allowed_movement_types": [
          "land",
          "flight"
        ],
        "kind": "road",
        "review_status": "candidate"
      },
      "geometry": {
        "type": "LineString",
        "coordinates": [
          [
            98.85999,
            -23.48231
          ],
          [
            97.92431,
            -21.71645
          ],
          [
            96.99079,
            -19.93586
          ],
          [
            96.87181,
            -18.16246
          ]
        ]
      }
    },
    {
      "type": "Feature",
      "id": "route:trails:94",
      "properties": {
        "id": "route:trails:94",
        "group": "trails",
        "feature": 2,
        "route_type": "trail",
        "speed_multiplier": 1.2,
        "allowed_movement_types": [
          "land",
          "flight"
        ],
        "kind": "road",
        "review_status": "candidate"
      },
      "geometry": {
        "type": "LineString",
        "coordinates": [
          [
            98.85999,
            -23.48231
          ],
          [
            96.30998,
            -25.45232
          ],
          [
            95.71219,
            -27.32851
          ]
        ]
      }
    },
    {
      "type": "Feature",
      "id": "route:trails:95",
      "properties": {
        "id": "route:trails:95",
        "group": "trails",
        "feature": 2,
        "route_type": "trail",
        "speed_multiplier": 1.2,
        "allowed_movement_types": [
          "land",
          "flight"
        ],
        "kind": "road",
        "review_status": "candidate"
      },
      "geometry": {
        "type": "LineString",
        "coordinates": [
          [
            100.48691,
            0.29653
          ],
          [
            99.03541,
            -1.93946
          ],
          [
            100.95313,
            -4.61358
          ],
          [
            102.19615,
            -9.1524
          ]
        ]
      }
    },
    {
      "type": "Feature",
      "id": "route:trails:96",
      "properties": {
        "id": "route:trails:96",
        "group": "trails",
        "feature": 2,
        "route_type": "trail",
        "speed_multiplier": 1.2,
        "allowed_movement_types": [
          "land",
          "flight"
        ],
        "kind": "road",
        "review_status": "candidate"
      },
      "geometry": {
        "type": "LineString",
        "coordinates": [
          [
            100.48691,
            0.29653
          ],
          [
            101.57679,
            1.92975
          ],
          [
            103.2544,
            2.7726
          ],
          [
            103.16777,
            4.3645
          ],
          [
            103.891,
            5.78998
          ],
          [
            103.96901,
            6.55304
          ]
        ]
      }
    },
    {
      "type": "Feature",
      "id": "route:trails:97",
      "properties": {
        "id": "route:trails:97",
        "group": "trails",
        "feature": 2,
        "route_type": "trail",
        "speed_multiplier": 1.2,
        "allowed_movement_types": [
          "land",
          "flight"
        ],
        "kind": "road",
        "review_status": "candidate"
      },
      "geometry": {
        "type": "LineString",
        "coordinates": [
          [
            70.10564,
            -44.99641
          ],
          [
            68.89318,
            -45.67177
          ],
          [
            67.0646,
            -45.46006
          ],
          [
            65.23351,
            -45.248
          ],
          [
            64.10984,
            -45.17109
          ],
          [
            62.57494,
            -43.77939
          ],
          [
            63.51025,
            -40.75843
          ]
        ]
      }
    },
    {
      "type": "Feature",
      "id": "route:trails:98",
      "properties": {
        "id": "route:trails:98",
        "group": "trails",
        "feature": 2,
        "route_type": "trail",
        "speed_multiplier": 1.2,
        "allowed_movement_types": [
          "land",
          "flight"
        ],
        "kind": "road",
        "review_status": "candidate"
      },
      "geometry": {
        "type": "LineString",
        "coordinates": [
          [
            63.97755,
            -39.32863
          ],
          [
            65.73316,
            -37.44992
          ],
          [
            68.74832,
            -36.64481
          ]
        ]
      }
    },
    {
      "type": "Feature",
      "id": "route:trails:99",
      "properties": {
        "id": "route:trails:99",
        "group": "trails",
        "feature": 2,
        "route_type": "trail",
        "speed_multiplier": 1.2,
        "allowed_movement_types": [
          "land",
          "flight"
        ],
        "kind": "road",
        "review_status": "candidate"
      },
      "geometry": {
        "type": "LineString",
        "coordinates": [
          [
            44.27335,
            26.1133
          ],
          [
            45.71371,
            26.59313
          ],
          [
            47.03653,
            27.19696
          ],
          [
            50.41977,
            27.09201
          ]
        ]
      }
    },
    {
      "type": "Feature",
      "id": "route:trails:100",
      "properties": {
        "id": "route:trails:100",
        "group": "trails",
        "feature": 2,
        "route_type": "trail",
        "speed_multiplier": 1.2,
        "allowed_movement_types": [
          "land",
          "flight"
        ],
        "kind": "road",
        "review_status": "candidate"
      },
      "geometry": {
        "type": "LineString",
        "coordinates": [
          [
            104.59698,
            -3.2722
          ],
          [
            102.97258,
            -4.35623
          ],
          [
            100.95313,
            -4.61358
          ]
        ]
      }
    },
    {
      "type": "Feature",
      "id": "route:trails:101",
      "properties": {
        "id": "route:trails:101",
        "group": "trails",
        "feature": 2,
        "route_type": "trail",
        "speed_multiplier": 1.2,
        "allowed_movement_types": [
          "land",
          "flight"
        ],
        "kind": "road",
        "review_status": "candidate"
      },
      "geometry": {
        "type": "LineString",
        "coordinates": [
          [
            32.2821,
            13.90148
          ],
          [
            34.28214,
            15.54153
          ],
          [
            37.44467,
            15.41717
          ]
        ]
      }
    },
    {
      "type": "Feature",
      "id": "route:trails:102",
      "properties": {
        "id": "route:trails:102",
        "group": "trails",
        "feature": 2,
        "route_type": "trail",
        "speed_multiplier": 1.2,
        "allowed_movement_types": [
          "land",
          "flight"
        ],
        "kind": "road",
        "review_status": "candidate"
      },
      "geometry": {
        "type": "LineString",
        "coordinates": [
          [
            100.99698,
            12.45587
          ],
          [
            98.48435,
            11.51022
          ],
          [
            96.51559,
            10.12859
          ],
          [
            94.1701,
            9.86657
          ]
        ]
      }
    },
    {
      "type": "Feature",
      "id": "route:trails:103",
      "properties": {
        "id": "route:trails:103",
        "group": "trails",
        "feature": 2,
        "route_type": "trail",
        "speed_multiplier": 1.2,
        "allowed_movement_types": [
          "land",
          "flight"
        ],
        "kind": "road",
        "review_status": "candidate"
      },
      "geometry": {
        "type": "LineString",
        "coordinates": [
          [
            86.83279,
            -39.09429
          ],
          [
            85.4007,
            -36.64661
          ]
        ]
      }
    },
    {
      "type": "Feature",
      "id": "route:trails:104",
      "properties": {
        "id": "route:trails:104",
        "group": "trails",
        "feature": 2,
        "route_type": "trail",
        "speed_multiplier": 1.2,
        "allowed_movement_types": [
          "land",
          "flight"
        ],
        "kind": "road",
        "review_status": "candidate"
      },
      "geometry": {
        "type": "LineString",
        "coordinates": [
          [
            79.14896,
            -39.6647
          ],
          [
            77.4523,
            -39.8746
          ],
          [
            75.97024,
            -40.91765
          ],
          [
            74.426,
            -41.22208
          ],
          [
            72.8699,
            -42.77157
          ],
          [
            71.31559,
            -44.32284
          ],
          [
            70.10564,
            -44.99641
          ]
        ]
      }
    },
    {
      "type": "Feature",
      "id": "route:trails:105",
      "properties": {
        "id": "route:trails:105",
        "group": "trails",
        "feature": 2,
        "route_type": "trail",
        "speed_multiplier": 1.2,
        "allowed_movement_types": [
          "land",
          "flight"
        ],
        "kind": "road",
        "review_status": "candidate"
      },
      "geometry": {
        "type": "LineString",
        "coordinates": [
          [
            60.04901,
            34.16657
          ],
          [
            59.77366,
            30.04864
          ]
        ]
      }
    },
    {
      "type": "Feature",
      "id": "route:trails:106",
      "properties": {
        "id": "route:trails:106",
        "group": "trails",
        "feature": 2,
        "route_type": "trail",
        "speed_multiplier": 1.2,
        "allowed_movement_types": [
          "land",
          "flight"
        ],
        "kind": "road",
        "review_status": "candidate"
      },
      "geometry": {
        "type": "LineString",
        "coordinates": [
          [
            25.81072,
            0.06002
          ],
          [
            26.80463,
            -1.55954
          ],
          [
            28.42257,
            -0.21925
          ],
          [
            29.18822,
            1.37839
          ]
        ]
      }
    },
    {
      "type": "Feature",
      "id": "route:trails:107",
      "properties": {
        "id": "route:trails:107",
        "group": "trails",
        "feature": 2,
        "route_type": "trail",
        "speed_multiplier": 1.2,
        "allowed_movement_types": [
          "land",
          "flight"
        ],
        "kind": "road",
        "review_status": "candidate"
      },
      "geometry": {
        "type": "LineString",
        "coordinates": [
          [
            31.88525,
            12.83363
          ],
          [
            29.80541,
            13.10966
          ],
          [
            29.07571,
            14.46757
          ],
          [
            29.17168,
            16.38474
          ],
          [
            30.95892,
            20.29888
          ],
          [
            32.45248,
            21.85663
          ],
          [
            33.58694,
            23.97328
          ],
          [
            34.57905,
            27.76701
          ],
          [
            34.6114,
            31.03095
          ]
        ]
      }
    },
    {
      "type": "Feature",
      "id": "route:trails:108",
      "properties": {
        "id": "route:trails:108",
        "group": "trails",
        "feature": 2,
        "route_type": "trail",
        "speed_multiplier": 1.2,
        "allowed_movement_types": [
          "land",
          "flight"
        ],
        "kind": "road",
        "review_status": "candidate"
      },
      "geometry": {
        "type": "LineString",
        "coordinates": [
          [
            65.23351,
            -45.248
          ],
          [
            66.71952,
            -47.50735
          ]
        ]
      }
    },
    {
      "type": "Feature",
      "id": "route:trails:109",
      "properties": {
        "id": "route:trails:109",
        "group": "trails",
        "feature": 2,
        "route_type": "trail",
        "speed_multiplier": 1.2,
        "allowed_movement_types": [
          "land",
          "flight"
        ],
        "kind": "road",
        "review_status": "candidate"
      },
      "geometry": {
        "type": "LineString",
        "coordinates": [
          [
            98.85999,
            -23.48231
          ],
          [
            100.75399,
            -23.07077
          ],
          [
            102.16236,
            -23.57109
          ],
          [
            103.57396,
            -24.07392
          ],
          [
            105.93741,
            -23.50783
          ]
        ]
      }
    },
    {
      "type": "Feature",
      "id": "route:trails:110",
      "properties": {
        "id": "route:trails:110",
        "group": "trails",
        "feature": 2,
        "route_type": "trail",
        "speed_multiplier": 1.2,
        "allowed_movement_types": [
          "land",
          "flight"
        ],
        "kind": "road",
        "review_status": "candidate"
      },
      "geometry": {
        "type": "LineString",
        "coordinates": [
          [
            92.21464,
            -35.30092
          ],
          [
            92.00867,
            -33.32947
          ]
        ]
      }
    },
    {
      "type": "Feature",
      "id": "route:trails:111",
      "properties": {
        "id": "route:trails:111",
        "group": "trails",
        "feature": 2,
        "route_type": "trail",
        "speed_multiplier": 1.2,
        "allowed_movement_types": [
          "land",
          "flight"
        ],
        "kind": "road",
        "review_status": "candidate"
      },
      "geometry": {
        "type": "LineString",
        "coordinates": [
          [
            24.90596,
            4.09816
          ],
          [
            27.16553,
            4.48562
          ]
        ]
      }
    },
    {
      "type": "Feature",
      "id": "route:trails:112",
      "properties": {
        "id": "route:trails:112",
        "group": "trails",
        "feature": 2,
        "route_type": "trail",
        "speed_multiplier": 1.2,
        "allowed_movement_types": [
          "land",
          "flight"
        ],
        "kind": "road",
        "review_status": "candidate"
      },
      "geometry": {
        "type": "LineString",
        "coordinates": [
          [
            81.29889,
            34.70104
          ],
          [
            83.2141,
            33.23494
          ],
          [
            83.30504,
            30.77863
          ],
          [
            82.05628,
            28.56745
          ]
        ]
      }
    },
    {
      "type": "Feature",
      "id": "route:trails:113",
      "properties": {
        "id": "route:trails:113",
        "group": "trails",
        "feature": 2,
        "route_type": "trail",
        "speed_multiplier": 1.2,
        "allowed_movement_types": [
          "land",
          "flight"
        ],
        "kind": "road",
        "review_status": "candidate"
      },
      "geometry": {
        "type": "LineString",
        "coordinates": [
          [
            100.67563,
            -32.46542
          ],
          [
            100.01781,
            -31.15675
          ],
          [
            98.57602,
            -29.92212
          ],
          [
            97.91461,
            -28.37408
          ],
          [
            95.71219,
            -27.32851
          ]
        ]
      }
    },
    {
      "type": "Feature",
      "id": "route:trails:114",
      "properties": {
        "id": "route:trails:114",
        "group": "trails",
        "feature": 2,
        "route_type": "trail",
        "speed_multiplier": 1.2,
        "allowed_movement_types": [
          "land",
          "flight"
        ],
        "kind": "road",
        "review_status": "candidate"
      },
      "geometry": {
        "type": "LineString",
        "coordinates": [
          [
            26.55732,
            14.52256
          ],
          [
            27.02354,
            12.93858
          ],
          [
            26.51814,
            10.7504
          ],
          [
            24.87289,
            10.81402
          ]
        ]
      }
    },
    {
      "type": "Feature",
      "id": "route:trails:115",
      "properties": {
        "id": "route:trails:115",
        "group": "trails",
        "feature": 2,
        "route_type": "trail",
        "speed_multiplier": 1.2,
        "allowed_movement_types": [
          "land",
          "flight"
        ],
        "kind": "road",
        "review_status": "candidate"
      },
      "geometry": {
        "type": "LineString",
        "coordinates": [
          [
            27.02354,
            12.93858
          ],
          [
            29.80541,
            13.10966
          ]
        ]
      }
    },
    {
      "type": "Feature",
      "id": "route:trails:116",
      "properties": {
        "id": "route:trails:116",
        "group": "trails",
        "feature": 2,
        "route_type": "trail",
        "speed_multiplier": 1.2,
        "allowed_movement_types": [
          "land",
          "flight"
        ],
        "kind": "road",
        "review_status": "candidate"
      },
      "geometry": {
        "type": "LineString",
        "coordinates": [
          [
            111.21861,
            -4.90471
          ],
          [
            110.72867,
            -1.79748
          ]
        ]
      }
    },
    {
      "type": "Feature",
      "id": "route:trails:117",
      "properties": {
        "id": "route:trails:117",
        "group": "trails",
        "feature": 2,
        "route_type": "trail",
        "speed_multiplier": 1.2,
        "allowed_movement_types": [
          "land",
          "flight"
        ],
        "kind": "road",
        "review_status": "candidate"
      },
      "geometry": {
        "type": "LineString",
        "coordinates": [
          [
            100.99698,
            12.45587
          ],
          [
            101.28635,
            10.50312
          ],
          [
            102.2551,
            7.65036
          ],
          [
            103.96901,
            6.55304
          ]
        ]
      }
    },
    {
      "type": "Feature",
      "id": "route:trails:118",
      "properties": {
        "id": "route:trails:118",
        "group": "trails",
        "feature": 2,
        "route_type": "trail",
        "speed_multiplier": 1.2,
        "allowed_movement_types": [
          "land",
          "flight"
        ],
        "kind": "road",
        "review_status": "candidate"
      },
      "geometry": {
        "type": "LineString",
        "coordinates": [
          [
            107.88713,
            11.51813
          ],
          [
            106.82744,
            9.68902
          ],
          [
            103.96901,
            6.55304
          ]
        ]
      }
    },
    {
      "type": "Feature",
      "id": "route:trails:119",
      "properties": {
        "id": "route:trails:119",
        "group": "trails",
        "feature": 2,
        "route_type": "trail",
        "speed_multiplier": 1.2,
        "allowed_movement_types": [
          "land",
          "flight"
        ],
        "kind": "road",
        "review_status": "candidate"
      },
      "geometry": {
        "type": "LineString",
        "coordinates": [
          [
            30.95892,
            20.29888
          ],
          [
            27.59077,
            20.48039
          ]
        ]
      }
    },
    {
      "type": "Feature",
      "id": "route:trails:120",
      "properties": {
        "id": "route:trails:120",
        "group": "trails",
        "feature": 2,
        "route_type": "trail",
        "speed_multiplier": 1.2,
        "allowed_movement_types": [
          "land",
          "flight"
        ],
        "kind": "road",
        "review_status": "candidate"
      },
      "geometry": {
        "type": "LineString",
        "coordinates": [
          [
            28.19467,
            12.18702
          ],
          [
            27.02354,
            12.93858
          ]
        ]
      }
    },
    {
      "type": "Feature",
      "id": "route:trails:121",
      "properties": {
        "id": "route:trails:121",
        "group": "trails",
        "feature": 2,
        "route_type": "trail",
        "speed_multiplier": 1.2,
        "allowed_movement_types": [
          "land",
          "flight"
        ],
        "kind": "road",
        "review_status": "candidate"
      },
      "geometry": {
        "type": "LineString",
        "coordinates": [
          [
            26.55732,
            14.52256
          ],
          [
            29.07571,
            14.46757
          ]
        ]
      }
    },
    {
      "type": "Feature",
      "id": "route:trails:122",
      "properties": {
        "id": "route:trails:122",
        "group": "trails",
        "feature": 2,
        "route_type": "trail",
        "speed_multiplier": 1.2,
        "allowed_movement_types": [
          "land",
          "flight"
        ],
        "kind": "road",
        "review_status": "candidate"
      },
      "geometry": {
        "type": "LineString",
        "coordinates": [
          [
            29.17168,
            16.38474
          ],
          [
            27.59077,
            20.48039
          ]
        ]
      }
    },
    {
      "type": "Feature",
      "id": "route:trails:123",
      "properties": {
        "id": "route:trails:123",
        "group": "trails",
        "feature": 2,
        "route_type": "trail",
        "speed_multiplier": 1.2,
        "allowed_movement_types": [
          "land",
          "flight"
        ],
        "kind": "road",
        "review_status": "candidate"
      },
      "geometry": {
        "type": "LineString",
        "coordinates": [
          [
            60.29092,
            37.30831
          ],
          [
            58.8024,
            38.66082
          ],
          [
            57.51517,
            40.92664
          ]
        ]
      }
    },
    {
      "type": "Feature",
      "id": "route:trails:124",
      "properties": {
        "id": "route:trails:124",
        "group": "trails",
        "feature": 2,
        "route_type": "trail",
        "speed_multiplier": 1.2,
        "allowed_movement_types": [
          "land",
          "flight"
        ],
        "kind": "road",
        "review_status": "candidate"
      },
      "geometry": {
        "type": "LineString",
        "coordinates": [
          [
            58.26105,
            36.27137
          ],
          [
            60.29092,
            37.30831
          ]
        ]
      }
    },
    {
      "type": "Feature",
      "id": "route:trails:125",
      "properties": {
        "id": "route:trails:125",
        "group": "trails",
        "feature": 2,
        "route_type": "trail",
        "speed_multiplier": 1.2,
        "allowed_movement_types": [
          "land",
          "flight"
        ],
        "kind": "road",
        "review_status": "candidate"
      },
      "geometry": {
        "type": "LineString",
        "coordinates": [
          [
            81.68711,
            38.87935
          ],
          [
            83.63251,
            36.62863
          ],
          [
            86.03874,
            35.61146
          ]
        ]
      }
    },
    {
      "type": "Feature",
      "id": "route:trails:126",
      "properties": {
        "id": "route:trails:126",
        "group": "trails",
        "feature": 2,
        "route_type": "trail",
        "speed_multiplier": 1.2,
        "allowed_movement_types": [
          "land",
          "flight"
        ],
        "kind": "road",
        "review_status": "candidate"
      },
      "geometry": {
        "type": "LineString",
        "coordinates": [
          [
            81.68711,
            38.87935
          ],
          [
            80.6684,
            39.7905
          ],
          [
            81.91141,
            42.1264
          ],
          [
            84.62498,
            44.02093
          ]
        ]
      }
    },
    {
      "type": "Feature",
      "id": "route:trails:127",
      "properties": {
        "id": "route:trails:127",
        "group": "trails",
        "feature": 2,
        "route_type": "trail",
        "speed_multiplier": 1.2,
        "allowed_movement_types": [
          "land",
          "flight"
        ],
        "kind": "road",
        "review_status": "candidate"
      },
      "geometry": {
        "type": "LineString",
        "coordinates": [
          [
            79.27081,
            34.46238
          ],
          [
            79.99764,
            34.86925
          ],
          [
            81.68711,
            38.87935
          ]
        ]
      }
    },
    {
      "type": "Feature",
      "id": "route:trails:128",
      "properties": {
        "id": "route:trails:128",
        "group": "trails",
        "feature": 2,
        "route_type": "trail",
        "speed_multiplier": 1.2,
        "allowed_movement_types": [
          "land",
          "flight"
        ],
        "kind": "road",
        "review_status": "candidate"
      },
      "geometry": {
        "type": "LineString",
        "coordinates": [
          [
            113.79415,
            2.61086
          ],
          [
            112.89873,
            0.25807
          ],
          [
            110.72867,
            -1.79748
          ]
        ]
      }
    },
    {
      "type": "Feature",
      "id": "route:trails:129",
      "properties": {
        "id": "route:trails:129",
        "group": "trails",
        "feature": 2,
        "route_type": "trail",
        "speed_multiplier": 1.2,
        "allowed_movement_types": [
          "land",
          "flight"
        ],
        "kind": "road",
        "review_status": "candidate"
      },
      "geometry": {
        "type": "LineString",
        "coordinates": [
          [
            50.76413,
            36.70196
          ],
          [
            48.9316,
            40.3875
          ],
          [
            49.47547,
            40.90399
          ],
          [
            52.19515,
            43.1619
          ],
          [
            50.82273,
            43.95407
          ],
          [
            50.94422,
            45.80583
          ],
          [
            52.06071,
            48.27328
          ]
        ]
      }
    },
    {
      "type": "Feature",
      "id": "route:trails:130",
      "properties": {
        "id": "route:trails:130",
        "group": "trails",
        "feature": 2,
        "route_type": "trail",
        "speed_multiplier": 1.2,
        "allowed_movement_types": [
          "land",
          "flight"
        ],
        "kind": "road",
        "review_status": "candidate"
      },
      "geometry": {
        "type": "LineString",
        "coordinates": [
          [
            90.40044,
            36.81841
          ],
          [
            91.05789,
            35.31206
          ],
          [
            93.08525,
            33.13934
          ]
        ]
      }
    },
    {
      "type": "Feature",
      "id": "route:trails:131",
      "properties": {
        "id": "route:trails:131",
        "group": "trails",
        "feature": 2,
        "route_type": "trail",
        "speed_multiplier": 1.2,
        "allowed_movement_types": [
          "land",
          "flight"
        ],
        "kind": "road",
        "review_status": "candidate"
      },
      "geometry": {
        "type": "LineString",
        "coordinates": [
          [
            100.67563,
            -32.46542
          ],
          [
            99.53254,
            -34.0228
          ],
          [
            98.80535,
            -36.87053
          ]
        ]
      }
    },
    {
      "type": "Feature",
      "id": "route:trails:132",
      "properties": {
        "id": "route:trails:132",
        "group": "trails",
        "feature": 2,
        "route_type": "trail",
        "speed_multiplier": 1.2,
        "allowed_movement_types": [
          "land",
          "flight"
        ],
        "kind": "road",
        "review_status": "candidate"
      },
      "geometry": {
        "type": "LineString",
        "coordinates": [
          [
            112.30562,
            -22.55679
          ],
          [
            109.39111,
            -23.50315
          ],
          [
            107.04168,
            -24.74784
          ]
        ]
      }
    },
    {
      "type": "Feature",
      "id": "route:trails:133",
      "properties": {
        "id": "route:trails:133",
        "group": "trails",
        "feature": 2,
        "route_type": "trail",
        "speed_multiplier": 1.2,
        "allowed_movement_types": [
          "land",
          "flight"
        ],
        "kind": "road",
        "review_status": "candidate"
      },
      "geometry": {
        "type": "LineString",
        "coordinates": [
          [
            111.60611,
            15.48438
          ],
          [
            109.46301,
            14.18255
          ],
          [
            107.88713,
            11.51813
          ],
          [
            109.63878,
            9.15635
          ],
          [
            110.99395,
            7.70032
          ],
          [
            112.48751,
            5.23862
          ],
          [
            113.50838,
            3.86418
          ],
          [
            113.79415,
            2.61086
          ]
        ]
      }
    },
    {
      "type": "Feature",
      "id": "route:trails:134",
      "properties": {
        "id": "route:trails:134",
        "group": "trails",
        "feature": 2,
        "route_type": "trail",
        "speed_multiplier": 1.2,
        "allowed_movement_types": [
          "land",
          "flight"
        ],
        "kind": "road",
        "review_status": "candidate"
      },
      "geometry": {
        "type": "LineString",
        "coordinates": [
          [
            106.59343,
            18.99022
          ],
          [
            105.98163,
            21.73802
          ],
          [
            105.99565,
            24.44844
          ],
          [
            107.87778,
            24.99585
          ],
          [
            109.55934,
            27.82344
          ],
          [
            111.60863,
            25.5738
          ]
        ]
      }
    },
    {
      "type": "Feature",
      "id": "route:trails:135",
      "properties": {
        "id": "route:trails:135",
        "group": "trails",
        "feature": 2,
        "route_type": "trail",
        "speed_multiplier": 1.2,
        "allowed_movement_types": [
          "land",
          "flight"
        ],
        "kind": "road",
        "review_status": "candidate"
      },
      "geometry": {
        "type": "LineString",
        "coordinates": [
          [
            44.79169,
            41.05244
          ],
          [
            48.9316,
            40.3875
          ]
        ]
      }
    },
    {
      "type": "Feature",
      "id": "route:trails:136",
      "properties": {
        "id": "route:trails:136",
        "group": "trails",
        "feature": 2,
        "route_type": "trail",
        "speed_multiplier": 1.2,
        "allowed_movement_types": [
          "land",
          "flight"
        ],
        "kind": "road",
        "review_status": "candidate"
      },
      "geometry": {
        "type": "LineString",
        "coordinates": [
          [
            52.19515,
            43.1619
          ],
          [
            53.48417,
            40.94389
          ],
          [
            54.9177,
            40.52336
          ],
          [
            57.51517,
            40.92664
          ]
        ]
      }
    },
    {
      "type": "Feature",
      "id": "route:trails:137",
      "properties": {
        "id": "route:trails:137",
        "group": "trails",
        "feature": 2,
        "route_type": "trail",
        "speed_multiplier": 1.2,
        "allowed_movement_types": [
          "land",
          "flight"
        ],
        "kind": "road",
        "review_status": "candidate"
      },
      "geometry": {
        "type": "LineString",
        "coordinates": [
          [
            117.08393,
            -13.20455
          ],
          [
            114.98648,
            -13.80371
          ],
          [
            113.51017,
            -15.2389
          ],
          [
            112.08743,
            -17.28223
          ],
          [
            114.49618,
            -19.09481
          ],
          [
            113.9861,
            -20.63962
          ],
          [
            112.30562,
            -22.55679
          ]
        ]
      }
    },
    {
      "type": "Feature",
      "id": "route:trails:138",
      "properties": {
        "id": "route:trails:138",
        "group": "trails",
        "feature": 2,
        "route_type": "trail",
        "speed_multiplier": 1.2,
        "allowed_movement_types": [
          "land",
          "flight"
        ],
        "kind": "road",
        "review_status": "candidate"
      },
      "geometry": {
        "type": "LineString",
        "coordinates": [
          [
            88.13799,
            41.23035
          ],
          [
            88.91407,
            39.39944
          ],
          [
            88.59487,
            36.78858
          ]
        ]
      }
    },
    {
      "type": "Feature",
      "id": "route:trails:139",
      "properties": {
        "id": "route:trails:139",
        "group": "trails",
        "feature": 2,
        "route_type": "trail",
        "speed_multiplier": 1.2,
        "allowed_movement_types": [
          "land",
          "flight"
        ],
        "kind": "road",
        "review_status": "candidate"
      },
      "geometry": {
        "type": "LineString",
        "coordinates": [
          [
            75.67117,
            38.68347
          ],
          [
            77.70608,
            38.18387
          ],
          [
            80.6684,
            39.7905
          ]
        ]
      }
    },
    {
      "type": "Feature",
      "id": "route:trails:140",
      "properties": {
        "id": "route:trails:140",
        "group": "trails",
        "feature": 2,
        "route_type": "trail",
        "speed_multiplier": 1.2,
        "allowed_movement_types": [
          "land",
          "flight"
        ],
        "kind": "road",
        "review_status": "candidate"
      },
      "geometry": {
        "type": "LineString",
        "coordinates": [
          [
            108.13048,
            -31.41949
          ],
          [
            110.9483,
            -31.21713
          ],
          [
            113.07199,
            -33.12819
          ]
        ]
      }
    },
    {
      "type": "Feature",
      "id": "route:trails:141",
      "properties": {
        "id": "route:trails:141",
        "group": "trails",
        "feature": 2,
        "route_type": "trail",
        "speed_multiplier": 1.2,
        "allowed_movement_types": [
          "land",
          "flight"
        ],
        "kind": "road",
        "review_status": "candidate"
      },
      "geometry": {
        "type": "LineString",
        "coordinates": [
          [
            106.00751,
            -27.3623
          ],
          [
            107.52875,
            -28.80036
          ],
          [
            108.13048,
            -31.41949
          ],
          [
            108.38534,
            -32.33351
          ],
          [
            107.5363,
            -36.88922
          ]
        ]
      }
    },
    {
      "type": "Feature",
      "id": "route:trails:142",
      "properties": {
        "id": "route:trails:142",
        "group": "trails",
        "feature": 2,
        "route_type": "trail",
        "speed_multiplier": 1.2,
        "allowed_movement_types": [
          "land",
          "flight"
        ],
        "kind": "road",
        "review_status": "candidate"
      },
      "geometry": {
        "type": "LineString",
        "coordinates": [
          [
            29.38844,
            27.85256
          ],
          [
            29.88377,
            29.88978
          ],
          [
            31.50279,
            31.01873
          ]
        ]
      }
    },
    {
      "type": "Feature",
      "id": "route:trails:143",
      "properties": {
        "id": "route:trails:143",
        "group": "trails",
        "feature": 2,
        "route_type": "trail",
        "speed_multiplier": 1.2,
        "allowed_movement_types": [
          "land",
          "flight"
        ],
        "kind": "road",
        "review_status": "candidate"
      },
      "geometry": {
        "type": "LineString",
        "coordinates": [
          [
            111.60611,
            15.48438
          ],
          [
            113.29522,
            16.69708
          ],
          [
            115.65328,
            16.40811
          ],
          [
            119.4003,
            15.84381
          ]
        ]
      }
    },
    {
      "type": "Feature",
      "id": "route:trails:144",
      "properties": {
        "id": "route:trails:144",
        "group": "trails",
        "feature": 2,
        "route_type": "trail",
        "speed_multiplier": 1.2,
        "allowed_movement_types": [
          "land",
          "flight"
        ],
        "kind": "road",
        "review_status": "candidate"
      },
      "geometry": {
        "type": "LineString",
        "coordinates": [
          [
            106.59343,
            18.99022
          ],
          [
            107.74658,
            18.09093
          ],
          [
            109.5083,
            17.75056
          ],
          [
            111.60611,
            15.48438
          ]
        ]
      }
    },
    {
      "type": "Feature",
      "id": "route:trails:145",
      "properties": {
        "id": "route:trails:145",
        "group": "trails",
        "feature": 2,
        "route_type": "trail",
        "speed_multiplier": 1.2,
        "allowed_movement_types": [
          "land",
          "flight"
        ],
        "kind": "road",
        "review_status": "candidate"
      },
      "geometry": {
        "type": "LineString",
        "coordinates": [
          [
            113.50838,
            3.86418
          ],
          [
            115.78017,
            4.25164
          ],
          [
            118.68318,
            4.16933
          ]
        ]
      }
    },
    {
      "type": "Feature",
      "id": "route:trails:146",
      "properties": {
        "id": "route:trails:146",
        "group": "trails",
        "feature": 2,
        "route_type": "trail",
        "speed_multiplier": 1.2,
        "allowed_movement_types": [
          "land",
          "flight"
        ],
        "kind": "road",
        "review_status": "candidate"
      },
      "geometry": {
        "type": "LineString",
        "coordinates": [
          [
            101.08793,
            24.10735
          ],
          [
            102.43231,
            23.19728
          ],
          [
            103.93234,
            23.28067
          ],
          [
            105.99565,
            24.44844
          ]
        ]
      }
    },
    {
      "type": "Feature",
      "id": "route:trails:147",
      "properties": {
        "id": "route:trails:147",
        "group": "trails",
        "feature": 2,
        "route_type": "trail",
        "speed_multiplier": 1.2,
        "allowed_movement_types": [
          "land",
          "flight"
        ],
        "kind": "road",
        "review_status": "candidate"
      },
      "geometry": {
        "type": "LineString",
        "coordinates": [
          [
            88.91407,
            39.39944
          ],
          [
            91.6111,
            42.33666
          ],
          [
            92.51874,
            43.05335
          ],
          [
            95.67984,
            43.67947
          ]
        ]
      }
    },
    {
      "type": "Feature",
      "id": "route:trails:148",
      "properties": {
        "id": "route:trails:148",
        "group": "trails",
        "feature": 2,
        "route_type": "trail",
        "speed_multiplier": 1.2,
        "allowed_movement_types": [
          "land",
          "flight"
        ],
        "kind": "road",
        "review_status": "candidate"
      },
      "geometry": {
        "type": "LineString",
        "coordinates": [
          [
            88.13799,
            41.23035
          ],
          [
            86.01897,
            43.32113
          ],
          [
            84.62498,
            44.02093
          ]
        ]
      }
    },
    {
      "type": "Feature",
      "id": "route:trails:149",
      "properties": {
        "id": "route:trails:149",
        "group": "trails",
        "feature": 2,
        "route_type": "trail",
        "speed_multiplier": 1.2,
        "allowed_movement_types": [
          "land",
          "flight"
        ],
        "kind": "road",
        "review_status": "candidate"
      },
      "geometry": {
        "type": "LineString",
        "coordinates": [
          [
            39.8279,
            36.02013
          ],
          [
            39.28403,
            38.0117
          ],
          [
            37.34762,
            40.6258
          ]
        ]
      }
    },
    {
      "type": "Feature",
      "id": "route:trails:150",
      "properties": {
        "id": "route:trails:150",
        "group": "trails",
        "feature": 2,
        "route_type": "trail",
        "speed_multiplier": 1.2,
        "allowed_movement_types": [
          "land",
          "flight"
        ],
        "kind": "road",
        "review_status": "candidate"
      },
      "geometry": {
        "type": "LineString",
        "coordinates": [
          [
            113.97388,
            -4.43027
          ],
          [
            111.21861,
            -4.90471
          ]
        ]
      }
    },
    {
      "type": "Feature",
      "id": "route:trails:151",
      "properties": {
        "id": "route:trails:151",
        "group": "trails",
        "feature": 2,
        "route_type": "trail",
        "speed_multiplier": 1.2,
        "allowed_movement_types": [
          "land",
          "flight"
        ],
        "kind": "road",
        "review_status": "candidate"
      },
      "geometry": {
        "type": "LineString",
        "coordinates": [
          [
            117.2935,
            -4.12512
          ],
          [
            116.60262,
            -7.38115
          ],
          [
            117.53434,
            -10.91717
          ],
          [
            117.08393,
            -13.20455
          ],
          [
            118.55125,
            -13.73147
          ],
          [
            121.33671,
            -15.11274
          ]
        ]
      }
    },
    {
      "type": "Feature",
      "id": "route:trails:152",
      "properties": {
        "id": "route:trails:152",
        "group": "trails",
        "feature": 2,
        "route_type": "trail",
        "speed_multiplier": 1.2,
        "allowed_movement_types": [
          "land",
          "flight"
        ],
        "kind": "road",
        "review_status": "candidate"
      },
      "geometry": {
        "type": "LineString",
        "coordinates": [
          [
            110.81098,
            -36.35583
          ],
          [
            109.95547,
            -37.04233
          ],
          [
            108.62079,
            -37.84026
          ]
        ]
      }
    },
    {
      "type": "Feature",
      "id": "route:trails:153",
      "properties": {
        "id": "route:trails:153",
        "group": "trails",
        "feature": 2,
        "route_type": "trail",
        "speed_multiplier": 1.2,
        "allowed_movement_types": [
          "land",
          "flight"
        ],
        "kind": "road",
        "review_status": "candidate"
      },
      "geometry": {
        "type": "LineString",
        "coordinates": [
          [
            118.84421,
            10.72093
          ],
          [
            117.67668,
            10.08331
          ],
          [
            119.05018,
            8.0903
          ],
          [
            118.68318,
            4.16933
          ]
        ]
      }
    },
    {
      "type": "Feature",
      "id": "route:trails:154",
      "properties": {
        "id": "route:trails:154",
        "group": "trails",
        "feature": 2,
        "route_type": "trail",
        "speed_multiplier": 1.2,
        "allowed_movement_types": [
          "land",
          "flight"
        ],
        "kind": "road",
        "review_status": "candidate"
      },
      "geometry": {
        "type": "LineString",
        "coordinates": [
          [
            97.81036,
            39.76569
          ],
          [
            99.28415,
            37.34173
          ],
          [
            98.99874,
            35.49213
          ]
        ]
      }
    },
    {
      "type": "Feature",
      "id": "route:trails:155",
      "properties": {
        "id": "route:trails:155",
        "group": "trails",
        "feature": 2,
        "route_type": "trail",
        "speed_multiplier": 1.2,
        "allowed_movement_types": [
          "land",
          "flight"
        ],
        "kind": "road",
        "review_status": "candidate"
      },
      "geometry": {
        "type": "LineString",
        "coordinates": [
          [
            110.81098,
            -36.35583
          ],
          [
            112.89981,
            -36.62181
          ]
        ]
      }
    },
    {
      "type": "Feature",
      "id": "route:trails:156",
      "properties": {
        "id": "route:trails:156",
        "group": "trails",
        "feature": 2,
        "route_type": "trail",
        "speed_multiplier": 1.2,
        "allowed_movement_types": [
          "land",
          "flight"
        ],
        "kind": "road",
        "review_status": "candidate"
      },
      "geometry": {
        "type": "LineString",
        "coordinates": [
          [
            113.9861,
            -20.63962
          ],
          [
            116.42792,
            -21.77109
          ],
          [
            116.86323,
            -22.52408
          ],
          [
            118.09546,
            -23.85395
          ],
          [
            120.44957,
            -23.95747
          ]
        ]
      }
    },
    {
      "type": "Feature",
      "id": "route:trails:157",
      "properties": {
        "id": "route:trails:157",
        "group": "trails",
        "feature": 2,
        "route_type": "trail",
        "speed_multiplier": 1.2,
        "allowed_movement_types": [
          "land",
          "flight"
        ],
        "kind": "road",
        "review_status": "candidate"
      },
      "geometry": {
        "type": "LineString",
        "coordinates": [
          [
            14.533,
            10.47724
          ],
          [
            15.09664,
            11.67808
          ],
          [
            15.88889,
            12.85088
          ],
          [
            15.9633,
            14.47907
          ]
        ]
      }
    },
    {
      "type": "Feature",
      "id": "route:trails:158",
      "properties": {
        "id": "route:trails:158",
        "group": "trails",
        "feature": 2,
        "route_type": "trail",
        "speed_multiplier": 1.2,
        "allowed_movement_types": [
          "land",
          "flight"
        ],
        "kind": "road",
        "review_status": "candidate"
      },
      "geometry": {
        "type": "LineString",
        "coordinates": [
          [
            109.55934,
            27.82344
          ],
          [
            108.76457,
            31.02664
          ],
          [
            109.74231,
            33.29245
          ],
          [
            110.53707,
            34.58171
          ]
        ]
      }
    },
    {
      "type": "Feature",
      "id": "route:trails:159",
      "properties": {
        "id": "route:trails:159",
        "group": "trails",
        "feature": 2,
        "route_type": "trail",
        "speed_multiplier": 1.2,
        "allowed_movement_types": [
          "land",
          "flight"
        ],
        "kind": "road",
        "review_status": "candidate"
      },
      "geometry": {
        "type": "LineString",
        "coordinates": [
          [
            29.09763,
            38.29888
          ],
          [
            27.23814,
            37.47364
          ],
          [
            26.66444,
            35.89756
          ]
        ]
      }
    },
    {
      "type": "Feature",
      "id": "route:trails:160",
      "properties": {
        "id": "route:trails:160",
        "group": "trails",
        "feature": 2,
        "route_type": "trail",
        "speed_multiplier": 1.2,
        "allowed_movement_types": [
          "land",
          "flight"
        ],
        "kind": "road",
        "review_status": "candidate"
      },
      "geometry": {
        "type": "LineString",
        "coordinates": [
          [
            97.81036,
            39.76569
          ],
          [
            100.36901,
            42.60443
          ]
        ]
      }
    },
    {
      "type": "Feature",
      "id": "route:trails:161",
      "properties": {
        "id": "route:trails:161",
        "group": "trails",
        "feature": 2,
        "route_type": "trail",
        "speed_multiplier": 1.2,
        "allowed_movement_types": [
          "land",
          "flight"
        ],
        "kind": "road",
        "review_status": "candidate"
      },
      "geometry": {
        "type": "LineString",
        "coordinates": [
          [
            97.81036,
            39.76569
          ],
          [
            95.67984,
            43.67947
          ]
        ]
      }
    },
    {
      "type": "Feature",
      "id": "route:trails:162",
      "properties": {
        "id": "route:trails:162",
        "group": "trails",
        "feature": 2,
        "route_type": "trail",
        "speed_multiplier": 1.2,
        "allowed_movement_types": [
          "land",
          "flight"
        ],
        "kind": "road",
        "review_status": "candidate"
      },
      "geometry": {
        "type": "LineString",
        "coordinates": [
          [
            47.99988,
            48.74377
          ],
          [
            49.49344,
            48.25028
          ],
          [
            52.06071,
            48.27328
          ]
        ]
      }
    },
    {
      "type": "Feature",
      "id": "route:trails:163",
      "properties": {
        "id": "route:trails:163",
        "group": "trails",
        "feature": 2,
        "route_type": "trail",
        "speed_multiplier": 1.2,
        "allowed_movement_types": [
          "land",
          "flight"
        ],
        "kind": "road",
        "review_status": "candidate"
      },
      "geometry": {
        "type": "LineString",
        "coordinates": [
          [
            112.98356,
            -35.24521
          ],
          [
            112.89981,
            -36.62181
          ]
        ]
      }
    },
    {
      "type": "Feature",
      "id": "route:trails:164",
      "properties": {
        "id": "route:trails:164",
        "group": "trails",
        "feature": 2,
        "route_type": "trail",
        "speed_multiplier": 1.2,
        "allowed_movement_types": [
          "land",
          "flight"
        ],
        "kind": "road",
        "review_status": "candidate"
      },
      "geometry": {
        "type": "LineString",
        "coordinates": [
          [
            112.04753,
            -38.39377
          ],
          [
            112.02956,
            -40.20527
          ],
          [
            111.64673,
            -41.68538
          ],
          [
            112.2251,
            -42.95667
          ],
          [
            110.6636,
            -44.2488
          ],
          [
            109.71175,
            -45.34253
          ]
        ]
      }
    },
    {
      "type": "Feature",
      "id": "route:trails:165",
      "properties": {
        "id": "route:trails:165",
        "group": "trails",
        "feature": 2,
        "route_type": "trail",
        "speed_multiplier": 1.2,
        "allowed_movement_types": [
          "land",
          "flight"
        ],
        "kind": "road",
        "review_status": "candidate"
      },
      "geometry": {
        "type": "LineString",
        "coordinates": [
          [
            112.04753,
            -38.39377
          ],
          [
            113.37286,
            -38.51526
          ],
          [
            112.89981,
            -36.62181
          ]
        ]
      }
    },
    {
      "type": "Feature",
      "id": "route:trails:166",
      "properties": {
        "id": "route:trails:166",
        "group": "trails",
        "feature": 2,
        "route_type": "trail",
        "speed_multiplier": 1.2,
        "allowed_movement_types": [
          "land",
          "flight"
        ],
        "kind": "road",
        "review_status": "candidate"
      },
      "geometry": {
        "type": "LineString",
        "coordinates": [
          [
            30.21448,
            34.19677
          ],
          [
            29.09763,
            38.29888
          ]
        ]
      }
    },
    {
      "type": "Feature",
      "id": "route:trails:167",
      "properties": {
        "id": "route:trails:167",
        "group": "trails",
        "feature": 2,
        "route_type": "trail",
        "speed_multiplier": 1.2,
        "allowed_movement_types": [
          "land",
          "flight"
        ],
        "kind": "road",
        "review_status": "candidate"
      },
      "geometry": {
        "type": "LineString",
        "coordinates": [
          [
            119.7479,
            -3.02384
          ],
          [
            120.55129,
            -5.26737
          ],
          [
            121.59193,
            -7.68307
          ],
          [
            123.96941,
            -8.45871
          ],
          [
            123.56106,
            -10.50527
          ],
          [
            121.78245,
            -12.84081
          ],
          [
            121.33671,
            -15.11274
          ]
        ]
      }
    },
    {
      "type": "Feature",
      "id": "route:trails:168",
      "properties": {
        "id": "route:trails:168",
        "group": "trails",
        "feature": 2,
        "route_type": "trail",
        "speed_multiplier": 1.2,
        "allowed_movement_types": [
          "land",
          "flight"
        ],
        "kind": "road",
        "review_status": "candidate"
      },
      "geometry": {
        "type": "LineString",
        "coordinates": [
          [
            123.93777,
            1.5236
          ],
          [
            121.76268,
            3.52488
          ],
          [
            118.68318,
            4.16933
          ]
        ]
      }
    },
    {
      "type": "Feature",
      "id": "route:trails:169",
      "properties": {
        "id": "route:trails:169",
        "group": "trails",
        "feature": 2,
        "route_type": "trail",
        "speed_multiplier": 1.2,
        "allowed_movement_types": [
          "land",
          "flight"
        ],
        "kind": "road",
        "review_status": "candidate"
      },
      "geometry": {
        "type": "LineString",
        "coordinates": [
          [
            123.93777,
            1.5236
          ],
          [
            123.48953,
            -0.26597
          ],
          [
            121.90071,
            -2.15152
          ]
        ]
      }
    },
    {
      "type": "Feature",
      "id": "route:trails:170",
      "properties": {
        "id": "route:trails:170",
        "group": "trails",
        "feature": 2,
        "route_type": "trail",
        "speed_multiplier": 1.2,
        "allowed_movement_types": [
          "land",
          "flight"
        ],
        "kind": "road",
        "review_status": "candidate"
      },
      "geometry": {
        "type": "LineString",
        "coordinates": [
          [
            121.39243,
            13.11434
          ],
          [
            118.84421,
            10.72093
          ],
          [
            122.28174,
            9.19912
          ]
        ]
      }
    },
    {
      "type": "Feature",
      "id": "route:trails:171",
      "properties": {
        "id": "route:trails:171",
        "group": "trails",
        "feature": 2,
        "route_type": "trail",
        "speed_multiplier": 1.2,
        "allowed_movement_types": [
          "land",
          "flight"
        ],
        "kind": "road",
        "review_status": "candidate"
      },
      "geometry": {
        "type": "LineString",
        "coordinates": [
          [
            104.43846,
            -45.43994
          ],
          [
            105.30764,
            -46.76478
          ],
          [
            106.17322,
            -48.08926
          ],
          [
            107.24046,
            -49.29189
          ],
          [
            107.55427,
            -50.5603
          ],
          [
            107.11141,
            -51.89629
          ],
          [
            106.482,
            -52.86494
          ],
          [
            104.90756,
            -53.54173
          ]
        ]
      }
    },
    {
      "type": "Feature",
      "id": "route:trails:172",
      "properties": {
        "id": "route:trails:172",
        "group": "trails",
        "feature": 2,
        "route_type": "trail",
        "speed_multiplier": 1.2,
        "allowed_movement_types": [
          "land",
          "flight"
        ],
        "kind": "road",
        "review_status": "candidate"
      },
      "geometry": {
        "type": "LineString",
        "coordinates": [
          [
            105.30764,
            -46.76478
          ],
          [
            106.44353,
            -46.00531
          ],
          [
            109.71175,
            -45.34253
          ]
        ]
      }
    },
    {
      "type": "Feature",
      "id": "route:trails:173",
      "properties": {
        "id": "route:trails:173",
        "group": "trails",
        "feature": 2,
        "route_type": "trail",
        "speed_multiplier": 1.2,
        "allowed_movement_types": [
          "land",
          "flight"
        ],
        "kind": "road",
        "review_status": "candidate"
      },
      "geometry": {
        "type": "LineString",
        "coordinates": [
          [
            24.53284,
            37.31442
          ],
          [
            26.66444,
            35.89756
          ]
        ]
      }
    },
    {
      "type": "Feature",
      "id": "route:trails:174",
      "properties": {
        "id": "route:trails:174",
        "group": "trails",
        "feature": 2,
        "route_type": "trail",
        "speed_multiplier": 1.2,
        "allowed_movement_types": [
          "land",
          "flight"
        ],
        "kind": "road",
        "review_status": "candidate"
      },
      "geometry": {
        "type": "LineString",
        "coordinates": [
          [
            106.92593,
            35.18878
          ],
          [
            107.23615,
            38.38047
          ]
        ]
      }
    },
    {
      "type": "Feature",
      "id": "route:trails:175",
      "properties": {
        "id": "route:trails:175",
        "group": "trails",
        "feature": 2,
        "route_type": "trail",
        "speed_multiplier": 1.2,
        "allowed_movement_types": [
          "land",
          "flight"
        ],
        "kind": "road",
        "review_status": "candidate"
      },
      "geometry": {
        "type": "LineString",
        "coordinates": [
          [
            123.96941,
            -8.45871
          ],
          [
            126.12006,
            -7.8732
          ]
        ]
      }
    },
    {
      "type": "Feature",
      "id": "route:trails:176",
      "properties": {
        "id": "route:trails:176",
        "group": "trails",
        "feature": 2,
        "route_type": "trail",
        "speed_multiplier": 1.2,
        "allowed_movement_types": [
          "land",
          "flight"
        ],
        "kind": "road",
        "review_status": "candidate"
      },
      "geometry": {
        "type": "LineString",
        "coordinates": [
          [
            121.83708,
            17.23874
          ],
          [
            122.70626,
            15.74065
          ],
          [
            119.4003,
            15.84381
          ]
        ]
      }
    },
    {
      "type": "Feature",
      "id": "route:trails:177",
      "properties": {
        "id": "route:trails:177",
        "group": "trails",
        "feature": 2,
        "route_type": "trail",
        "speed_multiplier": 1.2,
        "allowed_movement_types": [
          "land",
          "flight"
        ],
        "kind": "road",
        "review_status": "candidate"
      },
      "geometry": {
        "type": "LineString",
        "coordinates": [
          [
            106.97769,
            31.91082
          ],
          [
            108.76457,
            31.02664
          ]
        ]
      }
    },
    {
      "type": "Feature",
      "id": "route:trails:178",
      "properties": {
        "id": "route:trails:178",
        "group": "trails",
        "feature": 2,
        "route_type": "trail",
        "speed_multiplier": 1.2,
        "allowed_movement_types": [
          "land",
          "flight"
        ],
        "kind": "road",
        "review_status": "candidate"
      },
      "geometry": {
        "type": "LineString",
        "coordinates": [
          [
            122.70626,
            15.74065
          ],
          [
            121.39243,
            13.11434
          ]
        ]
      }
    },
    {
      "type": "Feature",
      "id": "route:trails:179",
      "properties": {
        "id": "route:trails:179",
        "group": "trails",
        "feature": 2,
        "route_type": "trail",
        "speed_multiplier": 1.2,
        "allowed_movement_types": [
          "land",
          "flight"
        ],
        "kind": "road",
        "review_status": "candidate"
      },
      "geometry": {
        "type": "LineString",
        "coordinates": [
          [
            20.42241,
            34.66078
          ],
          [
            22.64244,
            33.87508
          ],
          [
            25.0404,
            34.3143
          ]
        ]
      }
    },
    {
      "type": "Feature",
      "id": "route:trails:180",
      "properties": {
        "id": "route:trails:180",
        "group": "trails",
        "feature": 2,
        "route_type": "trail",
        "speed_multiplier": 1.2,
        "allowed_movement_types": [
          "land",
          "flight"
        ],
        "kind": "road",
        "review_status": "candidate"
      },
      "geometry": {
        "type": "LineString",
        "coordinates": [
          [
            123.94137,
            12.42891
          ],
          [
            121.39243,
            13.11434
          ]
        ]
      }
    },
    {
      "type": "Feature",
      "id": "route:trails:181",
      "properties": {
        "id": "route:trails:181",
        "group": "trails",
        "feature": 2,
        "route_type": "trail",
        "speed_multiplier": 1.2,
        "allowed_movement_types": [
          "land",
          "flight"
        ],
        "kind": "road",
        "review_status": "candidate"
      },
      "geometry": {
        "type": "LineString",
        "coordinates": [
          [
            118.96679,
            22.25343
          ],
          [
            119.37729,
            20.18854
          ],
          [
            121.83708,
            17.23874
          ]
        ]
      }
    },
    {
      "type": "Feature",
      "id": "route:trails:182",
      "properties": {
        "id": "route:trails:182",
        "group": "trails",
        "feature": 2,
        "route_type": "trail",
        "speed_multiplier": 1.2,
        "allowed_movement_types": [
          "land",
          "flight"
        ],
        "kind": "road",
        "review_status": "candidate"
      },
      "geometry": {
        "type": "LineString",
        "coordinates": [
          [
            118.96679,
            22.25343
          ],
          [
            118.98153,
            24.00455
          ],
          [
            121.0966,
            24.85244
          ],
          [
            120.18968,
            28.30004
          ],
          [
            120.61132,
            29.63962
          ]
        ]
      }
    },
    {
      "type": "Feature",
      "id": "route:trails:183",
      "properties": {
        "id": "route:trails:183",
        "group": "trails",
        "feature": 2,
        "route_type": "trail",
        "speed_multiplier": 1.2,
        "allowed_movement_types": [
          "land",
          "flight"
        ],
        "kind": "road",
        "review_status": "candidate"
      },
      "geometry": {
        "type": "LineString",
        "coordinates": [
          [
            126.10604,
            7.12812
          ],
          [
            128.91451,
            9.43922
          ],
          [
            129.50834,
            6.93187
          ],
          [
            130.27579,
            3.66326
          ]
        ]
      }
    },
    {
      "type": "Feature",
      "id": "route:trails:184",
      "properties": {
        "id": "route:trails:184",
        "group": "trails",
        "feature": 2,
        "route_type": "trail",
        "speed_multiplier": 1.2,
        "allowed_movement_types": [
          "land",
          "flight"
        ],
        "kind": "road",
        "review_status": "candidate"
      },
      "geometry": {
        "type": "LineString",
        "coordinates": [
          [
            14.87377,
            21.95619
          ],
          [
            12.71053,
            24.25938
          ],
          [
            15.73791,
            24.78271
          ],
          [
            14.62574,
            27.85579
          ],
          [
            13.91724,
            29.38622
          ],
          [
            12.27415,
            33.098
          ]
        ]
      }
    },
    {
      "type": "Feature",
      "id": "route:trails:185",
      "properties": {
        "id": "route:trails:185",
        "group": "trails",
        "feature": 2,
        "route_type": "trail",
        "speed_multiplier": 1.2,
        "allowed_movement_types": [
          "land",
          "flight"
        ],
        "kind": "road",
        "review_status": "candidate"
      },
      "geometry": {
        "type": "LineString",
        "coordinates": [
          [
            13.24361,
            19.14153
          ],
          [
            10.00379,
            18.44209
          ]
        ]
      }
    },
    {
      "type": "Feature",
      "id": "route:trails:186",
      "properties": {
        "id": "route:trails:186",
        "group": "trails",
        "feature": 2,
        "route_type": "trail",
        "speed_multiplier": 1.2,
        "allowed_movement_types": [
          "land",
          "flight"
        ],
        "kind": "road",
        "review_status": "candidate"
      },
      "geometry": {
        "type": "LineString",
        "coordinates": [
          [
            67.0646,
            -45.46006
          ],
          [
            66.71952,
            -47.50735
          ]
        ]
      }
    },
    {
      "type": "Feature",
      "id": "route:trails:187",
      "properties": {
        "id": "route:trails:187",
        "group": "trails",
        "feature": 2,
        "route_type": "trail",
        "speed_multiplier": 1.2,
        "allowed_movement_types": [
          "land",
          "flight"
        ],
        "kind": "road",
        "review_status": "candidate"
      },
      "geometry": {
        "type": "LineString",
        "coordinates": [
          [
            123.94137,
            12.42891
          ],
          [
            125.01975,
            13.77891
          ]
        ]
      }
    },
    {
      "type": "Feature",
      "id": "route:trails:188",
      "properties": {
        "id": "route:trails:188",
        "group": "trails",
        "feature": 2,
        "route_type": "trail",
        "speed_multiplier": 1.2,
        "allowed_movement_types": [
          "land",
          "flight"
        ],
        "kind": "road",
        "review_status": "candidate"
      },
      "geometry": {
        "type": "LineString",
        "coordinates": [
          [
            122.70626,
            15.74065
          ],
          [
            125.01975,
            13.77891
          ]
        ]
      }
    },
    {
      "type": "Feature",
      "id": "route:trails:189",
      "properties": {
        "id": "route:trails:189",
        "group": "trails",
        "feature": 2,
        "route_type": "trail",
        "speed_multiplier": 1.2,
        "allowed_movement_types": [
          "land",
          "flight"
        ],
        "kind": "road",
        "review_status": "candidate"
      },
      "geometry": {
        "type": "LineString",
        "coordinates": [
          [
            123.15415,
            18.20775
          ],
          [
            121.83708,
            17.23874
          ]
        ]
      }
    },
    {
      "type": "Feature",
      "id": "route:trails:190",
      "properties": {
        "id": "route:trails:190",
        "group": "trails",
        "feature": 2,
        "route_type": "trail",
        "speed_multiplier": 1.2,
        "allowed_movement_types": [
          "land",
          "flight"
        ],
        "kind": "road",
        "review_status": "candidate"
      },
      "geometry": {
        "type": "LineString",
        "coordinates": [
          [
            111.412,
            23.63219
          ],
          [
            113.48681,
            23.4762
          ],
          [
            115.61338,
            24.59077
          ],
          [
            118.98153,
            24.00455
          ]
        ]
      }
    },
    {
      "type": "Feature",
      "id": "route:trails:191",
      "properties": {
        "id": "route:trails:191",
        "group": "trails",
        "feature": 2,
        "route_type": "trail",
        "speed_multiplier": 1.2,
        "allowed_movement_types": [
          "land",
          "flight"
        ],
        "kind": "road",
        "review_status": "candidate"
      },
      "geometry": {
        "type": "LineString",
        "coordinates": [
          [
            123.48953,
            -0.26597
          ],
          [
            126.03846,
            -1.82157
          ]
        ]
      }
    },
    {
      "type": "Feature",
      "id": "route:trails:192",
      "properties": {
        "id": "route:trails:192",
        "group": "trails",
        "feature": 2,
        "route_type": "trail",
        "speed_multiplier": 1.2,
        "allowed_movement_types": [
          "land",
          "flight"
        ],
        "kind": "road",
        "review_status": "candidate"
      },
      "geometry": {
        "type": "LineString",
        "coordinates": [
          [
            130.16256,
            -2.3528
          ],
          [
            126.03846,
            -1.82157
          ]
        ]
      }
    },
    {
      "type": "Feature",
      "id": "route:trails:193",
      "properties": {
        "id": "route:trails:193",
        "group": "trails",
        "feature": 2,
        "route_type": "trail",
        "speed_multiplier": 1.2,
        "allowed_movement_types": [
          "land",
          "flight"
        ],
        "kind": "road",
        "review_status": "candidate"
      },
      "geometry": {
        "type": "LineString",
        "coordinates": [
          [
            132.87037,
            -9.51182
          ],
          [
            129.72473,
            -10.16885
          ],
          [
            126.12006,
            -7.8732
          ]
        ]
      }
    },
    {
      "type": "Feature",
      "id": "route:trails:194",
      "properties": {
        "id": "route:trails:194",
        "group": "trails",
        "feature": 2,
        "route_type": "trail",
        "speed_multiplier": 1.2,
        "allowed_movement_types": [
          "land",
          "flight"
        ],
        "kind": "road",
        "review_status": "candidate"
      },
      "geometry": {
        "type": "LineString",
        "coordinates": [
          [
            24.53284,
            37.31442
          ],
          [
            24.13168,
            40.00723
          ],
          [
            22.14099,
            42.38518
          ],
          [
            18.83934,
            43.6101
          ],
          [
            18.1233,
            43.39661
          ]
        ]
      }
    },
    {
      "type": "Feature",
      "id": "route:trails:195",
      "properties": {
        "id": "route:trails:195",
        "group": "trails",
        "feature": 2,
        "route_type": "trail",
        "speed_multiplier": 1.2,
        "allowed_movement_types": [
          "land",
          "flight"
        ],
        "kind": "road",
        "review_status": "candidate"
      },
      "geometry": {
        "type": "LineString",
        "coordinates": [
          [
            16.24763,
            35.22616
          ],
          [
            20.42241,
            34.66078
          ]
        ]
      }
    },
    {
      "type": "Feature",
      "id": "route:trails:196",
      "properties": {
        "id": "route:trails:196",
        "group": "trails",
        "feature": 2,
        "route_type": "trail",
        "speed_multiplier": 1.2,
        "allowed_movement_types": [
          "land",
          "flight"
        ],
        "kind": "road",
        "review_status": "candidate"
      },
      "geometry": {
        "type": "LineString",
        "coordinates": [
          [
            10.31653,
            31.22971
          ],
          [
            12.27415,
            33.098
          ],
          [
            13.39387,
            34.38403
          ],
          [
            13.76304,
            36.36338
          ]
        ]
      }
    },
    {
      "type": "Feature",
      "id": "route:trails:197",
      "properties": {
        "id": "route:trails:197",
        "group": "trails",
        "feature": 2,
        "route_type": "trail",
        "speed_multiplier": 1.2,
        "allowed_movement_types": [
          "land",
          "flight"
        ],
        "kind": "road",
        "review_status": "candidate"
      },
      "geometry": {
        "type": "LineString",
        "coordinates": [
          [
            136.68857,
            -26.36022
          ],
          [
            136.69216,
            -25.06378
          ],
          [
            135.80429,
            -22.80911
          ],
          [
            133.77118,
            -21.51625
          ],
          [
            133.01847,
            -19.84026
          ],
          [
            132.26864,
            -18.16066
          ]
        ]
      }
    },
    {
      "type": "Feature",
      "id": "route:trails:198",
      "properties": {
        "id": "route:trails:198",
        "group": "trails",
        "feature": 2,
        "route_type": "trail",
        "speed_multiplier": 1.2,
        "allowed_movement_types": [
          "land",
          "flight"
        ],
        "kind": "road",
        "review_status": "candidate"
      },
      "geometry": {
        "type": "LineString",
        "coordinates": [
          [
            134.38442,
            -15.94732
          ],
          [
            137.66702,
            -16.60256
          ],
          [
            139.02722,
            -15.61701
          ],
          [
            140.90756,
            -15.37224
          ],
          [
            143.52803,
            -15.57244
          ],
          [
            142.61967,
            -16.56589
          ],
          [
            142.00212,
            -17.63626
          ],
          [
            141.96186,
            -18.85543
          ],
          [
            142.21024,
            -20.14756
          ],
          [
            142.95181,
            -22.5266
          ],
          [
            142.08264,
            -24.73598
          ],
          [
            141.96186,
            -26.41054
          ],
          [
            141.83784,
            -28.0851
          ],
          [
            142.97985,
            -29.70252
          ]
        ]
      }
    },
    {
      "type": "Feature",
      "id": "route:trails:199",
      "properties": {
        "id": "route:trails:199",
        "group": "trails",
        "feature": 2,
        "route_type": "trail",
        "speed_multiplier": 1.2,
        "allowed_movement_types": [
          "land",
          "flight"
        ],
        "kind": "road",
        "review_status": "candidate"
      },
      "geometry": {
        "type": "LineString",
        "coordinates": [
          [
            120.10664,
            32.19657
          ],
          [
            121.79251,
            33.26837
          ],
          [
            122.7494,
            32.33818
          ],
          [
            123.57004,
            30.39908
          ]
        ]
      }
    },
    {
      "type": "Feature",
      "id": "route:trails:200",
      "properties": {
        "id": "route:trails:200",
        "group": "trails",
        "feature": 2,
        "route_type": "trail",
        "speed_multiplier": 1.2,
        "allowed_movement_types": [
          "land",
          "flight"
        ],
        "kind": "road",
        "review_status": "candidate"
      },
      "geometry": {
        "type": "LineString",
        "coordinates": [
          [
            120.28278,
            35.70887
          ],
          [
            120.83275,
            34.19641
          ],
          [
            121.79251,
            33.26837
          ]
        ]
      }
    },
    {
      "type": "Feature",
      "id": "route:trails:201",
      "properties": {
        "id": "route:trails:201",
        "group": "trails",
        "feature": 2,
        "route_type": "trail",
        "speed_multiplier": 1.2,
        "allowed_movement_types": [
          "land",
          "flight"
        ],
        "kind": "road",
        "review_status": "candidate"
      },
      "geometry": {
        "type": "LineString",
        "coordinates": [
          [
            10.31653,
            31.22971
          ],
          [
            6.92753,
            29.75571
          ],
          [
            5.63023,
            29.46494
          ],
          [
            4.68018,
            28.39457
          ],
          [
            4.077,
            26.54425
          ]
        ]
      }
    },
    {
      "type": "Feature",
      "id": "route:trails:202",
      "properties": {
        "id": "route:trails:202",
        "group": "trails",
        "feature": 2,
        "route_type": "trail",
        "speed_multiplier": 1.2,
        "allowed_movement_types": [
          "land",
          "flight"
        ],
        "kind": "road",
        "review_status": "candidate"
      },
      "geometry": {
        "type": "LineString",
        "coordinates": [
          [
            128.57949,
            22.92053
          ],
          [
            131.01088,
            21.74161
          ],
          [
            131.87862,
            20.88403
          ],
          [
            134.03754,
            19.06677
          ],
          [
            134.64611,
            17.64848
          ],
          [
            136.63896,
            14.90212
          ],
          [
            136.8514,
            11.4006
          ]
        ]
      }
    },
    {
      "type": "Feature",
      "id": "route:trails:203",
      "properties": {
        "id": "route:trails:203",
        "group": "trails",
        "feature": 2,
        "route_type": "trail",
        "speed_multiplier": 1.2,
        "allowed_movement_types": [
          "land",
          "flight"
        ],
        "kind": "road",
        "review_status": "candidate"
      },
      "geometry": {
        "type": "LineString",
        "coordinates": [
          [
            128.57949,
            22.92053
          ],
          [
            129.11688,
            24.32768
          ]
        ]
      }
    },
    {
      "type": "Feature",
      "id": "route:trails:204",
      "properties": {
        "id": "route:trails:204",
        "group": "trails",
        "feature": 2,
        "route_type": "trail",
        "speed_multiplier": 1.2,
        "allowed_movement_types": [
          "land",
          "flight"
        ],
        "kind": "road",
        "review_status": "candidate"
      },
      "geometry": {
        "type": "LineString",
        "coordinates": [
          [
            125.80014,
            22.72248
          ],
          [
            128.57949,
            22.92053
          ]
        ]
      }
    },
    {
      "type": "Feature",
      "id": "route:trails:205",
      "properties": {
        "id": "route:trails:205",
        "group": "trails",
        "feature": 2,
        "route_type": "trail",
        "speed_multiplier": 1.2,
        "allowed_movement_types": [
          "land",
          "flight"
        ],
        "kind": "road",
        "review_status": "candidate"
      },
      "geometry": {
        "type": "LineString",
        "coordinates": [
          [
            2.42564,
            26.07053
          ],
          [
            4.077,
            26.54425
          ]
        ]
      }
    },
    {
      "type": "Feature",
      "id": "route:trails:206",
      "properties": {
        "id": "route:trails:206",
        "group": "trails",
        "feature": 2,
        "route_type": "trail",
        "speed_multiplier": 1.2,
        "allowed_movement_types": [
          "land",
          "flight"
        ],
        "kind": "road",
        "review_status": "candidate"
      },
      "geometry": {
        "type": "LineString",
        "coordinates": [
          [
            5.63023,
            29.46494
          ],
          [
            4.42137,
            32.17212
          ],
          [
            3.35377,
            33.73922
          ],
          [
            2.28617,
            35.30308
          ],
          [
            3.85701,
            36.64696
          ],
          [
            3.66938,
            38.67412
          ],
          [
            3.96341,
            39.45946
          ],
          [
            4.52561,
            40.37133
          ],
          [
            4.03207,
            40.93275
          ]
        ]
      }
    },
    {
      "type": "Feature",
      "id": "route:trails:207",
      "properties": {
        "id": "route:trails:207",
        "group": "trails",
        "feature": 2,
        "route_type": "trail",
        "speed_multiplier": 1.2,
        "allowed_movement_types": [
          "land",
          "flight"
        ],
        "kind": "road",
        "review_status": "candidate"
      },
      "geometry": {
        "type": "LineString",
        "coordinates": [
          [
            -3.42998,
            38.4103
          ],
          [
            -6.07561,
            38.43834
          ],
          [
            -6.22227,
            35.83862
          ],
          [
            -5.28335,
            34.999
          ],
          [
            -4.85991,
            33.65655
          ],
          [
            -3.99577,
            32.33962
          ],
          [
            -2.43391,
            31.2998
          ],
          [
            -3.90374,
            30.82069
          ],
          [
            -5.37717,
            30.34517
          ],
          [
            -6.11407,
            30.96302
          ],
          [
            -8.11663,
            31.72284
          ],
          [
            -7.09036,
            32.94309
          ],
          [
            -6.85851,
            34.41134
          ],
          [
            -6.22227,
            35.83862
          ]
        ]
      }
    },
    {
      "type": "Feature",
      "id": "route:trails:208",
      "properties": {
        "id": "route:trails:208",
        "group": "trails",
        "feature": 2,
        "route_type": "trail",
        "speed_multiplier": 1.2,
        "allowed_movement_types": [
          "land",
          "flight"
        ],
        "kind": "road",
        "review_status": "candidate"
      },
      "geometry": {
        "type": "LineString",
        "coordinates": [
          [
            2.42564,
            26.07053
          ],
          [
            1.43065,
            24.70363
          ]
        ]
      }
    },
    {
      "type": "Feature",
      "id": "route:trails:209",
      "properties": {
        "id": "route:trails:209",
        "group": "trails",
        "feature": 2,
        "route_type": "trail",
        "speed_multiplier": 1.2,
        "allowed_movement_types": [
          "land",
          "flight"
        ],
        "kind": "road",
        "review_status": "candidate"
      },
      "geometry": {
        "type": "LineString",
        "coordinates": [
          [
            118.37691,
            34.19209
          ],
          [
            120.28278,
            35.70887
          ]
        ]
      }
    },
    {
      "type": "Feature",
      "id": "route:trails:210",
      "properties": {
        "id": "route:trails:210",
        "group": "trails",
        "feature": 2,
        "route_type": "trail",
        "speed_multiplier": 1.2,
        "allowed_movement_types": [
          "land",
          "flight"
        ],
        "kind": "road",
        "review_status": "candidate"
      },
      "geometry": {
        "type": "LineString",
        "coordinates": [
          [
            129.72473,
            -10.16885
          ],
          [
            129.26283,
            -12.10004
          ],
          [
            129.85666,
            -14.30727
          ],
          [
            131.10291,
            -15.77696
          ],
          [
            132.26864,
            -18.16066
          ]
        ]
      }
    },
    {
      "type": "Feature",
      "id": "route:trails:211",
      "properties": {
        "id": "route:trails:211",
        "group": "trails",
        "feature": 2,
        "route_type": "trail",
        "speed_multiplier": 1.2,
        "allowed_movement_types": [
          "land",
          "flight"
        ],
        "kind": "road",
        "review_status": "candidate"
      },
      "geometry": {
        "type": "LineString",
        "coordinates": [
          [
            132.95449,
            9.32959
          ],
          [
            134.94087,
            9.65919
          ],
          [
            136.44629,
            10.75292
          ],
          [
            136.8514,
            11.4006
          ]
        ]
      }
    },
    {
      "type": "Feature",
      "id": "route:trails:212",
      "properties": {
        "id": "route:trails:212",
        "group": "trails",
        "feature": 2,
        "route_type": "trail",
        "speed_multiplier": 1.2,
        "allowed_movement_types": [
          "land",
          "flight"
        ],
        "kind": "road",
        "review_status": "candidate"
      },
      "geometry": {
        "type": "LineString",
        "coordinates": [
          [
            128.91451,
            9.43922
          ],
          [
            132.95449,
            9.32959
          ]
        ]
      }
    },
    {
      "type": "Feature",
      "id": "route:trails:213",
      "properties": {
        "id": "route:trails:213",
        "group": "trails",
        "feature": 2,
        "route_type": "trail",
        "speed_multiplier": 1.2,
        "allowed_movement_types": [
          "land",
          "flight"
        ],
        "kind": "road",
        "review_status": "candidate"
      },
      "geometry": {
        "type": "LineString",
        "coordinates": [
          [
            131.71255,
            29.42324
          ],
          [
            131.07918,
            28.70511
          ],
          [
            129.9192,
            27.20379
          ],
          [
            129.11688,
            24.32768
          ]
        ]
      }
    },
    {
      "type": "Feature",
      "id": "route:trails:214",
      "properties": {
        "id": "route:trails:214",
        "group": "trails",
        "feature": 2,
        "route_type": "trail",
        "speed_multiplier": 1.2,
        "allowed_movement_types": [
          "land",
          "flight"
        ],
        "kind": "road",
        "review_status": "candidate"
      },
      "geometry": {
        "type": "LineString",
        "coordinates": [
          [
            130.98392,
            31.58626
          ],
          [
            131.71255,
            29.42324
          ],
          [
            134.02101,
            31.17005
          ],
          [
            133.92144,
            32.14481
          ],
          [
            133.52891,
            34.38978
          ],
          [
            134.38838,
            35.98562
          ],
          [
            133.29741,
            36.76917
          ],
          [
            132.89086,
            38.227
          ],
          [
            131.29594,
            38.93542
          ],
          [
            129.36923,
            38.81538
          ],
          [
            128.03994,
            40.46046
          ]
        ]
      }
    },
    {
      "type": "Feature",
      "id": "route:trails:215",
      "properties": {
        "id": "route:trails:215",
        "group": "trails",
        "feature": 2,
        "route_type": "trail",
        "speed_multiplier": 1.2,
        "allowed_movement_types": [
          "land",
          "flight"
        ],
        "kind": "road",
        "review_status": "candidate"
      },
      "geometry": {
        "type": "LineString",
        "coordinates": [
          [
            129.9192,
            27.20379
          ],
          [
            127.62728,
            31.1776
          ]
        ]
      }
    },
    {
      "type": "Feature",
      "id": "route:trails:216",
      "properties": {
        "id": "route:trails:216",
        "group": "trails",
        "feature": 2,
        "route_type": "trail",
        "speed_multiplier": 1.2,
        "allowed_movement_types": [
          "land",
          "flight"
        ],
        "kind": "road",
        "review_status": "candidate"
      },
      "geometry": {
        "type": "LineString",
        "coordinates": [
          [
            137.74143,
            -13.43279
          ],
          [
            137.66702,
            -16.60256
          ]
        ]
      }
    },
    {
      "type": "Feature",
      "id": "route:trails:217",
      "properties": {
        "id": "route:trails:217",
        "group": "trails",
        "feature": 2,
        "route_type": "trail",
        "speed_multiplier": 1.2,
        "allowed_movement_types": [
          "land",
          "flight"
        ],
        "kind": "road",
        "review_status": "candidate"
      },
      "geometry": {
        "type": "LineString",
        "coordinates": [
          [
            11.74287,
            40.30699
          ],
          [
            13.60487,
            40.94928
          ],
          [
            15.02259,
            42.16953
          ],
          [
            18.1233,
            43.39661
          ]
        ]
      }
    },
    {
      "type": "Feature",
      "id": "route:trails:218",
      "properties": {
        "id": "route:trails:218",
        "group": "trails",
        "feature": 2,
        "route_type": "trail",
        "speed_multiplier": 1.2,
        "allowed_movement_types": [
          "land",
          "flight"
        ],
        "kind": "road",
        "review_status": "candidate"
      },
      "geometry": {
        "type": "LineString",
        "coordinates": [
          [
            140.22998,
            24.66661
          ],
          [
            138.7339,
            22.52732
          ],
          [
            137.0793,
            20.50088
          ],
          [
            134.03754,
            19.06677
          ]
        ]
      }
    },
    {
      "type": "Feature",
      "id": "route:trails:219",
      "properties": {
        "id": "route:trails:219",
        "group": "trails",
        "feature": 2,
        "route_type": "trail",
        "speed_multiplier": 1.2,
        "allowed_movement_types": [
          "land",
          "flight"
        ],
        "kind": "road",
        "review_status": "candidate"
      },
      "geometry": {
        "type": "LineString",
        "coordinates": [
          [
            128.66217,
            42.69213
          ],
          [
            128.03994,
            40.46046
          ]
        ]
      }
    },
    {
      "type": "Feature",
      "id": "route:trails:220",
      "properties": {
        "id": "route:trails:220",
        "group": "trails",
        "feature": 2,
        "route_type": "trail",
        "speed_multiplier": 1.2,
        "allowed_movement_types": [
          "land",
          "flight"
        ],
        "kind": "road",
        "review_status": "candidate"
      },
      "geometry": {
        "type": "LineString",
        "coordinates": [
          [
            131.1349,
            40.88566
          ],
          [
            129.36923,
            38.81538
          ]
        ]
      }
    },
    {
      "type": "Feature",
      "id": "route:trails:221",
      "properties": {
        "id": "route:trails:221",
        "group": "trails",
        "feature": 2,
        "route_type": "trail",
        "speed_multiplier": 1.2,
        "allowed_movement_types": [
          "land",
          "flight"
        ],
        "kind": "road",
        "review_status": "candidate"
      },
      "geometry": {
        "type": "LineString",
        "coordinates": [
          [
            134.94087,
            9.65919
          ],
          [
            136.0915,
            7.72188
          ],
          [
            139.74938,
            5.87228
          ]
        ]
      }
    },
    {
      "type": "Feature",
      "id": "route:trails:222",
      "properties": {
        "id": "route:trails:222",
        "group": "trails",
        "feature": 2,
        "route_type": "trail",
        "speed_multiplier": 1.2,
        "allowed_movement_types": [
          "land",
          "flight"
        ],
        "kind": "road",
        "review_status": "candidate"
      },
      "geometry": {
        "type": "LineString",
        "coordinates": [
          [
            136.68857,
            -26.36022
          ],
          [
            136.68785,
            -27.65308
          ],
          [
            137.08038,
            -29.21765
          ]
        ]
      }
    },
    {
      "type": "Feature",
      "id": "route:trails:223",
      "properties": {
        "id": "route:trails:223",
        "group": "trails",
        "feature": 2,
        "route_type": "trail",
        "speed_multiplier": 1.2,
        "allowed_movement_types": [
          "land",
          "flight"
        ],
        "kind": "road",
        "review_status": "candidate"
      },
      "geometry": {
        "type": "LineString",
        "coordinates": [
          [
            142.50464,
            -31.44968
          ],
          [
            142.97985,
            -29.70252
          ],
          [
            140.98269,
            -29.81034
          ],
          [
            139.12607,
            -28.86146
          ],
          [
            137.08038,
            -29.21765
          ]
        ]
      }
    },
    {
      "type": "Feature",
      "id": "route:trails:224",
      "properties": {
        "id": "route:trails:224",
        "group": "trails",
        "feature": 2,
        "route_type": "trail",
        "speed_multiplier": 1.2,
        "allowed_movement_types": [
          "land",
          "flight"
        ],
        "kind": "road",
        "review_status": "candidate"
      },
      "geometry": {
        "type": "LineString",
        "coordinates": [
          [
            142.50464,
            -31.44968
          ],
          [
            142.63117,
            -32.92692
          ]
        ]
      }
    },
    {
      "type": "Feature",
      "id": "route:trails:225",
      "properties": {
        "id": "route:trails:225",
        "group": "trails",
        "feature": 2,
        "route_type": "trail",
        "speed_multiplier": 1.2,
        "allowed_movement_types": [
          "land",
          "flight"
        ],
        "kind": "road",
        "review_status": "candidate"
      },
      "geometry": {
        "type": "LineString",
        "coordinates": [
          [
            128.66217,
            42.69213
          ],
          [
            130.5993,
            45.16893
          ]
        ]
      }
    },
    {
      "type": "Feature",
      "id": "route:trails:226",
      "properties": {
        "id": "route:trails:226",
        "group": "trails",
        "feature": 2,
        "route_type": "trail",
        "speed_multiplier": 1.2,
        "allowed_movement_types": [
          "land",
          "flight"
        ],
        "kind": "road",
        "review_status": "candidate"
      },
      "geometry": {
        "type": "LineString",
        "coordinates": [
          [
            125.26922,
            44.24485
          ],
          [
            126.81058,
            43.06773
          ],
          [
            128.66217,
            42.69213
          ]
        ]
      }
    },
    {
      "type": "Feature",
      "id": "route:trails:227",
      "properties": {
        "id": "route:trails:227",
        "group": "trails",
        "feature": 2,
        "route_type": "trail",
        "speed_multiplier": 1.2,
        "allowed_movement_types": [
          "land",
          "flight"
        ],
        "kind": "road",
        "review_status": "candidate"
      },
      "geometry": {
        "type": "LineString",
        "coordinates": [
          [
            141.08118,
            28.29034
          ],
          [
            140.36118,
            26.55899
          ],
          [
            140.22998,
            24.66661
          ]
        ]
      }
    },
    {
      "type": "Feature",
      "id": "route:trails:228",
      "properties": {
        "id": "route:trails:228",
        "group": "trails",
        "feature": 2,
        "route_type": "trail",
        "speed_multiplier": 1.2,
        "allowed_movement_types": [
          "land",
          "flight"
        ],
        "kind": "road",
        "review_status": "candidate"
      },
      "geometry": {
        "type": "LineString",
        "coordinates": [
          [
            138.7339,
            22.52732
          ],
          [
            142.24152,
            21.48319
          ]
        ]
      }
    },
    {
      "type": "Feature",
      "id": "route:trails:229",
      "properties": {
        "id": "route:trails:229",
        "group": "trails",
        "feature": 2,
        "route_type": "trail",
        "speed_multiplier": 1.2,
        "allowed_movement_types": [
          "land",
          "flight"
        ],
        "kind": "road",
        "review_status": "candidate"
      },
      "geometry": {
        "type": "LineString",
        "coordinates": [
          [
            -5.28335,
            34.999
          ],
          [
            -3.68088,
            35.70527
          ],
          [
            -2.09745,
            35.52664
          ]
        ]
      }
    },
    {
      "type": "Feature",
      "id": "route:trails:230",
      "properties": {
        "id": "route:trails:230",
        "group": "trails",
        "feature": 2,
        "route_type": "trail",
        "speed_multiplier": 1.2,
        "allowed_movement_types": [
          "land",
          "flight"
        ],
        "kind": "road",
        "review_status": "candidate"
      },
      "geometry": {
        "type": "LineString",
        "coordinates": [
          [
            140.57937,
            30.80847
          ],
          [
            139.17927,
            31.36881
          ],
          [
            138.07645,
            31.22576
          ],
          [
            136.26692,
            31.82133
          ],
          [
            134.02101,
            31.17005
          ]
        ]
      }
    },
    {
      "type": "Feature",
      "id": "route:trails:231",
      "properties": {
        "id": "route:trails:231",
        "group": "trails",
        "feature": 2,
        "route_type": "trail",
        "speed_multiplier": 1.2,
        "allowed_movement_types": [
          "land",
          "flight"
        ],
        "kind": "road",
        "review_status": "candidate"
      },
      "geometry": {
        "type": "LineString",
        "coordinates": [
          [
            140.98412,
            37.07827
          ],
          [
            139.79179,
            38.23922
          ],
          [
            137.04587,
            38.02284
          ],
          [
            134.38838,
            35.98562
          ]
        ]
      }
    },
    {
      "type": "Feature",
      "id": "route:trails:232",
      "properties": {
        "id": "route:trails:232",
        "group": "trails",
        "feature": 2,
        "route_type": "trail",
        "speed_multiplier": 1.2,
        "allowed_movement_types": [
          "land",
          "flight"
        ],
        "kind": "road",
        "review_status": "candidate"
      },
      "geometry": {
        "type": "LineString",
        "coordinates": [
          [
            140.57937,
            30.80847
          ],
          [
            141.08118,
            28.29034
          ]
        ]
      }
    },
    {
      "type": "Feature",
      "id": "route:trails:233",
      "properties": {
        "id": "route:trails:233",
        "group": "trails",
        "feature": 2,
        "route_type": "trail",
        "speed_multiplier": 1.2,
        "allowed_movement_types": [
          "land",
          "flight"
        ],
        "kind": "road",
        "review_status": "candidate"
      },
      "geometry": {
        "type": "LineString",
        "coordinates": [
          [
            -1.88789,
            40.25883
          ],
          [
            -4.13416,
            43.67804
          ],
          [
            -2.96519,
            44.16577
          ],
          [
            -1.16753,
            44.81993
          ],
          [
            0.73222,
            47.07388
          ],
          [
            -0.57981,
            47.71294
          ],
          [
            -0.82676,
            48.83866
          ],
          [
            -0.35623,
            50.19836
          ]
        ]
      }
    },
    {
      "type": "Feature",
      "id": "route:trails:234",
      "properties": {
        "id": "route:trails:234",
        "group": "trails",
        "feature": 2,
        "route_type": "trail",
        "speed_multiplier": 1.2,
        "allowed_movement_types": [
          "land",
          "flight"
        ],
        "kind": "road",
        "review_status": "candidate"
      },
      "geometry": {
        "type": "LineString",
        "coordinates": [
          [
            -8.37903,
            37.55092
          ],
          [
            -6.07561,
            38.43834
          ],
          [
            -6.2902,
            40.48167
          ]
        ]
      }
    },
    {
      "type": "Feature",
      "id": "route:trails:235",
      "properties": {
        "id": "route:trails:235",
        "group": "trails",
        "feature": 2,
        "route_type": "trail",
        "speed_multiplier": 1.2,
        "allowed_movement_types": [
          "land",
          "flight"
        ],
        "kind": "road",
        "review_status": "candidate"
      },
      "geometry": {
        "type": "LineString",
        "coordinates": [
          [
            140.57937,
            30.80847
          ],
          [
            142.11786,
            32.28858
          ]
        ]
      }
    },
    {
      "type": "Feature",
      "id": "route:trails:236",
      "properties": {
        "id": "route:trails:236",
        "group": "trails",
        "feature": 2,
        "route_type": "trail",
        "speed_multiplier": 1.2,
        "allowed_movement_types": [
          "land",
          "flight"
        ],
        "kind": "road",
        "review_status": "candidate"
      },
      "geometry": {
        "type": "LineString",
        "coordinates": [
          [
            140.98412,
            37.07827
          ],
          [
            141.86876,
            35.75343
          ],
          [
            142.14518,
            34.10224
          ],
          [
            142.11786,
            32.28858
          ]
        ]
      }
    },
    {
      "type": "Feature",
      "id": "route:trails:237",
      "properties": {
        "id": "route:trails:237",
        "group": "trails",
        "feature": 2,
        "route_type": "trail",
        "speed_multiplier": 1.2,
        "allowed_movement_types": [
          "land",
          "flight"
        ],
        "kind": "road",
        "review_status": "candidate"
      },
      "geometry": {
        "type": "LineString",
        "coordinates": [
          [
            143.98059,
            30.24884
          ],
          [
            143.81596,
            32.00391
          ],
          [
            142.11786,
            32.28858
          ]
        ]
      }
    },
    {
      "type": "Feature",
      "id": "route:trails:238",
      "properties": {
        "id": "route:trails:238",
        "group": "trails",
        "feature": 2,
        "route_type": "trail",
        "speed_multiplier": 1.2,
        "allowed_movement_types": [
          "land",
          "flight"
        ],
        "kind": "road",
        "review_status": "candidate"
      },
      "geometry": {
        "type": "LineString",
        "coordinates": [
          [
            -3.02666,
            39.4972
          ],
          [
            -4.13416,
            43.67804
          ]
        ]
      }
    },
    {
      "type": "Feature",
      "id": "route:trails:239",
      "properties": {
        "id": "route:trails:239",
        "group": "trails",
        "feature": 3,
        "route_type": "trail",
        "speed_multiplier": 1.2,
        "allowed_movement_types": [
          "land",
          "flight"
        ],
        "kind": "road",
        "review_status": "candidate"
      },
      "geometry": {
        "type": "LineString",
        "coordinates": [
          [
            -81.85821,
            14.71486
          ],
          [
            -80.13136,
            12.23087
          ],
          [
            -78.66692,
            10.10236
          ],
          [
            -77.44511,
            9.53626
          ],
          [
            -78.82113,
            7.10691
          ],
          [
            -77.09176,
            6.02827
          ],
          [
            -76.26321,
            3.99357
          ],
          [
            -76.59858,
            1.38415
          ],
          [
            -77.28228,
            -0.47228
          ],
          [
            -77.21182,
            -3.22692
          ],
          [
            -77.9843,
            -5.15631
          ],
          [
            -79.36679,
            -7.49832
          ],
          [
            -77.16689,
            -7.78299
          ],
          [
            -74.37999,
            -10.43446
          ],
          [
            -74.6823,
            -12.06446
          ],
          [
            -76.10396,
            -16.05911
          ],
          [
            -79.70037,
            -16.50731
          ],
          [
            -82.5207,
            -15.71514
          ],
          [
            -84.58472,
            -15.69716
          ],
          [
            -87.04919,
            -17.922
          ],
          [
            -87.95143,
            -16.87967
          ],
          [
            -89.64521,
            -15.99333
          ],
          [
            -90.59922,
            -13.95611
          ],
          [
            -92.08703,
            -12.88682
          ]
        ]
      }
    },
    {
      "type": "Feature",
      "id": "route:trails:240",
      "properties": {
        "id": "route:trails:240",
        "group": "trails",
        "feature": 3,
        "route_type": "trail",
        "speed_multiplier": 1.2,
        "allowed_movement_types": [
          "land",
          "flight"
        ],
        "kind": "road",
        "review_status": "candidate"
      },
      "geometry": {
        "type": "LineString",
        "coordinates": [
          [
            -78.82113,
            7.10691
          ],
          [
            -82.78706,
            7.47927
          ],
          [
            -83.94668,
            6.45599
          ],
          [
            -85.59121,
            4.95863
          ],
          [
            -86.52114,
            3.23698
          ],
          [
            -87.84395,
            -0.04026
          ],
          [
            -87.85869,
            -2.31146
          ]
        ]
      }
    },
    {
      "type": "Feature",
      "id": "route:trails:241",
      "properties": {
        "id": "route:trails:241",
        "group": "trails",
        "feature": 3,
        "route_type": "trail",
        "speed_multiplier": 1.2,
        "allowed_movement_types": [
          "land",
          "flight"
        ],
        "kind": "road",
        "review_status": "candidate"
      },
      "geometry": {
        "type": "LineString",
        "coordinates": [
          [
            -77.44511,
            9.53626
          ],
          [
            -75.01911,
            9.16066
          ],
          [
            -71.42414,
            9.4234
          ]
        ]
      }
    },
    {
      "type": "Feature",
      "id": "route:trails:242",
      "properties": {
        "id": "route:trails:242",
        "group": "trails",
        "feature": 3,
        "route_type": "trail",
        "speed_multiplier": 1.2,
        "allowed_movement_types": [
          "land",
          "flight"
        ],
        "kind": "road",
        "review_status": "candidate"
      },
      "geometry": {
        "type": "LineString",
        "coordinates": [
          [
            -81.85821,
            14.71486
          ],
          [
            -84.42045,
            15.39597
          ],
          [
            -85.16741,
            16.67192
          ],
          [
            -88.51363,
            17.66717
          ],
          [
            -90.37132,
            18.90288
          ],
          [
            -89.96262,
            21.85771
          ]
        ]
      }
    },
    {
      "type": "Feature",
      "id": "route:trails:243",
      "properties": {
        "id": "route:trails:243",
        "group": "trails",
        "feature": 3,
        "route_type": "trail",
        "speed_multiplier": 1.2,
        "allowed_movement_types": [
          "land",
          "flight"
        ],
        "kind": "road",
        "review_status": "candidate"
      },
      "geometry": {
        "type": "LineString",
        "coordinates": [
          [
            -81.85821,
            14.71486
          ],
          [
            -78.40164,
            16.62628
          ],
          [
            -76.1701,
            18.10603
          ],
          [
            -75.12048,
            20.01314
          ]
        ]
      }
    },
    {
      "type": "Feature",
      "id": "route:trails:244",
      "properties": {
        "id": "route:trails:244",
        "group": "trails",
        "feature": 3,
        "route_type": "trail",
        "speed_multiplier": 1.2,
        "allowed_movement_types": [
          "land",
          "flight"
        ],
        "kind": "road",
        "review_status": "candidate"
      },
      "geometry": {
        "type": "LineString",
        "coordinates": [
          [
            -92.69811,
            2.14649
          ],
          [
            -90.51583,
            1.45783
          ],
          [
            -86.52114,
            3.23698
          ]
        ]
      }
    },
    {
      "type": "Feature",
      "id": "route:trails:245",
      "properties": {
        "id": "route:trails:245",
        "group": "trails",
        "feature": 3,
        "route_type": "trail",
        "speed_multiplier": 1.2,
        "allowed_movement_types": [
          "land",
          "flight"
        ],
        "kind": "road",
        "review_status": "candidate"
      },
      "geometry": {
        "type": "LineString",
        "coordinates": [
          [
            -79.30029,
            23.24976
          ],
          [
            -77.33763,
            22.22504
          ]
        ]
      }
    },
    {
      "type": "Feature",
      "id": "route:trails:246",
      "properties": {
        "id": "route:trails:246",
        "group": "trails",
        "feature": 3,
        "route_type": "trail",
        "speed_multiplier": 1.2,
        "allowed_movement_types": [
          "land",
          "flight"
        ],
        "kind": "road",
        "review_status": "candidate"
      },
      "geometry": {
        "type": "LineString",
        "coordinates": [
          [
            -79.30029,
            23.24976
          ],
          [
            -79.81863,
            24.11705
          ],
          [
            -80.9858,
            25.01454
          ],
          [
            -83.08218,
            26.33039
          ],
          [
            -85.32521,
            26.49213
          ]
        ]
      }
    },
    {
      "type": "Feature",
      "id": "route:trails:247",
      "properties": {
        "id": "route:trails:247",
        "group": "trails",
        "feature": 3,
        "route_type": "trail",
        "speed_multiplier": 1.2,
        "allowed_movement_types": [
          "land",
          "flight"
        ],
        "kind": "road",
        "review_status": "candidate"
      },
      "geometry": {
        "type": "LineString",
        "coordinates": [
          [
            -69.15415,
            -0.00935
          ],
          [
            -67.37518,
            -0.43239
          ],
          [
            -67.31946,
            -2.83946
          ],
          [
            -68.9701,
            -4.34832
          ],
          [
            -69.86372,
            -6.40315
          ],
          [
            -71.23902,
            -6.16558
          ],
          [
            -73.29478,
            -7.62808
          ],
          [
            -74.37999,
            -10.43446
          ]
        ]
      }
    },
    {
      "type": "Feature",
      "id": "route:trails:248",
      "properties": {
        "id": "route:trails:248",
        "group": "trails",
        "feature": 3,
        "route_type": "trail",
        "speed_multiplier": 1.2,
        "allowed_movement_types": [
          "land",
          "flight"
        ],
        "kind": "road",
        "review_status": "candidate"
      },
      "geometry": {
        "type": "LineString",
        "coordinates": [
          [
            -90.37132,
            18.90288
          ],
          [
            -92.42313,
            18.17612
          ],
          [
            -95.5853,
            16.70859
          ],
          [
            -96.8923,
            15.01066
          ],
          [
            -97.8251,
            12.63307
          ],
          [
            -99.89308,
            11.23095
          ],
          [
            -100.46211,
            10.54517
          ],
          [
            -101.85789,
            8.86593
          ]
        ]
      }
    },
    {
      "type": "Feature",
      "id": "route:trails:249",
      "properties": {
        "id": "route:trails:249",
        "group": "trails",
        "feature": 3,
        "route_type": "trail",
        "speed_multiplier": 1.2,
        "allowed_movement_types": [
          "land",
          "flight"
        ],
        "kind": "road",
        "review_status": "candidate"
      },
      "geometry": {
        "type": "LineString",
        "coordinates": [
          [
            -91.52483,
            24.0405
          ],
          [
            -91.14237,
            23.15631
          ],
          [
            -89.24801,
            23.04129
          ],
          [
            -86.63904,
            24.11022
          ],
          [
            -85.32521,
            26.49213
          ]
        ]
      }
    },
    {
      "type": "Feature",
      "id": "route:trails:250",
      "properties": {
        "id": "route:trails:250",
        "group": "trails",
        "feature": 3,
        "route_type": "trail",
        "speed_multiplier": 1.2,
        "allowed_movement_types": [
          "land",
          "flight"
        ],
        "kind": "road",
        "review_status": "candidate"
      },
      "geometry": {
        "type": "LineString",
        "coordinates": [
          [
            -85.41508,
            -5.35579
          ],
          [
            -87.85869,
            -2.31146
          ]
        ]
      }
    },
    {
      "type": "Feature",
      "id": "route:trails:251",
      "properties": {
        "id": "route:trails:251",
        "group": "trails",
        "feature": 3,
        "route_type": "trail",
        "speed_multiplier": 1.2,
        "allowed_movement_types": [
          "land",
          "flight"
        ],
        "kind": "road",
        "review_status": "candidate"
      },
      "geometry": {
        "type": "LineString",
        "coordinates": [
          [
            -85.41508,
            -5.35579
          ],
          [
            -85.5089,
            -7.66438
          ]
        ]
      }
    },
    {
      "type": "Feature",
      "id": "route:trails:252",
      "properties": {
        "id": "route:trails:252",
        "group": "trails",
        "feature": 3,
        "route_type": "trail",
        "speed_multiplier": 1.2,
        "allowed_movement_types": [
          "land",
          "flight"
        ],
        "kind": "road",
        "review_status": "candidate"
      },
      "geometry": {
        "type": "LineString",
        "coordinates": [
          [
            -69.15415,
            -0.00935
          ],
          [
            -71.30085,
            -0.124
          ],
          [
            -73.28471,
            -1.05096
          ],
          [
            -77.28228,
            -0.47228
          ]
        ]
      }
    },
    {
      "type": "Feature",
      "id": "route:trails:253",
      "properties": {
        "id": "route:trails:253",
        "group": "trails",
        "feature": 3,
        "route_type": "trail",
        "speed_multiplier": 1.2,
        "allowed_movement_types": [
          "land",
          "flight"
        ],
        "kind": "road",
        "review_status": "candidate"
      },
      "geometry": {
        "type": "LineString",
        "coordinates": [
          [
            -65.10698,
            3.84872
          ],
          [
            -66.96252,
            1.53906
          ],
          [
            -67.37518,
            -0.43239
          ]
        ]
      }
    },
    {
      "type": "Feature",
      "id": "route:trails:254",
      "properties": {
        "id": "route:trails:254",
        "group": "trails",
        "feature": 3,
        "route_type": "trail",
        "speed_multiplier": 1.2,
        "allowed_movement_types": [
          "land",
          "flight"
        ],
        "kind": "road",
        "review_status": "candidate"
      },
      "geometry": {
        "type": "LineString",
        "coordinates": [
          [
            -62.26221,
            12.74341
          ],
          [
            -66.96467,
            11.87396
          ]
        ]
      }
    },
    {
      "type": "Feature",
      "id": "route:trails:255",
      "properties": {
        "id": "route:trails:255",
        "group": "trails",
        "feature": 3,
        "route_type": "trail",
        "speed_multiplier": 1.2,
        "allowed_movement_types": [
          "land",
          "flight"
        ],
        "kind": "road",
        "review_status": "candidate"
      },
      "geometry": {
        "type": "LineString",
        "coordinates": [
          [
            -62.84238,
            7.31178
          ],
          [
            -65.10698,
            3.84872
          ]
        ]
      }
    },
    {
      "type": "Feature",
      "id": "route:trails:256",
      "properties": {
        "id": "route:trails:256",
        "group": "trails",
        "feature": 3,
        "route_type": "trail",
        "speed_multiplier": 1.2,
        "allowed_movement_types": [
          "land",
          "flight"
        ],
        "kind": "road",
        "review_status": "candidate"
      },
      "geometry": {
        "type": "LineString",
        "coordinates": [
          [
            -63.94592,
            15.90563
          ],
          [
            -60.93652,
            17.05903
          ],
          [
            -61.17664,
            15.30072
          ]
        ]
      }
    },
    {
      "type": "Feature",
      "id": "route:trails:257",
      "properties": {
        "id": "route:trails:257",
        "group": "trails",
        "feature": 3,
        "route_type": "trail",
        "speed_multiplier": 1.2,
        "allowed_movement_types": [
          "land",
          "flight"
        ],
        "kind": "road",
        "review_status": "candidate"
      },
      "geometry": {
        "type": "LineString",
        "coordinates": [
          [
            -58.40879,
            10.47005
          ],
          [
            -59.82362,
            10.11601
          ],
          [
            -61.12272,
            10.00998
          ],
          [
            -62.77552,
            9.33427
          ]
        ]
      }
    },
    {
      "type": "Feature",
      "id": "route:trails:258",
      "properties": {
        "id": "route:trails:258",
        "group": "trails",
        "feature": 3,
        "route_type": "trail",
        "speed_multiplier": 1.2,
        "allowed_movement_types": [
          "land",
          "flight"
        ],
        "kind": "road",
        "review_status": "candidate"
      },
      "geometry": {
        "type": "LineString",
        "coordinates": [
          [
            -95.5853,
            16.70859
          ],
          [
            -96.56771,
            17.76673
          ],
          [
            -100.71301,
            19.05563
          ],
          [
            -101.87982,
            20.80064
          ],
          [
            -101.40857,
            21.90407
          ],
          [
            -100.31868,
            22.84469
          ],
          [
            -98.06378,
            25.3639
          ],
          [
            -97.35816,
            27.71346
          ],
          [
            -96.55333,
            30.33079
          ],
          [
            -97.84164,
            32.02476
          ],
          [
            -99.34275,
            32.82089
          ]
        ]
      }
    },
    {
      "type": "Feature",
      "id": "route:trails:259",
      "properties": {
        "id": "route:trails:259",
        "group": "trails",
        "feature": 3,
        "route_type": "trail",
        "speed_multiplier": 1.2,
        "allowed_movement_types": [
          "land",
          "flight"
        ],
        "kind": "road",
        "review_status": "candidate"
      },
      "geometry": {
        "type": "LineString",
        "coordinates": [
          [
            -89.36483,
            28.30507
          ],
          [
            -86.98844,
            27.82776
          ],
          [
            -85.32521,
            26.49213
          ]
        ]
      }
    },
    {
      "type": "Feature",
      "id": "route:trails:260",
      "properties": {
        "id": "route:trails:260",
        "group": "trails",
        "feature": 3,
        "route_type": "trail",
        "speed_multiplier": 1.2,
        "allowed_movement_types": [
          "land",
          "flight"
        ],
        "kind": "road",
        "review_status": "candidate"
      },
      "geometry": {
        "type": "LineString",
        "coordinates": [
          [
            -86.98844,
            27.82776
          ],
          [
            -84.90464,
            30.01845
          ],
          [
            -86.05923,
            33.02756
          ],
          [
            -87.38241,
            34.95084
          ]
        ]
      }
    },
    {
      "type": "Feature",
      "id": "route:trails:261",
      "properties": {
        "id": "route:trails:261",
        "group": "trails",
        "feature": 3,
        "route_type": "trail",
        "speed_multiplier": 1.2,
        "allowed_movement_types": [
          "land",
          "flight"
        ],
        "kind": "road",
        "review_status": "candidate"
      },
      "geometry": {
        "type": "LineString",
        "coordinates": [
          [
            -92.69811,
            2.14649
          ],
          [
            -94.07772,
            5.16997
          ],
          [
            -94.62338,
            7.08031
          ],
          [
            -96.5048,
            7.82935
          ],
          [
            -98.98221,
            7.44369
          ],
          [
            -102.04913,
            6.66482
          ],
          [
            -101.85789,
            8.86593
          ]
        ]
      }
    },
    {
      "type": "Feature",
      "id": "route:trails:262",
      "properties": {
        "id": "route:trails:262",
        "group": "trails",
        "feature": 3,
        "route_type": "trail",
        "speed_multiplier": 1.2,
        "allowed_movement_types": [
          "land",
          "flight"
        ],
        "kind": "road",
        "review_status": "candidate"
      },
      "geometry": {
        "type": "LineString",
        "coordinates": [
          [
            -60.91782,
            17.9504
          ],
          [
            -60.93652,
            17.05903
          ]
        ]
      }
    },
    {
      "type": "Feature",
      "id": "route:trails:263",
      "properties": {
        "id": "route:trails:263",
        "group": "trails",
        "feature": 3,
        "route_type": "trail",
        "speed_multiplier": 1.2,
        "allowed_movement_types": [
          "land",
          "flight"
        ],
        "kind": "road",
        "review_status": "candidate"
      },
      "geometry": {
        "type": "LineString",
        "coordinates": [
          [
            -71.39071,
            26.72684
          ],
          [
            -69.12719,
            24.03798
          ]
        ]
      }
    },
    {
      "type": "Feature",
      "id": "route:trails:264",
      "properties": {
        "id": "route:trails:264",
        "group": "trails",
        "feature": 3,
        "route_type": "trail",
        "speed_multiplier": 1.2,
        "allowed_movement_types": [
          "land",
          "flight"
        ],
        "kind": "road",
        "review_status": "candidate"
      },
      "geometry": {
        "type": "LineString",
        "coordinates": [
          [
            -71.39071,
            26.72684
          ],
          [
            -72.06794,
            29.40312
          ],
          [
            -69.2663,
            30.80092
          ],
          [
            -67.47151,
            32.10455
          ],
          [
            -65.85034,
            30.50475
          ],
          [
            -64.16339,
            27.16605
          ],
          [
            -61.52891,
            26.15679
          ],
          [
            -58.43215,
            28.76801
          ],
          [
            -56.71501,
            27.41585
          ],
          [
            -53.18223,
            24.34744
          ],
          [
            -51.83533,
            24.01749
          ],
          [
            -50.5729,
            21.90982
          ],
          [
            -49.29969,
            20.61661
          ],
          [
            -47.44883,
            20.14577
          ],
          [
            -45.30932,
            20.08862
          ],
          [
            -45.04763,
            21.45407
          ],
          [
            -44.78378,
            22.81629
          ],
          [
            -44.4423,
            24.26334
          ],
          [
            -42.73018,
            26.07664
          ]
        ]
      }
    },
    {
      "type": "Feature",
      "id": "route:trails:265",
      "properties": {
        "id": "route:trails:265",
        "group": "trails",
        "feature": 3,
        "route_type": "trail",
        "speed_multiplier": 1.2,
        "allowed_movement_types": [
          "land",
          "flight"
        ],
        "kind": "road",
        "review_status": "candidate"
      },
      "geometry": {
        "type": "LineString",
        "coordinates": [
          [
            -82.32767,
            -10.03407
          ],
          [
            -79.36679,
            -7.49832
          ],
          [
            -81.48977,
            -7.48754
          ],
          [
            -85.5089,
            -7.66438
          ]
        ]
      }
    },
    {
      "type": "Feature",
      "id": "route:trails:266",
      "properties": {
        "id": "route:trails:266",
        "group": "trails",
        "feature": 3,
        "route_type": "trail",
        "speed_multiplier": 1.2,
        "allowed_movement_types": [
          "land",
          "flight"
        ],
        "kind": "road",
        "review_status": "candidate"
      },
      "geometry": {
        "type": "LineString",
        "coordinates": [
          [
            -64.16088,
            19.56314
          ],
          [
            -60.91782,
            17.9504
          ]
        ]
      }
    },
    {
      "type": "Feature",
      "id": "route:trails:267",
      "properties": {
        "id": "route:trails:267",
        "group": "trails",
        "feature": 3,
        "route_type": "trail",
        "speed_multiplier": 1.2,
        "allowed_movement_types": [
          "land",
          "flight"
        ],
        "kind": "road",
        "review_status": "candidate"
      },
      "geometry": {
        "type": "LineString",
        "coordinates": [
          [
            -89.6542,
            -8.21106
          ],
          [
            -90.72935,
            -9.40148
          ],
          [
            -91.46552,
            -10.878
          ],
          [
            -92.7887,
            -9.0097
          ],
          [
            -95.78265,
            -8.44253
          ],
          [
            -96.82868,
            -8.83718
          ],
          [
            -100.28166,
            -8.02236
          ],
          [
            -104.30043,
            -7.1486
          ],
          [
            -107.16533,
            -7.04868
          ]
        ]
      }
    },
    {
      "type": "Feature",
      "id": "route:trails:268",
      "properties": {
        "id": "route:trails:268",
        "group": "trails",
        "feature": 3,
        "route_type": "trail",
        "speed_multiplier": 1.2,
        "allowed_movement_types": [
          "land",
          "flight"
        ],
        "kind": "road",
        "review_status": "candidate"
      },
      "geometry": {
        "type": "LineString",
        "coordinates": [
          [
            -91.52483,
            24.0405
          ],
          [
            -89.85154,
            25.74956
          ],
          [
            -89.36483,
            28.30507
          ],
          [
            -90.27894,
            29.65938
          ],
          [
            -89.72357,
            33.13107
          ],
          [
            -87.38241,
            34.95084
          ]
        ]
      }
    },
    {
      "type": "Feature",
      "id": "route:trails:269",
      "properties": {
        "id": "route:trails:269",
        "group": "trails",
        "feature": 3,
        "route_type": "trail",
        "speed_multiplier": 1.2,
        "allowed_movement_types": [
          "land",
          "flight"
        ],
        "kind": "road",
        "review_status": "candidate"
      },
      "geometry": {
        "type": "LineString",
        "coordinates": [
          [
            -98.06378,
            25.3639
          ],
          [
            -95.73088,
            24.15515
          ],
          [
            -93.7729,
            23.31554
          ],
          [
            -91.52483,
            24.0405
          ]
        ]
      }
    },
    {
      "type": "Feature",
      "id": "route:trails:270",
      "properties": {
        "id": "route:trails:270",
        "group": "trails",
        "feature": 3,
        "route_type": "trail",
        "speed_multiplier": 1.2,
        "allowed_movement_types": [
          "land",
          "flight"
        ],
        "kind": "road",
        "review_status": "candidate"
      },
      "geometry": {
        "type": "LineString",
        "coordinates": [
          [
            -83.08218,
            26.33039
          ],
          [
            -80.98113,
            29.1012
          ],
          [
            -80.47932,
            29.85527
          ],
          [
            -78.34412,
            32.32057
          ],
          [
            -77.55942,
            33.26693
          ],
          [
            -75.3491,
            33.65367
          ],
          [
            -73.7362,
            34.45232
          ],
          [
            -71.27317,
            34.67552
          ],
          [
            -70.23181,
            35.42887
          ],
          [
            -66.27127,
            35.99317
          ],
          [
            -67.47151,
            32.10455
          ]
        ]
      }
    },
    {
      "type": "Feature",
      "id": "route:trails:271",
      "properties": {
        "id": "route:trails:271",
        "group": "trails",
        "feature": 3,
        "route_type": "trail",
        "speed_multiplier": 1.2,
        "allowed_movement_types": [
          "land",
          "flight"
        ],
        "kind": "road",
        "review_status": "candidate"
      },
      "geometry": {
        "type": "LineString",
        "coordinates": [
          [
            -55.98458,
            13.93958
          ],
          [
            -57.15175,
            12.42676
          ],
          [
            -57.51804,
            11.24101
          ],
          [
            -58.40879,
            10.47005
          ]
        ]
      }
    },
    {
      "type": "Feature",
      "id": "route:trails:272",
      "properties": {
        "id": "route:trails:272",
        "group": "trails",
        "feature": 3,
        "route_type": "trail",
        "speed_multiplier": 1.2,
        "allowed_movement_types": [
          "land",
          "flight"
        ],
        "kind": "road",
        "review_status": "candidate"
      },
      "geometry": {
        "type": "LineString",
        "coordinates": [
          [
            -55.86884,
            3.82177
          ],
          [
            -57.88397,
            4.03634
          ],
          [
            -60.07704,
            3.68411
          ]
        ]
      }
    },
    {
      "type": "Feature",
      "id": "route:trails:273",
      "properties": {
        "id": "route:trails:273",
        "group": "trails",
        "feature": 3,
        "route_type": "trail",
        "speed_multiplier": 1.2,
        "allowed_movement_types": [
          "land",
          "flight"
        ],
        "kind": "road",
        "review_status": "candidate"
      },
      "geometry": {
        "type": "LineString",
        "coordinates": [
          [
            -67.31946,
            -2.83946
          ],
          [
            -66.10448,
            -4.86661
          ],
          [
            -64.9366,
            -5.75367
          ],
          [
            -61.7985,
            -6.64217
          ]
        ]
      }
    },
    {
      "type": "Feature",
      "id": "route:trails:274",
      "properties": {
        "id": "route:trails:274",
        "group": "trails",
        "feature": 3,
        "route_type": "trail",
        "speed_multiplier": 1.2,
        "allowed_movement_types": [
          "land",
          "flight"
        ],
        "kind": "road",
        "review_status": "candidate"
      },
      "geometry": {
        "type": "LineString",
        "coordinates": [
          [
            -95.72873,
            30.62732
          ],
          [
            -96.55333,
            30.33079
          ]
        ]
      }
    },
    {
      "type": "Feature",
      "id": "route:trails:275",
      "properties": {
        "id": "route:trails:275",
        "group": "trails",
        "feature": 3,
        "route_type": "trail",
        "speed_multiplier": 1.2,
        "allowed_movement_types": [
          "land",
          "flight"
        ],
        "kind": "road",
        "review_status": "candidate"
      },
      "geometry": {
        "type": "LineString",
        "coordinates": [
          [
            -80.25538,
            37.96462
          ],
          [
            -82.37907,
            37.89129
          ],
          [
            -83.83489,
            37.40248
          ],
          [
            -85.12068,
            36.01977
          ],
          [
            -87.38241,
            34.95084
          ]
        ]
      }
    },
    {
      "type": "Feature",
      "id": "route:trails:276",
      "properties": {
        "id": "route:trails:276",
        "group": "trails",
        "feature": 3,
        "route_type": "trail",
        "speed_multiplier": 1.2,
        "allowed_movement_types": [
          "land",
          "flight"
        ],
        "kind": "road",
        "review_status": "candidate"
      },
      "geometry": {
        "type": "LineString",
        "coordinates": [
          [
            -81.03289,
            -12.8994
          ],
          [
            -82.5207,
            -15.71514
          ]
        ]
      }
    },
    {
      "type": "Feature",
      "id": "route:trails:277",
      "properties": {
        "id": "route:trails:277",
        "group": "trails",
        "feature": 3,
        "route_type": "trail",
        "speed_multiplier": 1.2,
        "allowed_movement_types": [
          "land",
          "flight"
        ],
        "kind": "road",
        "review_status": "candidate"
      },
      "geometry": {
        "type": "LineString",
        "coordinates": [
          [
            -54.28721,
            11.27049
          ],
          [
            -55.98458,
            13.93958
          ]
        ]
      }
    },
    {
      "type": "Feature",
      "id": "route:trails:278",
      "properties": {
        "id": "route:trails:278",
        "group": "trails",
        "feature": 3,
        "route_type": "trail",
        "speed_multiplier": 1.2,
        "allowed_movement_types": [
          "land",
          "flight"
        ],
        "kind": "road",
        "review_status": "candidate"
      },
      "geometry": {
        "type": "LineString",
        "coordinates": [
          [
            -102.04913,
            6.66482
          ],
          [
            -104.23968,
            6.24609
          ],
          [
            -104.8788,
            5.14193
          ],
          [
            -105.10023,
            2.72732
          ]
        ]
      }
    },
    {
      "type": "Feature",
      "id": "route:trails:279",
      "properties": {
        "id": "route:trails:279",
        "group": "trails",
        "feature": 3,
        "route_type": "trail",
        "speed_multiplier": 1.2,
        "allowed_movement_types": [
          "land",
          "flight"
        ],
        "kind": "road",
        "review_status": "candidate"
      },
      "geometry": {
        "type": "LineString",
        "coordinates": [
          [
            -92.69811,
            2.14649
          ],
          [
            -93.88901,
            1.36797
          ],
          [
            -95.62448,
            0.15599
          ],
          [
            -97.89592,
            -0.28718
          ],
          [
            -99.59653,
            -1.10954
          ],
          [
            -100.79856,
            -2.72121
          ],
          [
            -102.73066,
            -3.20319
          ],
          [
            -103.97008,
            -2.54006
          ],
          [
            -104.07325,
            -1.3615
          ],
          [
            -105.10023,
            2.72732
          ]
        ]
      }
    },
    {
      "type": "Feature",
      "id": "route:trails:280",
      "properties": {
        "id": "route:trails:280",
        "group": "trails",
        "feature": 3,
        "route_type": "trail",
        "speed_multiplier": 1.2,
        "allowed_movement_types": [
          "land",
          "flight"
        ],
        "kind": "road",
        "review_status": "candidate"
      },
      "geometry": {
        "type": "LineString",
        "coordinates": [
          [
            -80.25538,
            37.96462
          ],
          [
            -81.11557,
            35.44073
          ],
          [
            -80.41318,
            33.73958
          ],
          [
            -78.34412,
            32.32057
          ]
        ]
      }
    },
    {
      "type": "Feature",
      "id": "route:trails:281",
      "properties": {
        "id": "route:trails:281",
        "group": "trails",
        "feature": 3,
        "route_type": "trail",
        "speed_multiplier": 1.2,
        "allowed_movement_types": [
          "land",
          "flight"
        ],
        "kind": "road",
        "review_status": "candidate"
      },
      "geometry": {
        "type": "LineString",
        "coordinates": [
          [
            -108.06111,
            10.04772
          ],
          [
            -105.70988,
            9.86837
          ],
          [
            -101.85789,
            8.86593
          ]
        ]
      }
    },
    {
      "type": "Feature",
      "id": "route:trails:282",
      "properties": {
        "id": "route:trails:282",
        "group": "trails",
        "feature": 3,
        "route_type": "trail",
        "speed_multiplier": 1.2,
        "allowed_movement_types": [
          "land",
          "flight"
        ],
        "kind": "road",
        "review_status": "candidate"
      },
      "geometry": {
        "type": "LineString",
        "coordinates": [
          [
            -52.37775,
            7.41709
          ],
          [
            -53.69266,
            6.08866
          ],
          [
            -55.86884,
            3.82177
          ]
        ]
      }
    },
    {
      "type": "Feature",
      "id": "route:trails:283",
      "properties": {
        "id": "route:trails:283",
        "group": "trails",
        "feature": 3,
        "route_type": "trail",
        "speed_multiplier": 1.2,
        "allowed_movement_types": [
          "land",
          "flight"
        ],
        "kind": "road",
        "review_status": "candidate"
      },
      "geometry": {
        "type": "LineString",
        "coordinates": [
          [
            -73.27249,
            -16.23486
          ],
          [
            -72.49102,
            -17.47668
          ]
        ]
      }
    },
    {
      "type": "Feature",
      "id": "route:trails:284",
      "properties": {
        "id": "route:trails:284",
        "group": "trails",
        "feature": 3,
        "route_type": "trail",
        "speed_multiplier": 1.2,
        "allowed_movement_types": [
          "land",
          "flight"
        ],
        "kind": "road",
        "review_status": "candidate"
      },
      "geometry": {
        "type": "LineString",
        "coordinates": [
          [
            -91.46552,
            -10.878
          ],
          [
            -92.08703,
            -12.88682
          ],
          [
            -92.30666,
            -15.08039
          ],
          [
            -93.279,
            -17.33938
          ],
          [
            -95.22261,
            -19.05994
          ],
          [
            -95.63958,
            -19.58974
          ],
          [
            -97.87794,
            -21.29197
          ]
        ]
      }
    },
    {
      "type": "Feature",
      "id": "route:trails:285",
      "properties": {
        "id": "route:trails:285",
        "group": "trails",
        "feature": 3,
        "route_type": "trail",
        "speed_multiplier": 1.2,
        "allowed_movement_types": [
          "land",
          "flight"
        ],
        "kind": "road",
        "review_status": "candidate"
      },
      "geometry": {
        "type": "LineString",
        "coordinates": [
          [
            -79.70037,
            -16.50731
          ],
          [
            -79.70253,
            -18.89533
          ],
          [
            -78.66584,
            -20.66765
          ]
        ]
      }
    },
    {
      "type": "Feature",
      "id": "route:trails:286",
      "properties": {
        "id": "route:trails:286",
        "group": "trails",
        "feature": 3,
        "route_type": "trail",
        "speed_multiplier": 1.2,
        "allowed_movement_types": [
          "land",
          "flight"
        ],
        "kind": "road",
        "review_status": "candidate"
      },
      "geometry": {
        "type": "LineString",
        "coordinates": [
          [
            -89.72357,
            33.13107
          ],
          [
            -90.58772,
            34.77149
          ],
          [
            -92.39868,
            36.60383
          ],
          [
            -92.79445,
            38.93291
          ],
          [
            -91.51189,
            39.82428
          ],
          [
            -91.05825,
            41.06681
          ],
          [
            -91.23151,
            42.74964
          ],
          [
            -90.02265,
            43.73411
          ],
          [
            -87.7868,
            44.40012
          ],
          [
            -84.36078,
            45.19768
          ],
          [
            -84.82448,
            47.48686
          ],
          [
            -82.64723,
            47.06562
          ],
          [
            -80.17953,
            47.93183
          ],
          [
            -77.48178,
            47.94657
          ],
          [
            -76.64639,
            46.451
          ],
          [
            -75.45298,
            45.23614
          ],
          [
            -75.10574,
            43.36498
          ],
          [
            -75.07447,
            40.9349
          ]
        ]
      }
    },
    {
      "type": "Feature",
      "id": "route:trails:287",
      "properties": {
        "id": "route:trails:287",
        "group": "trails",
        "feature": 3,
        "route_type": "trail",
        "speed_multiplier": 1.2,
        "allowed_movement_types": [
          "land",
          "flight"
        ],
        "kind": "road",
        "review_status": "candidate"
      },
      "geometry": {
        "type": "LineString",
        "coordinates": [
          [
            -94.89981,
            34.4746
          ],
          [
            -92.96268,
            34.0893
          ],
          [
            -90.58772,
            34.77149
          ]
        ]
      }
    },
    {
      "type": "Feature",
      "id": "route:trails:288",
      "properties": {
        "id": "route:trails:288",
        "group": "trails",
        "feature": 3,
        "route_type": "trail",
        "speed_multiplier": 1.2,
        "allowed_movement_types": [
          "land",
          "flight"
        ],
        "kind": "road",
        "review_status": "candidate"
      },
      "geometry": {
        "type": "LineString",
        "coordinates": [
          [
            -102.73066,
            -3.20319
          ],
          [
            -102.86115,
            -5.13403
          ],
          [
            -104.30043,
            -7.1486
          ]
        ]
      }
    },
    {
      "type": "Feature",
      "id": "route:trails:289",
      "properties": {
        "id": "route:trails:289",
        "group": "trails",
        "feature": 3,
        "route_type": "trail",
        "speed_multiplier": 1.2,
        "allowed_movement_types": [
          "land",
          "flight"
        ],
        "kind": "road",
        "review_status": "candidate"
      },
      "geometry": {
        "type": "LineString",
        "coordinates": [
          [
            -66.27127,
            35.99317
          ],
          [
            -63.28631,
            33.25399
          ],
          [
            -63.9984,
            36.35224
          ],
          [
            -63.62492,
            37.94629
          ],
          [
            -64.94342,
            39.27005
          ],
          [
            -66.03655,
            40.26997
          ],
          [
            -66.83886,
            41.65483
          ]
        ]
      }
    },
    {
      "type": "Feature",
      "id": "route:trails:290",
      "properties": {
        "id": "route:trails:290",
        "group": "trails",
        "feature": 3,
        "route_type": "trail",
        "speed_multiplier": 1.2,
        "allowed_movement_types": [
          "land",
          "flight"
        ],
        "kind": "road",
        "review_status": "candidate"
      },
      "geometry": {
        "type": "LineString",
        "coordinates": [
          [
            -76.72691,
            38.89481
          ],
          [
            -75.92028,
            36.23578
          ],
          [
            -75.3491,
            33.65367
          ]
        ]
      }
    },
    {
      "type": "Feature",
      "id": "route:trails:291",
      "properties": {
        "id": "route:trails:291",
        "group": "trails",
        "feature": 3,
        "route_type": "trail",
        "speed_multiplier": 1.2,
        "allowed_movement_types": [
          "land",
          "flight"
        ],
        "kind": "road",
        "review_status": "candidate"
      },
      "geometry": {
        "type": "LineString",
        "coordinates": [
          [
            -95.72873,
            30.62732
          ],
          [
            -94.68054,
            32.60164
          ],
          [
            -94.89981,
            34.4746
          ]
        ]
      }
    },
    {
      "type": "Feature",
      "id": "route:trails:292",
      "properties": {
        "id": "route:trails:292",
        "group": "trails",
        "feature": 3,
        "route_type": "trail",
        "speed_multiplier": 1.2,
        "allowed_movement_types": [
          "land",
          "flight"
        ],
        "kind": "road",
        "review_status": "candidate"
      },
      "geometry": {
        "type": "LineString",
        "coordinates": [
          [
            -101.87982,
            20.80064
          ],
          [
            -104.43631,
            21.06949
          ],
          [
            -106.52873,
            22.50611
          ],
          [
            -105.16817,
            24.87508
          ],
          [
            -105.54452,
            26.94824
          ],
          [
            -104.11603,
            30.24201
          ],
          [
            -101.29893,
            31.28722
          ],
          [
            -99.34275,
            32.82089
          ]
        ]
      }
    },
    {
      "type": "Feature",
      "id": "route:trails:293",
      "properties": {
        "id": "route:trails:293",
        "group": "trails",
        "feature": 3,
        "route_type": "trail",
        "speed_multiplier": 1.2,
        "allowed_movement_types": [
          "land",
          "flight"
        ],
        "kind": "road",
        "review_status": "candidate"
      },
      "geometry": {
        "type": "LineString",
        "coordinates": [
          [
            -59.94117,
            31.62328
          ],
          [
            -60.13923,
            30.81673
          ],
          [
            -61.08174,
            30.77181
          ],
          [
            -62.34093,
            31.36198
          ]
        ]
      }
    },
    {
      "type": "Feature",
      "id": "route:trails:294",
      "properties": {
        "id": "route:trails:294",
        "group": "trails",
        "feature": 3,
        "route_type": "trail",
        "speed_multiplier": 1.2,
        "allowed_movement_types": [
          "land",
          "flight"
        ],
        "kind": "road",
        "review_status": "candidate"
      },
      "geometry": {
        "type": "LineString",
        "coordinates": [
          [
            -60.13923,
            30.81673
          ],
          [
            -58.43215,
            28.76801
          ]
        ]
      }
    },
    {
      "type": "Feature",
      "id": "route:trails:295",
      "properties": {
        "id": "route:trails:295",
        "group": "trails",
        "feature": 3,
        "route_type": "trail",
        "speed_multiplier": 1.2,
        "allowed_movement_types": [
          "land",
          "flight"
        ],
        "kind": "road",
        "review_status": "candidate"
      },
      "geometry": {
        "type": "LineString",
        "coordinates": [
          [
            -87.04919,
            -17.922
          ],
          [
            -86.99203,
            -21.38686
          ]
        ]
      }
    },
    {
      "type": "Feature",
      "id": "route:trails:296",
      "properties": {
        "id": "route:trails:296",
        "group": "trails",
        "feature": 3,
        "route_type": "trail",
        "speed_multiplier": 1.2,
        "allowed_movement_types": [
          "land",
          "flight"
        ],
        "kind": "road",
        "review_status": "candidate"
      },
      "geometry": {
        "type": "LineString",
        "coordinates": [
          [
            -112.62338,
            3.13131
          ],
          [
            -111.27505,
            2.87935
          ],
          [
            -109.32066,
            2.21657
          ],
          [
            -107.15814,
            2.80315
          ],
          [
            -105.10023,
            2.72732
          ]
        ]
      }
    },
    {
      "type": "Feature",
      "id": "route:trails:297",
      "properties": {
        "id": "route:trails:297",
        "group": "trails",
        "feature": 3,
        "route_type": "trail",
        "speed_multiplier": 1.2,
        "allowed_movement_types": [
          "land",
          "flight"
        ],
        "kind": "road",
        "review_status": "candidate"
      },
      "geometry": {
        "type": "LineString",
        "coordinates": [
          [
            -109.77106,
            16.80707
          ],
          [
            -110.18336,
            15.38698
          ],
          [
            -111.50115,
            14.25048
          ],
          [
            -112.0655,
            11.89589
          ],
          [
            -115.41136,
            12.64097
          ],
          [
            -117.73456,
            12.95799
          ],
          [
            -120.41398,
            11.86677
          ],
          [
            -122.71165,
            14.72636
          ],
          [
            -123.71706,
            17.86522
          ],
          [
            -124.5467,
            19.94269
          ]
        ]
      }
    },
    {
      "type": "Feature",
      "id": "route:trails:298",
      "properties": {
        "id": "route:trails:298",
        "group": "trails",
        "feature": 3,
        "route_type": "trail",
        "speed_multiplier": 1.2,
        "allowed_movement_types": [
          "land",
          "flight"
        ],
        "kind": "road",
        "review_status": "candidate"
      },
      "geometry": {
        "type": "LineString",
        "coordinates": [
          [
            -71.91876,
            -21.58634
          ],
          [
            -72.49102,
            -17.47668
          ]
        ]
      }
    },
    {
      "type": "Feature",
      "id": "route:trails:299",
      "properties": {
        "id": "route:trails:299",
        "group": "trails",
        "feature": 3,
        "route_type": "trail",
        "speed_multiplier": 1.2,
        "allowed_movement_types": [
          "land",
          "flight"
        ],
        "kind": "road",
        "review_status": "candidate"
      },
      "geometry": {
        "type": "LineString",
        "coordinates": [
          [
            -76.72691,
            38.89481
          ],
          [
            -75.07447,
            40.9349
          ]
        ]
      }
    },
    {
      "type": "Feature",
      "id": "route:trails:300",
      "properties": {
        "id": "route:trails:300",
        "group": "trails",
        "feature": 3,
        "route_type": "trail",
        "speed_multiplier": 1.2,
        "allowed_movement_types": [
          "land",
          "flight"
        ],
        "kind": "road",
        "review_status": "candidate"
      },
      "geometry": {
        "type": "LineString",
        "coordinates": [
          [
            -80.25538,
            37.96462
          ],
          [
            -76.72691,
            38.89481
          ]
        ]
      }
    },
    {
      "type": "Feature",
      "id": "route:trails:301",
      "properties": {
        "id": "route:trails:301",
        "group": "trails",
        "feature": 3,
        "route_type": "trail",
        "speed_multiplier": 1.2,
        "allowed_movement_types": [
          "land",
          "flight"
        ],
        "kind": "road",
        "review_status": "candidate"
      },
      "geometry": {
        "type": "LineString",
        "coordinates": [
          [
            -108.06111,
            10.04772
          ],
          [
            -110.24088,
            10.29213
          ],
          [
            -112.0655,
            11.89589
          ]
        ]
      }
    },
    {
      "type": "Feature",
      "id": "route:trails:302",
      "properties": {
        "id": "route:trails:302",
        "group": "trails",
        "feature": 3,
        "route_type": "trail",
        "speed_multiplier": 1.2,
        "allowed_movement_types": [
          "land",
          "flight"
        ],
        "kind": "road",
        "review_status": "candidate"
      },
      "geometry": {
        "type": "LineString",
        "coordinates": [
          [
            -57.82682,
            32.30799
          ],
          [
            -56.29624,
            31.22792
          ],
          [
            -53.6524,
            30.96985
          ],
          [
            -51.8382,
            30.90371
          ],
          [
            -51.61677,
            27.72999
          ],
          [
            -51.83533,
            24.01749
          ]
        ]
      }
    },
    {
      "type": "Feature",
      "id": "route:trails:303",
      "properties": {
        "id": "route:trails:303",
        "group": "trails",
        "feature": 3,
        "route_type": "trail",
        "speed_multiplier": 1.2,
        "allowed_movement_types": [
          "land",
          "flight"
        ],
        "kind": "road",
        "review_status": "candidate"
      },
      "geometry": {
        "type": "LineString",
        "coordinates": [
          [
            -57.82682,
            32.30799
          ],
          [
            -57.4404,
            34.65144
          ]
        ]
      }
    },
    {
      "type": "Feature",
      "id": "route:trails:304",
      "properties": {
        "id": "route:trails:304",
        "group": "trails",
        "feature": 3,
        "route_type": "trail",
        "speed_multiplier": 1.2,
        "allowed_movement_types": [
          "land",
          "flight"
        ],
        "kind": "road",
        "review_status": "candidate"
      },
      "geometry": {
        "type": "LineString",
        "coordinates": [
          [
            -59.94117,
            31.62328
          ],
          [
            -57.82682,
            32.30799
          ]
        ]
      }
    },
    {
      "type": "Feature",
      "id": "route:trails:305",
      "properties": {
        "id": "route:trails:305",
        "group": "trails",
        "feature": 3,
        "route_type": "trail",
        "speed_multiplier": 1.2,
        "allowed_movement_types": [
          "land",
          "flight"
        ],
        "kind": "road",
        "review_status": "candidate"
      },
      "geometry": {
        "type": "LineString",
        "coordinates": [
          [
            -112.24595,
            22.39613
          ],
          [
            -111.02307,
            21.84297
          ],
          [
            -106.52873,
            22.50611
          ]
        ]
      }
    },
    {
      "type": "Feature",
      "id": "route:trails:306",
      "properties": {
        "id": "route:trails:306",
        "group": "trails",
        "feature": 3,
        "route_type": "trail",
        "speed_multiplier": 1.2,
        "allowed_movement_types": [
          "land",
          "flight"
        ],
        "kind": "road",
        "review_status": "candidate"
      },
      "geometry": {
        "type": "LineString",
        "coordinates": [
          [
            -113.96993,
            5.16889
          ],
          [
            -113.67912,
            7.51162
          ],
          [
            -112.82253,
            8.89469
          ],
          [
            -112.0655,
            11.89589
          ]
        ]
      }
    },
    {
      "type": "Feature",
      "id": "route:trails:307",
      "properties": {
        "id": "route:trails:307",
        "group": "trails",
        "feature": 3,
        "route_type": "trail",
        "speed_multiplier": 1.2,
        "allowed_movement_types": [
          "land",
          "flight"
        ],
        "kind": "road",
        "review_status": "candidate"
      },
      "geometry": {
        "type": "LineString",
        "coordinates": [
          [
            -75.54321,
            -24.25867
          ],
          [
            -78.66584,
            -20.66765
          ]
        ]
      }
    },
    {
      "type": "Feature",
      "id": "route:trails:308",
      "properties": {
        "id": "route:trails:308",
        "group": "trails",
        "feature": 3,
        "route_type": "trail",
        "speed_multiplier": 1.2,
        "allowed_movement_types": [
          "land",
          "flight"
        ],
        "kind": "road",
        "review_status": "candidate"
      },
      "geometry": {
        "type": "LineString",
        "coordinates": [
          [
            -68.73969,
            -19.70763
          ],
          [
            -70.58372,
            -20.33267
          ],
          [
            -71.91876,
            -21.58634
          ],
          [
            -73.42418,
            -21.63271
          ],
          [
            -74.67798,
            -22.57907
          ],
          [
            -75.54321,
            -24.25867
          ],
          [
            -75.90554,
            -25.09972
          ],
          [
            -76.77004,
            -26.43283
          ],
          [
            -77.98862,
            -27.83027
          ],
          [
            -79.20503,
            -29.22592
          ],
          [
            -82.78131,
            -29.06993
          ],
          [
            -86.00495,
            -27.63187
          ]
        ]
      }
    },
    {
      "type": "Feature",
      "id": "route:trails:309",
      "properties": {
        "id": "route:trails:309",
        "group": "trails",
        "feature": 3,
        "route_type": "trail",
        "speed_multiplier": 1.2,
        "allowed_movement_types": [
          "land",
          "flight"
        ],
        "kind": "road",
        "review_status": "candidate"
      },
      "geometry": {
        "type": "LineString",
        "coordinates": [
          [
            -84.36078,
            45.19768
          ],
          [
            -82.8683,
            42.05379
          ],
          [
            -82.19071,
            41.09377
          ]
        ]
      }
    },
    {
      "type": "Feature",
      "id": "route:trails:310",
      "properties": {
        "id": "route:trails:310",
        "group": "trails",
        "feature": 3,
        "route_type": "trail",
        "speed_multiplier": 1.2,
        "allowed_movement_types": [
          "land",
          "flight"
        ],
        "kind": "road",
        "review_status": "candidate"
      },
      "geometry": {
        "type": "LineString",
        "coordinates": [
          [
            -81.21154,
            -25.24133
          ],
          [
            -82.33198,
            -23.95567
          ],
          [
            -82.82085,
            -21.51482
          ]
        ]
      }
    },
    {
      "type": "Feature",
      "id": "route:trails:311",
      "properties": {
        "id": "route:trails:311",
        "group": "trails",
        "feature": 3,
        "route_type": "trail",
        "speed_multiplier": 1.2,
        "allowed_movement_types": [
          "land",
          "flight"
        ],
        "kind": "road",
        "review_status": "candidate"
      },
      "geometry": {
        "type": "LineString",
        "coordinates": [
          [
            -111.6949,
            19.16526
          ],
          [
            -112.24595,
            22.39613
          ],
          [
            -112.56084,
            23.66094
          ],
          [
            -112.2136,
            24.83267
          ],
          [
            -112.28945,
            26.95256
          ],
          [
            -113.15287,
            28.79641
          ],
          [
            -112.28621,
            30.31534
          ],
          [
            -112.4566,
            32.05819
          ],
          [
            -111.24126,
            32.68934
          ],
          [
            -110.83686,
            34.03179
          ],
          [
            -107.85765,
            32.79249
          ],
          [
            -105.7584,
            31.93311
          ],
          [
            -104.11603,
            30.24201
          ]
        ]
      }
    },
    {
      "type": "Feature",
      "id": "route:trails:312",
      "properties": {
        "id": "route:trails:312",
        "group": "trails",
        "feature": 3,
        "route_type": "trail",
        "speed_multiplier": 1.2,
        "allowed_movement_types": [
          "land",
          "flight"
        ],
        "kind": "road",
        "review_status": "candidate"
      },
      "geometry": {
        "type": "LineString",
        "coordinates": [
          [
            -48.6009,
            24.851
          ],
          [
            -51.83533,
            24.01749
          ]
        ]
      }
    },
    {
      "type": "Feature",
      "id": "route:trails:313",
      "properties": {
        "id": "route:trails:313",
        "group": "trails",
        "feature": 3,
        "route_type": "trail",
        "speed_multiplier": 1.2,
        "allowed_movement_types": [
          "land",
          "flight"
        ],
        "kind": "road",
        "review_status": "candidate"
      },
      "geometry": {
        "type": "LineString",
        "coordinates": [
          [
            -105.7469,
            -16.66474
          ],
          [
            -104.07505,
            -14.23862
          ],
          [
            -104.25478,
            -12.55507
          ],
          [
            -105.09592,
            -11.2349
          ],
          [
            -104.30043,
            -7.1486
          ]
        ]
      }
    },
    {
      "type": "Feature",
      "id": "route:trails:314",
      "properties": {
        "id": "route:trails:314",
        "group": "trails",
        "feature": 3,
        "route_type": "trail",
        "speed_multiplier": 1.2,
        "allowed_movement_types": [
          "land",
          "flight"
        ],
        "kind": "road",
        "review_status": "candidate"
      },
      "geometry": {
        "type": "LineString",
        "coordinates": [
          [
            -111.50115,
            -11.14325
          ],
          [
            -109.6812,
            -10.74069
          ],
          [
            -108.2243,
            -9.41118
          ],
          [
            -107.16533,
            -7.04868
          ]
        ]
      }
    },
    {
      "type": "Feature",
      "id": "route:trails:315",
      "properties": {
        "id": "route:trails:315",
        "group": "trails",
        "feature": 3,
        "route_type": "trail",
        "speed_multiplier": 1.2,
        "allowed_movement_types": [
          "land",
          "flight"
        ],
        "kind": "road",
        "review_status": "candidate"
      },
      "geometry": {
        "type": "LineString",
        "coordinates": [
          [
            -54.28721,
            11.27049
          ],
          [
            -52.37775,
            7.41709
          ]
        ]
      }
    },
    {
      "type": "Feature",
      "id": "route:trails:316",
      "properties": {
        "id": "route:trails:316",
        "group": "trails",
        "feature": 3,
        "route_type": "trail",
        "speed_multiplier": 1.2,
        "allowed_movement_types": [
          "land",
          "flight"
        ],
        "kind": "road",
        "review_status": "candidate"
      },
      "geometry": {
        "type": "LineString",
        "coordinates": [
          [
            -47.97472,
            26.74085
          ],
          [
            -51.61677,
            27.72999
          ]
        ]
      }
    },
    {
      "type": "Feature",
      "id": "route:trails:317",
      "properties": {
        "id": "route:trails:317",
        "group": "trails",
        "feature": 3,
        "route_type": "trail",
        "speed_multiplier": 1.2,
        "allowed_movement_types": [
          "land",
          "flight"
        ],
        "kind": "road",
        "review_status": "candidate"
      },
      "geometry": {
        "type": "LineString",
        "coordinates": [
          [
            -94.91311,
            43.97672
          ],
          [
            -93.87103,
            41.60559
          ],
          [
            -91.51189,
            39.82428
          ]
        ]
      }
    },
    {
      "type": "Feature",
      "id": "route:trails:318",
      "properties": {
        "id": "route:trails:318",
        "group": "trails",
        "feature": 3,
        "route_type": "trail",
        "speed_multiplier": 1.2,
        "allowed_movement_types": [
          "land",
          "flight"
        ],
        "kind": "road",
        "review_status": "candidate"
      },
      "geometry": {
        "type": "LineString",
        "coordinates": [
          [
            -88.22175,
            -26.42959
          ],
          [
            -86.00495,
            -27.63187
          ]
        ]
      }
    },
    {
      "type": "Feature",
      "id": "route:trails:319",
      "properties": {
        "id": "route:trails:319",
        "group": "trails",
        "feature": 3,
        "route_type": "trail",
        "speed_multiplier": 1.2,
        "allowed_movement_types": [
          "land",
          "flight"
        ],
        "kind": "road",
        "review_status": "candidate"
      },
      "geometry": {
        "type": "LineString",
        "coordinates": [
          [
            -88.16639,
            -24.16054
          ],
          [
            -88.22175,
            -26.42959
          ],
          [
            -91.6129,
            -26.33363
          ],
          [
            -93.00222,
            -27.51074
          ],
          [
            -94.66724,
            -27.24549
          ],
          [
            -96.24563,
            -27.40974
          ]
        ]
      }
    },
    {
      "type": "Feature",
      "id": "route:trails:320",
      "properties": {
        "id": "route:trails:320",
        "group": "trails",
        "feature": 3,
        "route_type": "trail",
        "speed_multiplier": 1.2,
        "allowed_movement_types": [
          "land",
          "flight"
        ],
        "kind": "road",
        "review_status": "candidate"
      },
      "geometry": {
        "type": "LineString",
        "coordinates": [
          [
            -107.85765,
            32.79249
          ],
          [
            -110.51335,
            34.98247
          ],
          [
            -107.44643,
            35.83359
          ],
          [
            -106.38962,
            37.65767
          ],
          [
            -105.35832,
            36.79002
          ],
          [
            -103.28927,
            38.29313
          ],
          [
            -103.06029,
            39.51446
          ],
          [
            -100.13572,
            40.88458
          ],
          [
            -97.9617,
            42.01857
          ],
          [
            -94.91311,
            43.97672
          ],
          [
            -94.51267,
            44.33219
          ],
          [
            -92.32571,
            45.69225
          ],
          [
            -91.51908,
            46.86757
          ],
          [
            -90.39649,
            49.79042
          ]
        ]
      }
    },
    {
      "type": "Feature",
      "id": "route:trails:321",
      "properties": {
        "id": "route:trails:321",
        "group": "trails",
        "feature": 3,
        "route_type": "trail",
        "speed_multiplier": 1.2,
        "allowed_movement_types": [
          "land",
          "flight"
        ],
        "kind": "road",
        "review_status": "candidate"
      },
      "geometry": {
        "type": "LineString",
        "coordinates": [
          [
            -109.23151,
            30.41885
          ],
          [
            -107.85765,
            32.79249
          ]
        ]
      }
    },
    {
      "type": "Feature",
      "id": "route:trails:322",
      "properties": {
        "id": "route:trails:322",
        "group": "trails",
        "feature": 3,
        "route_type": "trail",
        "speed_multiplier": 1.2,
        "allowed_movement_types": [
          "land",
          "flight"
        ],
        "kind": "road",
        "review_status": "candidate"
      },
      "geometry": {
        "type": "LineString",
        "coordinates": [
          [
            -114.79776,
            26.83251
          ],
          [
            -112.28945,
            26.95256
          ]
        ]
      }
    },
    {
      "type": "Feature",
      "id": "route:trails:323",
      "properties": {
        "id": "route:trails:323",
        "group": "trails",
        "feature": 3,
        "route_type": "trail",
        "speed_multiplier": 1.2,
        "allowed_movement_types": [
          "land",
          "flight"
        ],
        "kind": "road",
        "review_status": "candidate"
      },
      "geometry": {
        "type": "LineString",
        "coordinates": [
          [
            -51.8382,
            30.90371
          ],
          [
            -52.23001,
            32.65986
          ],
          [
            -51.9482,
            35.26677
          ],
          [
            -49.51429,
            34.9149
          ],
          [
            -49.6135,
            33.43694
          ],
          [
            -50.31121,
            32.72384
          ],
          [
            -51.8382,
            30.90371
          ]
        ]
      }
    },
    {
      "type": "Feature",
      "id": "route:trails:324",
      "properties": {
        "id": "route:trails:324",
        "group": "trails",
        "feature": 3,
        "route_type": "trail",
        "speed_multiplier": 1.2,
        "allowed_movement_types": [
          "land",
          "flight"
        ],
        "kind": "road",
        "review_status": "candidate"
      },
      "geometry": {
        "type": "LineString",
        "coordinates": [
          [
            -57.48641,
            40.70559
          ],
          [
            -57.01408,
            38.98323
          ],
          [
            -56.54283,
            37.27308
          ],
          [
            -56.56008,
            35.89649
          ],
          [
            -57.4404,
            34.65144
          ]
        ]
      }
    },
    {
      "type": "Feature",
      "id": "route:trails:325",
      "properties": {
        "id": "route:trails:325",
        "group": "trails",
        "feature": 3,
        "route_type": "trail",
        "speed_multiplier": 1.2,
        "allowed_movement_types": [
          "land",
          "flight"
        ],
        "kind": "road",
        "review_status": "candidate"
      },
      "geometry": {
        "type": "LineString",
        "coordinates": [
          [
            -82.78131,
            -29.06993
          ],
          [
            -84.07788,
            -30.52955
          ],
          [
            -85.53693,
            -34.11949
          ],
          [
            -86.83135,
            -34.0875
          ],
          [
            -88.2009,
            -32.60703
          ],
          [
            -89.63083,
            -31.52732
          ],
          [
            -91.21318,
            -31.252
          ],
          [
            -92.87533,
            -31.38067
          ]
        ]
      }
    },
    {
      "type": "Feature",
      "id": "route:trails:326",
      "properties": {
        "id": "route:trails:326",
        "group": "trails",
        "feature": 3,
        "route_type": "trail",
        "speed_multiplier": 1.2,
        "allowed_movement_types": [
          "land",
          "flight"
        ],
        "kind": "road",
        "review_status": "candidate"
      },
      "geometry": {
        "type": "LineString",
        "coordinates": [
          [
            -112.28621,
            30.31534
          ],
          [
            -109.23151,
            30.41885
          ]
        ]
      }
    },
    {
      "type": "Feature",
      "id": "route:trails:327",
      "properties": {
        "id": "route:trails:327",
        "group": "trails",
        "feature": 3,
        "route_type": "trail",
        "speed_multiplier": 1.2,
        "allowed_movement_types": [
          "land",
          "flight"
        ],
        "kind": "road",
        "review_status": "candidate"
      },
      "geometry": {
        "type": "LineString",
        "coordinates": [
          [
            -81.21154,
            -25.24133
          ],
          [
            -82.78131,
            -29.06993
          ]
        ]
      }
    },
    {
      "type": "Feature",
      "id": "route:trails:328",
      "properties": {
        "id": "route:trails:328",
        "group": "trails",
        "feature": 3,
        "route_type": "trail",
        "speed_multiplier": 1.2,
        "allowed_movement_types": [
          "land",
          "flight"
        ],
        "kind": "road",
        "review_status": "candidate"
      },
      "geometry": {
        "type": "LineString",
        "coordinates": [
          [
            -117.09616,
            -4.71458
          ],
          [
            -115.52351,
            -2.97352
          ],
          [
            -115.2417,
            0.18331
          ],
          [
            -113.96777,
            2.24569
          ],
          [
            -112.62338,
            3.13131
          ],
          [
            -113.96993,
            5.16889
          ]
        ]
      }
    },
    {
      "type": "Feature",
      "id": "route:trails:329",
      "properties": {
        "id": "route:trails:329",
        "group": "trails",
        "feature": 3,
        "route_type": "trail",
        "speed_multiplier": 1.2,
        "allowed_movement_types": [
          "land",
          "flight"
        ],
        "kind": "road",
        "review_status": "candidate"
      },
      "geometry": {
        "type": "LineString",
        "coordinates": [
          [
            -110.83686,
            34.03179
          ],
          [
            -110.51335,
            34.98247
          ]
        ]
      }
    },
    {
      "type": "Feature",
      "id": "route:trails:330",
      "properties": {
        "id": "route:trails:330",
        "group": "trails",
        "feature": 3,
        "route_type": "trail",
        "speed_multiplier": 1.2,
        "allowed_movement_types": [
          "land",
          "flight"
        ],
        "kind": "road",
        "review_status": "candidate"
      },
      "geometry": {
        "type": "LineString",
        "coordinates": [
          [
            -102.38738,
            -19.80611
          ],
          [
            -102.84893,
            -19.30004
          ],
          [
            -104.31373,
            -18.59377
          ],
          [
            -105.7469,
            -16.66474
          ],
          [
            -109.1305,
            -18.01725
          ],
          [
            -109.66466,
            -15.95703
          ],
          [
            -109.7326,
            -13.09169
          ],
          [
            -111.50115,
            -11.14325
          ]
        ]
      }
    },
    {
      "type": "Feature",
      "id": "route:trails:331",
      "properties": {
        "id": "route:trails:331",
        "group": "trails",
        "feature": 3,
        "route_type": "trail",
        "speed_multiplier": 1.2,
        "allowed_movement_types": [
          "land",
          "flight"
        ],
        "kind": "road",
        "review_status": "candidate"
      },
      "geometry": {
        "type": "LineString",
        "coordinates": [
          [
            -57.48641,
            40.70559
          ],
          [
            -57.09963,
            42.08219
          ],
          [
            -59.69062,
            43.47029
          ],
          [
            -58.60433,
            44.66106
          ],
          [
            -56.74484,
            45.39645
          ],
          [
            -57.35772,
            49.10823
          ]
        ]
      }
    },
    {
      "type": "Feature",
      "id": "route:trails:332",
      "properties": {
        "id": "route:trails:332",
        "group": "trails",
        "feature": 3,
        "route_type": "trail",
        "speed_multiplier": 1.2,
        "allowed_movement_types": [
          "land",
          "flight"
        ],
        "kind": "road",
        "review_status": "candidate"
      },
      "geometry": {
        "type": "LineString",
        "coordinates": [
          [
            -97.38189,
            -25.88938
          ],
          [
            -96.24563,
            -27.40974
          ]
        ]
      }
    },
    {
      "type": "Feature",
      "id": "route:trails:333",
      "properties": {
        "id": "route:trails:333",
        "group": "trails",
        "feature": 3,
        "route_type": "trail",
        "speed_multiplier": 1.2,
        "allowed_movement_types": [
          "land",
          "flight"
        ],
        "kind": "road",
        "review_status": "candidate"
      },
      "geometry": {
        "type": "LineString",
        "coordinates": [
          [
            -97.29526,
            -24.47899
          ],
          [
            -96.80423,
            -25.22013
          ],
          [
            -97.38189,
            -25.88938
          ]
        ]
      }
    },
    {
      "type": "Feature",
      "id": "route:trails:334",
      "properties": {
        "id": "route:trails:334",
        "group": "trails",
        "feature": 3,
        "route_type": "trail",
        "speed_multiplier": 1.2,
        "allowed_movement_types": [
          "land",
          "flight"
        ],
        "kind": "road",
        "review_status": "candidate"
      },
      "geometry": {
        "type": "LineString",
        "coordinates": [
          [
            -45.91249,
            30.53818
          ],
          [
            -47.97472,
            26.74085
          ]
        ]
      }
    },
    {
      "type": "Feature",
      "id": "route:trails:335",
      "properties": {
        "id": "route:trails:335",
        "group": "trails",
        "feature": 3,
        "route_type": "trail",
        "speed_multiplier": 1.2,
        "allowed_movement_types": [
          "land",
          "flight"
        ],
        "kind": "road",
        "review_status": "candidate"
      },
      "geometry": {
        "type": "LineString",
        "coordinates": [
          [
            -51.50462,
            37.85463
          ],
          [
            -51.9482,
            35.26677
          ]
        ]
      }
    },
    {
      "type": "Feature",
      "id": "route:trails:336",
      "properties": {
        "id": "route:trails:336",
        "group": "trails",
        "feature": 3,
        "route_type": "trail",
        "speed_multiplier": 1.2,
        "allowed_movement_types": [
          "land",
          "flight"
        ],
        "kind": "road",
        "review_status": "candidate"
      },
      "geometry": {
        "type": "LineString",
        "coordinates": [
          [
            -92.93859,
            -29.44409
          ],
          [
            -93.00222,
            -27.51074
          ]
        ]
      }
    },
    {
      "type": "Feature",
      "id": "route:trails:337",
      "properties": {
        "id": "route:trails:337",
        "group": "trails",
        "feature": 3,
        "route_type": "trail",
        "speed_multiplier": 1.2,
        "allowed_movement_types": [
          "land",
          "flight"
        ],
        "kind": "road",
        "review_status": "candidate"
      },
      "geometry": {
        "type": "LineString",
        "coordinates": [
          [
            -86.19475,
            50.07688
          ],
          [
            -87.6768,
            49.09133
          ],
          [
            -89.08409,
            49.14704
          ],
          [
            -90.39649,
            49.79042
          ]
        ]
      }
    },
    {
      "type": "Feature",
      "id": "route:trails:338",
      "properties": {
        "id": "route:trails:338",
        "group": "trails",
        "feature": 3,
        "route_type": "trail",
        "speed_multiplier": 1.2,
        "allowed_movement_types": [
          "land",
          "flight"
        ],
        "kind": "road",
        "review_status": "candidate"
      },
      "geometry": {
        "type": "LineString",
        "coordinates": [
          [
            -82.12637,
            -33.5649
          ],
          [
            -80.45847,
            -32.85108
          ],
          [
            -78.45915,
            -31.5647
          ]
        ]
      }
    },
    {
      "type": "Feature",
      "id": "route:trails:339",
      "properties": {
        "id": "route:trails:339",
        "group": "trails",
        "feature": 3,
        "route_type": "trail",
        "speed_multiplier": 1.2,
        "allowed_movement_types": [
          "land",
          "flight"
        ],
        "kind": "road",
        "review_status": "candidate"
      },
      "geometry": {
        "type": "LineString",
        "coordinates": [
          [
            -79.20503,
            -29.22592
          ],
          [
            -78.45915,
            -31.5647
          ]
        ]
      }
    },
    {
      "type": "Feature",
      "id": "route:trails:340",
      "properties": {
        "id": "route:trails:340",
        "group": "trails",
        "feature": 3,
        "route_type": "trail",
        "speed_multiplier": 1.2,
        "allowed_movement_types": [
          "land",
          "flight"
        ],
        "kind": "road",
        "review_status": "candidate"
      },
      "geometry": {
        "type": "LineString",
        "coordinates": [
          [
            -108.2243,
            -9.41118
          ],
          [
            -109.45582,
            -8.38538
          ],
          [
            -110.68913,
            -7.35671
          ],
          [
            -112.46774,
            -6.55124
          ],
          [
            -116.20433,
            -6.47863
          ],
          [
            -117.09616,
            -4.71458
          ]
        ]
      }
    },
    {
      "type": "Feature",
      "id": "route:trails:341",
      "properties": {
        "id": "route:trails:341",
        "group": "trails",
        "feature": 3,
        "route_type": "trail",
        "speed_multiplier": 1.2,
        "allowed_movement_types": [
          "land",
          "flight"
        ],
        "kind": "road",
        "review_status": "candidate"
      },
      "geometry": {
        "type": "LineString",
        "coordinates": [
          [
            -115.17771,
            -13.65383
          ],
          [
            -113.22656,
            -14.16134
          ],
          [
            -112.07413,
            -12.89545
          ],
          [
            -111.50115,
            -11.14325
          ]
        ]
      }
    },
    {
      "type": "Feature",
      "id": "route:trails:342",
      "properties": {
        "id": "route:trails:342",
        "group": "trails",
        "feature": 3,
        "route_type": "trail",
        "speed_multiplier": 1.2,
        "allowed_movement_types": [
          "land",
          "flight"
        ],
        "kind": "road",
        "review_status": "candidate"
      },
      "geometry": {
        "type": "LineString",
        "coordinates": [
          [
            -51.50462,
            37.85463
          ],
          [
            -52.5582,
            41.08802
          ],
          [
            -54.42416,
            40.47232
          ],
          [
            -57.48641,
            40.70559
          ]
        ]
      }
    },
    {
      "type": "Feature",
      "id": "route:trails:343",
      "properties": {
        "id": "route:trails:343",
        "group": "trails",
        "feature": 3,
        "route_type": "trail",
        "speed_multiplier": 1.2,
        "allowed_movement_types": [
          "land",
          "flight"
        ],
        "kind": "road",
        "review_status": "candidate"
      },
      "geometry": {
        "type": "LineString",
        "coordinates": [
          [
            -119.42151,
            -6.94085
          ],
          [
            -117.09616,
            -4.71458
          ]
        ]
      }
    },
    {
      "type": "Feature",
      "id": "route:trails:344",
      "properties": {
        "id": "route:trails:344",
        "group": "trails",
        "feature": 3,
        "route_type": "trail",
        "speed_multiplier": 1.2,
        "allowed_movement_types": [
          "land",
          "flight"
        ],
        "kind": "road",
        "review_status": "candidate"
      },
      "geometry": {
        "type": "LineString",
        "coordinates": [
          [
            -107.84939,
            -23.30331
          ],
          [
            -109.3354,
            -20.87252
          ],
          [
            -109.1305,
            -18.01725
          ]
        ]
      }
    },
    {
      "type": "Feature",
      "id": "route:trails:345",
      "properties": {
        "id": "route:trails:345",
        "group": "trails",
        "feature": 3,
        "route_type": "trail",
        "speed_multiplier": 1.2,
        "allowed_movement_types": [
          "land",
          "flight"
        ],
        "kind": "road",
        "review_status": "candidate"
      },
      "geometry": {
        "type": "LineString",
        "coordinates": [
          [
            -98.12202,
            -22.73363
          ],
          [
            -99.85246,
            -23.0873
          ],
          [
            -101.65084,
            -23.41725
          ],
          [
            -103.52687,
            -24.95631
          ],
          [
            -107.84939,
            -23.30331
          ]
        ]
      }
    },
    {
      "type": "Feature",
      "id": "route:trails:346",
      "properties": {
        "id": "route:trails:346",
        "group": "trails",
        "feature": 3,
        "route_type": "trail",
        "speed_multiplier": 1.2,
        "allowed_movement_types": [
          "land",
          "flight"
        ],
        "kind": "road",
        "review_status": "candidate"
      },
      "geometry": {
        "type": "LineString",
        "coordinates": [
          [
            -92.93859,
            -29.44409
          ],
          [
            -92.87533,
            -31.38067
          ]
        ]
      }
    },
    {
      "type": "Feature",
      "id": "route:trails:347",
      "properties": {
        "id": "route:trails:347",
        "group": "trails",
        "feature": 3,
        "route_type": "trail",
        "speed_multiplier": 1.2,
        "allowed_movement_types": [
          "land",
          "flight"
        ],
        "kind": "road",
        "review_status": "candidate"
      },
      "geometry": {
        "type": "LineString",
        "coordinates": [
          [
            -116.81865,
            -14.60343
          ],
          [
            -115.17771,
            -13.65383
          ]
        ]
      }
    },
    {
      "type": "Feature",
      "id": "route:trails:348",
      "properties": {
        "id": "route:trails:348",
        "group": "trails",
        "feature": 3,
        "route_type": "trail",
        "speed_multiplier": 1.2,
        "allowed_movement_types": [
          "land",
          "flight"
        ],
        "kind": "road",
        "review_status": "candidate"
      },
      "geometry": {
        "type": "LineString",
        "coordinates": [
          [
            -119.1627,
            -10.19724
          ],
          [
            -118.71661,
            -12.21434
          ]
        ]
      }
    },
    {
      "type": "Feature",
      "id": "route:trails:349",
      "properties": {
        "id": "route:trails:349",
        "group": "trails",
        "feature": 3,
        "route_type": "trail",
        "speed_multiplier": 1.2,
        "allowed_movement_types": [
          "land",
          "flight"
        ],
        "kind": "road",
        "review_status": "candidate"
      },
      "geometry": {
        "type": "LineString",
        "coordinates": [
          [
            -118.04549,
            -9.38638
          ],
          [
            -119.1627,
            -10.19724
          ]
        ]
      }
    },
    {
      "type": "Feature",
      "id": "route:trails:350",
      "properties": {
        "id": "route:trails:350",
        "group": "trails",
        "feature": 3,
        "route_type": "trail",
        "speed_multiplier": 1.2,
        "allowed_movement_types": [
          "land",
          "flight"
        ],
        "kind": "road",
        "review_status": "candidate"
      },
      "geometry": {
        "type": "LineString",
        "coordinates": [
          [
            -43.03105,
            37.28494
          ],
          [
            -45.5347,
            36.71418
          ],
          [
            -49.51429,
            34.9149
          ]
        ]
      }
    },
    {
      "type": "Feature",
      "id": "route:trails:351",
      "properties": {
        "id": "route:trails:351",
        "group": "trails",
        "feature": 3,
        "route_type": "trail",
        "speed_multiplier": 1.2,
        "allowed_movement_types": [
          "land",
          "flight"
        ],
        "kind": "road",
        "review_status": "candidate"
      },
      "geometry": {
        "type": "LineString",
        "coordinates": [
          [
            -112.24595,
            22.39613
          ],
          [
            -114.08567,
            21.76677
          ],
          [
            -115.92827,
            21.11837
          ],
          [
            -116.92038,
            20.04046
          ],
          [
            -118.87728,
            19.25439
          ],
          [
            -121.15195,
            19.97109
          ],
          [
            -122.64156,
            20.02967
          ],
          [
            -124.5467,
            19.94269
          ]
        ]
      }
    },
    {
      "type": "Feature",
      "id": "route:trails:352",
      "properties": {
        "id": "route:trails:352",
        "group": "trails",
        "feature": 3,
        "route_type": "trail",
        "speed_multiplier": 1.2,
        "allowed_movement_types": [
          "land",
          "flight"
        ],
        "kind": "road",
        "review_status": "candidate"
      },
      "geometry": {
        "type": "LineString",
        "coordinates": [
          [
            -42.71293,
            29.452
          ],
          [
            -43.1317,
            28.62819
          ],
          [
            -42.73018,
            26.07664
          ]
        ]
      }
    },
    {
      "type": "Feature",
      "id": "route:trails:353",
      "properties": {
        "id": "route:trails:353",
        "group": "trails",
        "feature": 3,
        "route_type": "trail",
        "speed_multiplier": 1.2,
        "allowed_movement_types": [
          "land",
          "flight"
        ],
        "kind": "road",
        "review_status": "candidate"
      },
      "geometry": {
        "type": "LineString",
        "coordinates": [
          [
            -45.91249,
            30.53818
          ],
          [
            -44.7482,
            28.59081
          ]
        ]
      }
    },
    {
      "type": "Feature",
      "id": "route:trails:354",
      "properties": {
        "id": "route:trails:354",
        "group": "trails",
        "feature": 3,
        "route_type": "trail",
        "speed_multiplier": 1.2,
        "allowed_movement_types": [
          "land",
          "flight"
        ],
        "kind": "road",
        "review_status": "candidate"
      },
      "geometry": {
        "type": "LineString",
        "coordinates": [
          [
            -32.22674,
            30.80415
          ],
          [
            -33.83173,
            28.66701
          ],
          [
            -34.09486,
            26.76637
          ],
          [
            -33.69082,
            24.9847
          ],
          [
            -33.42518,
            23.29577
          ],
          [
            -34.59774,
            19.75831
          ],
          [
            -36.66105,
            20.35028
          ],
          [
            -37.35085,
            23.99413
          ]
        ]
      }
    },
    {
      "type": "Feature",
      "id": "route:trails:355",
      "properties": {
        "id": "route:trails:355",
        "group": "trails",
        "feature": 3,
        "route_type": "trail",
        "speed_multiplier": 1.2,
        "allowed_movement_types": [
          "land",
          "flight"
        ],
        "kind": "road",
        "review_status": "candidate"
      },
      "geometry": {
        "type": "LineString",
        "coordinates": [
          [
            -52.5582,
            41.08802
          ],
          [
            -48.92873,
            41.1351
          ],
          [
            -47.81008,
            41.8101
          ],
          [
            -46.76154,
            42.2867
          ],
          [
            -45.6677,
            40.64665
          ],
          [
            -43.89448,
            39.13778
          ],
          [
            -43.03105,
            37.28494
          ]
        ]
      }
    },
    {
      "type": "Feature",
      "id": "route:trails:356",
      "properties": {
        "id": "route:trails:356",
        "group": "trails",
        "feature": 3,
        "route_type": "trail",
        "speed_multiplier": 1.2,
        "allowed_movement_types": [
          "land",
          "flight"
        ],
        "kind": "road",
        "review_status": "candidate"
      },
      "geometry": {
        "type": "LineString",
        "coordinates": [
          [
            -58.40879,
            50.00751
          ],
          [
            -57.35772,
            49.10823
          ]
        ]
      }
    },
    {
      "type": "Feature",
      "id": "route:trails:357",
      "properties": {
        "id": "route:trails:357",
        "group": "trails",
        "feature": 3,
        "route_type": "trail",
        "speed_multiplier": 1.2,
        "allowed_movement_types": [
          "land",
          "flight"
        ],
        "kind": "road",
        "review_status": "candidate"
      },
      "geometry": {
        "type": "LineString",
        "coordinates": [
          [
            -119.42151,
            -6.94085
          ],
          [
            -119.6131,
            -6.38554
          ],
          [
            -122.40827,
            -3.79409
          ],
          [
            -123.41188,
            -3.39261
          ],
          [
            -124.20126,
            -2.47356
          ],
          [
            -126.05931,
            -2.20687
          ],
          [
            -127.91485,
            -1.94018
          ]
        ]
      }
    },
    {
      "type": "Feature",
      "id": "route:trails:358",
      "properties": {
        "id": "route:trails:358",
        "group": "trails",
        "feature": 3,
        "route_type": "trail",
        "speed_multiplier": 1.2,
        "allowed_movement_types": [
          "land",
          "flight"
        ],
        "kind": "road",
        "review_status": "candidate"
      },
      "geometry": {
        "type": "LineString",
        "coordinates": [
          [
            -122.71489,
            -7.15615
          ],
          [
            -124.10313,
            -8.59421
          ]
        ]
      }
    },
    {
      "type": "Feature",
      "id": "route:trails:359",
      "properties": {
        "id": "route:trails:359",
        "group": "trails",
        "feature": 3,
        "route_type": "trail",
        "speed_multiplier": 1.2,
        "allowed_movement_types": [
          "land",
          "flight"
        ],
        "kind": "road",
        "review_status": "candidate"
      },
      "geometry": {
        "type": "LineString",
        "coordinates": [
          [
            -116.81865,
            -14.60343
          ],
          [
            -118.99231,
            -15.51997
          ],
          [
            -120.11059,
            -14.57324
          ],
          [
            -119.77666,
            -13.36917
          ],
          [
            -118.71661,
            -12.21434
          ]
        ]
      }
    },
    {
      "type": "Feature",
      "id": "route:trails:360",
      "properties": {
        "id": "route:trails:360",
        "group": "trails",
        "feature": 3,
        "route_type": "trail",
        "speed_multiplier": 1.2,
        "allowed_movement_types": [
          "land",
          "flight"
        ],
        "kind": "road",
        "review_status": "candidate"
      },
      "geometry": {
        "type": "LineString",
        "coordinates": [
          [
            -118.99231,
            -15.51997
          ],
          [
            -121.17244,
            -16.44621
          ],
          [
            -122.66384,
            -15.62133
          ],
          [
            -124.08228,
            -15.55591
          ],
          [
            -125.4263,
            -16.24601
          ],
          [
            -126.90045,
            -16.3143
          ]
        ]
      }
    },
    {
      "type": "Feature",
      "id": "route:trails:361",
      "properties": {
        "id": "route:trails:361",
        "group": "trails",
        "feature": 3,
        "route_type": "trail",
        "speed_multiplier": 1.2,
        "allowed_movement_types": [
          "land",
          "flight"
        ],
        "kind": "road",
        "review_status": "candidate"
      },
      "geometry": {
        "type": "LineString",
        "coordinates": [
          [
            -107.86197,
            -28.13111
          ],
          [
            -109.74914,
            -27.41154
          ],
          [
            -112.92246,
            -25.3028
          ],
          [
            -114.05512,
            -26.49752
          ],
          [
            -114.26792,
            -29.30931
          ],
          [
            -115.45989,
            -31.78826
          ],
          [
            -117.19932,
            -30.33546
          ]
        ]
      }
    },
    {
      "type": "Feature",
      "id": "route:trails:362",
      "properties": {
        "id": "route:trails:362",
        "group": "trails",
        "feature": 3,
        "route_type": "trail",
        "speed_multiplier": 1.2,
        "allowed_movement_types": [
          "land",
          "flight"
        ],
        "kind": "road",
        "review_status": "candidate"
      },
      "geometry": {
        "type": "LineString",
        "coordinates": [
          [
            -107.95651,
            43.64712
          ],
          [
            -106.91263,
            45.06542
          ],
          [
            -103.97152,
            46.58003
          ]
        ]
      }
    },
    {
      "type": "Feature",
      "id": "route:trails:363",
      "properties": {
        "id": "route:trails:363",
        "group": "trails",
        "feature": 3,
        "route_type": "trail",
        "speed_multiplier": 1.2,
        "allowed_movement_types": [
          "land",
          "flight"
        ],
        "kind": "road",
        "review_status": "candidate"
      },
      "geometry": {
        "type": "LineString",
        "coordinates": [
          [
            -107.95651,
            43.64712
          ],
          [
            -109.94468,
            43.64137
          ],
          [
            -112.81857,
            45.62073
          ]
        ]
      }
    },
    {
      "type": "Feature",
      "id": "route:trails:364",
      "properties": {
        "id": "route:trails:364",
        "group": "trails",
        "feature": 3,
        "route_type": "trail",
        "speed_multiplier": 1.2,
        "allowed_movement_types": [
          "land",
          "flight"
        ],
        "kind": "road",
        "review_status": "candidate"
      },
      "geometry": {
        "type": "LineString",
        "coordinates": [
          [
            -109.80593,
            39.72616
          ],
          [
            -108.48635,
            40.32101
          ],
          [
            -107.87059,
            41.625
          ],
          [
            -107.95651,
            43.64712
          ]
        ]
      }
    },
    {
      "type": "Feature",
      "id": "route:trails:365",
      "properties": {
        "id": "route:trails:365",
        "group": "trails",
        "feature": 3,
        "route_type": "trail",
        "speed_multiplier": 1.2,
        "allowed_movement_types": [
          "land",
          "flight"
        ],
        "kind": "road",
        "review_status": "candidate"
      },
      "geometry": {
        "type": "LineString",
        "coordinates": [
          [
            -46.76154,
            42.2867
          ],
          [
            -47.25004,
            45.44353
          ],
          [
            -45.72881,
            48.07812
          ],
          [
            -47.77234,
            48.46486
          ]
        ]
      }
    },
    {
      "type": "Feature",
      "id": "route:trails:366",
      "properties": {
        "id": "route:trails:366",
        "group": "trails",
        "feature": 3,
        "route_type": "trail",
        "speed_multiplier": 1.2,
        "allowed_movement_types": [
          "land",
          "flight"
        ],
        "kind": "road",
        "review_status": "candidate"
      },
      "geometry": {
        "type": "LineString",
        "coordinates": [
          [
            -34.59774,
            19.75831
          ],
          [
            -32.6642,
            20.0099
          ],
          [
            -31.27776,
            20.46026
          ],
          [
            -29.94668,
            20.01637
          ],
          [
            -28.61703,
            19.57105
          ],
          [
            -27.36503,
            18.26921
          ],
          [
            -26.85927,
            16.59321
          ],
          [
            -28.03075,
            15.59185
          ],
          [
            -29.20475,
            14.59301
          ],
          [
            -29.17743,
            13.14776
          ],
          [
            -29.15299,
            11.70323
          ]
        ]
      }
    },
    {
      "type": "Feature",
      "id": "route:trails:367",
      "properties": {
        "id": "route:trails:367",
        "group": "trails",
        "feature": 3,
        "route_type": "trail",
        "speed_multiplier": 1.2,
        "allowed_movement_types": [
          "land",
          "flight"
        ],
        "kind": "road",
        "review_status": "candidate"
      },
      "geometry": {
        "type": "LineString",
        "coordinates": [
          [
            -40.67623,
            39.25855
          ],
          [
            -43.03105,
            37.28494
          ]
        ]
      }
    },
    {
      "type": "Feature",
      "id": "route:trails:368",
      "properties": {
        "id": "route:trails:368",
        "group": "trails",
        "feature": 3,
        "route_type": "trail",
        "speed_multiplier": 1.2,
        "allowed_movement_types": [
          "land",
          "flight"
        ],
        "kind": "road",
        "review_status": "candidate"
      },
      "geometry": {
        "type": "LineString",
        "coordinates": [
          [
            -130.4548,
            9.2383
          ],
          [
            -128.5892,
            8.66394
          ],
          [
            -127.10714,
            8.86486
          ],
          [
            -124.67071,
            9.08446
          ],
          [
            -122.60345,
            9.70088
          ],
          [
            -120.41398,
            11.86677
          ]
        ]
      }
    },
    {
      "type": "Feature",
      "id": "route:trails:369",
      "properties": {
        "id": "route:trails:369",
        "group": "trails",
        "feature": 3,
        "route_type": "trail",
        "speed_multiplier": 1.2,
        "allowed_movement_types": [
          "land",
          "flight"
        ],
        "kind": "road",
        "review_status": "candidate"
      },
      "geometry": {
        "type": "LineString",
        "coordinates": [
          [
            -36.39756,
            30.10004
          ],
          [
            -35.89612,
            31.97049
          ]
        ]
      }
    },
    {
      "type": "Feature",
      "id": "route:trails:370",
      "properties": {
        "id": "route:trails:370",
        "group": "trails",
        "feature": 3,
        "route_type": "trail",
        "speed_multiplier": 1.2,
        "allowed_movement_types": [
          "land",
          "flight"
        ],
        "kind": "road",
        "review_status": "candidate"
      },
      "geometry": {
        "type": "LineString",
        "coordinates": [
          [
            -37.74698,
            30.47923
          ],
          [
            -36.39756,
            30.10004
          ]
        ]
      }
    },
    {
      "type": "Feature",
      "id": "route:trails:371",
      "properties": {
        "id": "route:trails:371",
        "group": "trails",
        "feature": 3,
        "route_type": "trail",
        "speed_multiplier": 1.2,
        "allowed_movement_types": [
          "land",
          "flight"
        ],
        "kind": "road",
        "review_status": "candidate"
      },
      "geometry": {
        "type": "LineString",
        "coordinates": [
          [
            -124.20126,
            -2.47356
          ],
          [
            -122.76126,
            -0.54093
          ],
          [
            -122.77384,
            0.84105
          ],
          [
            -123.24941,
            1.8151
          ],
          [
            -124.19011,
            2.37939
          ],
          [
            -125.59561,
            2.5361
          ],
          [
            -126.77104,
            3.375
          ],
          [
            -127.94648,
            4.21534
          ],
          [
            -128.84873,
            5.56749
          ],
          [
            -129.74954,
            6.92109
          ],
          [
            -130.4548,
            9.2383
          ],
          [
            -131.24813,
            10.97935
          ],
          [
            -130.85739,
            11.73774
          ],
          [
            -131.67337,
            12.23914
          ],
          [
            -131.76611,
            14.55743
          ],
          [
            -131.48933,
            15.62384
          ],
          [
            -132.14211,
            17.30847
          ]
        ]
      }
    },
    {
      "type": "Feature",
      "id": "route:trails:372",
      "properties": {
        "id": "route:trails:372",
        "group": "trails",
        "feature": 3,
        "route_type": "trail",
        "speed_multiplier": 1.2,
        "allowed_movement_types": [
          "land",
          "flight"
        ],
        "kind": "road",
        "review_status": "candidate"
      },
      "geometry": {
        "type": "LineString",
        "coordinates": [
          [
            -36.78542,
            35.0522
          ],
          [
            -35.89612,
            31.97049
          ]
        ]
      }
    },
    {
      "type": "Feature",
      "id": "route:trails:373",
      "properties": {
        "id": "route:trails:373",
        "group": "trails",
        "feature": 3,
        "route_type": "trail",
        "speed_multiplier": 1.2,
        "allowed_movement_types": [
          "land",
          "flight"
        ],
        "kind": "road",
        "review_status": "candidate"
      },
      "geometry": {
        "type": "LineString",
        "coordinates": [
          [
            -38.19415,
            38.7133
          ],
          [
            -38.23944,
            37.21845
          ],
          [
            -36.78542,
            35.0522
          ]
        ]
      }
    },
    {
      "type": "Feature",
      "id": "route:trails:374",
      "properties": {
        "id": "route:trails:374",
        "group": "trails",
        "feature": 3,
        "route_type": "trail",
        "speed_multiplier": 1.2,
        "allowed_movement_types": [
          "land",
          "flight"
        ],
        "kind": "road",
        "review_status": "candidate"
      },
      "geometry": {
        "type": "LineString",
        "coordinates": [
          [
            -40.67623,
            39.25855
          ],
          [
            -38.19415,
            38.7133
          ]
        ]
      }
    },
    {
      "type": "Feature",
      "id": "route:trails:375",
      "properties": {
        "id": "route:trails:375",
        "group": "trails",
        "feature": 3,
        "route_type": "trail",
        "speed_multiplier": 1.2,
        "allowed_movement_types": [
          "land",
          "flight"
        ],
        "kind": "road",
        "review_status": "candidate"
      },
      "geometry": {
        "type": "LineString",
        "coordinates": [
          [
            -29.17743,
            13.14776
          ],
          [
            -27.63894,
            13.53954
          ]
        ]
      }
    },
    {
      "type": "Feature",
      "id": "route:trails:376",
      "properties": {
        "id": "route:trails:376",
        "group": "trails",
        "feature": 3,
        "route_type": "trail",
        "speed_multiplier": 1.2,
        "allowed_movement_types": [
          "land",
          "flight"
        ],
        "kind": "road",
        "review_status": "candidate"
      },
      "geometry": {
        "type": "LineString",
        "coordinates": [
          [
            -110.93895,
            -34.47173
          ],
          [
            -110.12441,
            -32.36981
          ],
          [
            -109.31347,
            -30.27113
          ],
          [
            -108.4522,
            -29.13391
          ],
          [
            -109.74914,
            -27.41154
          ]
        ]
      }
    },
    {
      "type": "Feature",
      "id": "route:trails:377",
      "properties": {
        "id": "route:trails:377",
        "group": "trails",
        "feature": 3,
        "route_type": "trail",
        "speed_multiplier": 1.2,
        "allowed_movement_types": [
          "land",
          "flight"
        ],
        "kind": "road",
        "review_status": "candidate"
      },
      "geometry": {
        "type": "LineString",
        "coordinates": [
          [
            -133.63063,
            19.04197
          ],
          [
            -131.94584,
            17.78722
          ],
          [
            -129.86852,
            17.48998
          ],
          [
            -128.60429,
            18.33427
          ],
          [
            -127.34295,
            19.18143
          ],
          [
            -125.94788,
            19.5635
          ],
          [
            -124.5467,
            19.94269
          ]
        ]
      }
    },
    {
      "type": "Feature",
      "id": "route:trails:378",
      "properties": {
        "id": "route:trails:378",
        "group": "trails",
        "feature": 3,
        "route_type": "trail",
        "speed_multiplier": 1.2,
        "allowed_movement_types": [
          "land",
          "flight"
        ],
        "kind": "road",
        "review_status": "candidate"
      },
      "geometry": {
        "type": "LineString",
        "coordinates": [
          [
            -135.98402,
            19.59585
          ],
          [
            -136.52861,
            18.43814
          ]
        ]
      }
    },
    {
      "type": "Feature",
      "id": "route:trails:379",
      "properties": {
        "id": "route:trails:379",
        "group": "trails",
        "feature": 3,
        "route_type": "trail",
        "speed_multiplier": 1.2,
        "allowed_movement_types": [
          "land",
          "flight"
        ],
        "kind": "road",
        "review_status": "candidate"
      },
      "geometry": {
        "type": "LineString",
        "coordinates": [
          [
            -133.63063,
            19.04197
          ],
          [
            -135.98402,
            19.59585
          ]
        ]
      }
    },
    {
      "type": "Feature",
      "id": "route:trails:380",
      "properties": {
        "id": "route:trails:380",
        "group": "trails",
        "feature": 3,
        "route_type": "trail",
        "speed_multiplier": 1.2,
        "allowed_movement_types": [
          "land",
          "flight"
        ],
        "kind": "road",
        "review_status": "candidate"
      },
      "geometry": {
        "type": "LineString",
        "coordinates": [
          [
            -128.37711,
            -16.3851
          ],
          [
            -127.30053,
            -16.67696
          ],
          [
            -126.62366,
            -17.33147
          ],
          [
            -128.89905,
            -20.00811
          ],
          [
            -128.01082,
            -21.11873
          ],
          [
            -128.01837,
            -22.20527
          ],
          [
            -128.92062,
            -23.26845
          ],
          [
            -129.22257,
            -24.55591
          ],
          [
            -129.52128,
            -25.84625
          ],
          [
            -130.64244,
            -26.85264
          ],
          [
            -131.3858,
            -28.19077
          ]
        ]
      }
    },
    {
      "type": "Feature",
      "id": "route:trails:381",
      "properties": {
        "id": "route:trails:381",
        "group": "trails",
        "feature": 3,
        "route_type": "trail",
        "speed_multiplier": 1.2,
        "allowed_movement_types": [
          "land",
          "flight"
        ],
        "kind": "road",
        "review_status": "candidate"
      },
      "geometry": {
        "type": "LineString",
        "coordinates": [
          [
            -110.93895,
            -34.47173
          ],
          [
            -113.16545,
            -34.04185
          ],
          [
            -115.45989,
            -31.78826
          ]
        ]
      }
    },
    {
      "type": "Feature",
      "id": "route:trails:382",
      "properties": {
        "id": "route:trails:382",
        "group": "trails",
        "feature": 3,
        "route_type": "trail",
        "speed_multiplier": 1.2,
        "allowed_movement_types": [
          "land",
          "flight"
        ],
        "kind": "road",
        "review_status": "candidate"
      },
      "geometry": {
        "type": "LineString",
        "coordinates": [
          [
            -23.28659,
            13.40619
          ],
          [
            -24.68058,
            12.94649
          ],
          [
            -26.11555,
            12.86562
          ],
          [
            -27.63894,
            13.53954
          ]
        ]
      }
    },
    {
      "type": "Feature",
      "id": "route:trails:383",
      "properties": {
        "id": "route:trails:383",
        "group": "trails",
        "feature": 3,
        "route_type": "trail",
        "speed_multiplier": 1.2,
        "allowed_movement_types": [
          "land",
          "flight"
        ],
        "kind": "road",
        "review_status": "candidate"
      },
      "geometry": {
        "type": "LineString",
        "coordinates": [
          [
            -120.96575,
            -32.55743
          ],
          [
            -119.45997,
            -30.90012
          ],
          [
            -117.19932,
            -30.33546
          ]
        ]
      }
    },
    {
      "type": "Feature",
      "id": "route:trails:384",
      "properties": {
        "id": "route:trails:384",
        "group": "trails",
        "feature": 3,
        "route_type": "trail",
        "speed_multiplier": 1.2,
        "allowed_movement_types": [
          "land",
          "flight"
        ],
        "kind": "road",
        "review_status": "candidate"
      },
      "geometry": {
        "type": "LineString",
        "coordinates": [
          [
            -123.85078,
            -27.51326
          ],
          [
            -124.37811,
            -29.04728
          ]
        ]
      }
    },
    {
      "type": "Feature",
      "id": "route:trails:385",
      "properties": {
        "id": "route:trails:385",
        "group": "trails",
        "feature": 3,
        "route_type": "trail",
        "speed_multiplier": 1.2,
        "allowed_movement_types": [
          "land",
          "flight"
        ],
        "kind": "road",
        "review_status": "candidate"
      },
      "geometry": {
        "type": "LineString",
        "coordinates": [
          [
            -123.85078,
            -27.51326
          ],
          [
            -125.74406,
            -25.63742
          ],
          [
            -127.25092,
            -25.13818
          ],
          [
            -128.92062,
            -23.26845
          ]
        ]
      }
    },
    {
      "type": "Feature",
      "id": "route:trails:386",
      "properties": {
        "id": "route:trails:386",
        "group": "trails",
        "feature": 3,
        "route_type": "trail",
        "speed_multiplier": 1.2,
        "allowed_movement_types": [
          "land",
          "flight"
        ],
        "kind": "road",
        "review_status": "candidate"
      },
      "geometry": {
        "type": "LineString",
        "coordinates": [
          [
            -120.96575,
            -32.55743
          ],
          [
            -123.02618,
            -30.6
          ],
          [
            -124.37811,
            -29.04728
          ]
        ]
      }
    },
    {
      "type": "Feature",
      "id": "route:trails:387",
      "properties": {
        "id": "route:trails:387",
        "group": "trails",
        "feature": 3,
        "route_type": "trail",
        "speed_multiplier": 1.2,
        "allowed_movement_types": [
          "land",
          "flight"
        ],
        "kind": "road",
        "review_status": "candidate"
      },
      "geometry": {
        "type": "LineString",
        "coordinates": [
          [
            -120.96575,
            -32.55743
          ],
          [
            -122.90396,
            -34.85883
          ],
          [
            -124.47948,
            -36.6653
          ],
          [
            -125.70057,
            -36.62324
          ],
          [
            -126.95437,
            -35.9353
          ],
          [
            -128.29803,
            -34.18886
          ]
        ]
      }
    },
    {
      "type": "Feature",
      "id": "route:trails:388",
      "properties": {
        "id": "route:trails:388",
        "group": "trails",
        "feature": 3,
        "route_type": "trail",
        "speed_multiplier": 1.2,
        "allowed_movement_types": [
          "land",
          "flight"
        ],
        "kind": "road",
        "review_status": "candidate"
      },
      "geometry": {
        "type": "LineString",
        "coordinates": [
          [
            -128.68373,
            -33.25651
          ],
          [
            -125.99281,
            -31.31921
          ],
          [
            -124.37811,
            -29.04728
          ]
        ]
      }
    },
    {
      "type": "Feature",
      "id": "route:trails:389",
      "properties": {
        "id": "route:trails:389",
        "group": "trails",
        "feature": 3,
        "route_type": "trail",
        "speed_multiplier": 1.2,
        "allowed_movement_types": [
          "land",
          "flight"
        ],
        "kind": "road",
        "review_status": "candidate"
      },
      "geometry": {
        "type": "LineString",
        "coordinates": [
          [
            -131.85921,
            -29.54581
          ],
          [
            -131.3858,
            -28.19077
          ]
        ]
      }
    },
    {
      "type": "Feature",
      "id": "route:trails:390",
      "properties": {
        "id": "route:trails:390",
        "group": "trails",
        "feature": 3,
        "route_type": "trail",
        "speed_multiplier": 1.2,
        "allowed_movement_types": [
          "land",
          "flight"
        ],
        "kind": "road",
        "review_status": "candidate"
      },
      "geometry": {
        "type": "LineString",
        "coordinates": [
          [
            -128.68373,
            -33.25651
          ],
          [
            -129.34263,
            -32.49417
          ],
          [
            -129.99756,
            -31.27212
          ],
          [
            -131.85921,
            -29.54581
          ]
        ]
      }
    },
    {
      "type": "Feature",
      "id": "route:trails:391",
      "properties": {
        "id": "route:trails:391",
        "group": "trails",
        "feature": 3,
        "route_type": "trail",
        "speed_multiplier": 1.2,
        "allowed_movement_types": [
          "land",
          "flight"
        ],
        "kind": "road",
        "review_status": "candidate"
      },
      "geometry": {
        "type": "LineString",
        "coordinates": [
          [
            -128.68373,
            -33.25651
          ],
          [
            -128.29803,
            -34.18886
          ]
        ]
      }
    },
    {
      "type": "Feature",
      "id": "route:trails:392",
      "properties": {
        "id": "route:trails:392",
        "group": "trails",
        "feature": 3,
        "route_type": "trail",
        "speed_multiplier": 1.2,
        "allowed_movement_types": [
          "land",
          "flight"
        ],
        "kind": "road",
        "review_status": "candidate"
      },
      "geometry": {
        "type": "LineString",
        "coordinates": [
          [
            -125.70057,
            -36.62324
          ],
          [
            -126.19303,
            -37.47652
          ],
          [
            -126.85264,
            -37.87368
          ],
          [
            -127.89795,
            -39.26286
          ],
          [
            -128.32104,
            -41.1387
          ]
        ]
      }
    },
    {
      "type": "Feature",
      "id": "route:trails:393",
      "properties": {
        "id": "route:trails:393",
        "group": "trails",
        "feature": 3,
        "route_type": "trail",
        "speed_multiplier": 1.2,
        "allowed_movement_types": [
          "land",
          "flight"
        ],
        "kind": "road",
        "review_status": "candidate"
      },
      "geometry": {
        "type": "LineString",
        "coordinates": [
          [
            -82.12637,
            -33.5649
          ],
          [
            -85.53693,
            -34.11949
          ]
        ]
      }
    },
    {
      "type": "Feature",
      "id": "route:trails:394",
      "properties": {
        "id": "route:trails:394",
        "group": "trails",
        "feature": 25,
        "route_type": "trail",
        "speed_multiplier": 1.2,
        "allowed_movement_types": [
          "land",
          "flight"
        ],
        "kind": "road",
        "review_status": "candidate"
      },
      "geometry": {
        "type": "LineString",
        "coordinates": [
          [
            -35.40581,
            -42.24429
          ],
          [
            -37.04423,
            -42.28419
          ],
          [
            -38.42996,
            -41.68251
          ],
          [
            -40.12122,
            -42.05811
          ]
        ]
      }
    },
    {
      "type": "Feature",
      "id": "route:trails:395",
      "properties": {
        "id": "route:trails:395",
        "group": "trails",
        "feature": 25,
        "route_type": "trail",
        "speed_multiplier": 1.2,
        "allowed_movement_types": [
          "land",
          "flight"
        ],
        "kind": "road",
        "review_status": "candidate"
      },
      "geometry": {
        "type": "LineString",
        "coordinates": [
          [
            -35.86772,
            -45.31845
          ],
          [
            -35.40581,
            -42.24429
          ]
        ]
      }
    },
    {
      "type": "Feature",
      "id": "route:trails:396",
      "properties": {
        "id": "route:trails:396",
        "group": "trails",
        "feature": 25,
        "route_type": "trail",
        "speed_multiplier": 1.2,
        "allowed_movement_types": [
          "land",
          "flight"
        ],
        "kind": "road",
        "review_status": "candidate"
      },
      "geometry": {
        "type": "LineString",
        "coordinates": [
          [
            -31.15698,
            -45.2268
          ],
          [
            -32.17965,
            -46.2224
          ],
          [
            -33.60312,
            -46.19257
          ],
          [
            -35.86772,
            -45.31845
          ]
        ]
      }
    },
    {
      "type": "Feature",
      "id": "route:trails:397",
      "properties": {
        "id": "route:trails:397",
        "group": "trails",
        "feature": 25,
        "route_type": "trail",
        "speed_multiplier": 1.2,
        "allowed_movement_types": [
          "land",
          "flight"
        ],
        "kind": "road",
        "review_status": "candidate"
      },
      "geometry": {
        "type": "LineString",
        "coordinates": [
          [
            -26.72088,
            -53.21609
          ],
          [
            -29.07211,
            -54.28574
          ]
        ]
      }
    },
    {
      "type": "Feature",
      "id": "route:trails:398",
      "properties": {
        "id": "route:trails:398",
        "group": "trails",
        "feature": 25,
        "route_type": "trail",
        "speed_multiplier": 1.2,
        "allowed_movement_types": [
          "land",
          "flight"
        ],
        "kind": "road",
        "review_status": "candidate"
      },
      "geometry": {
        "type": "LineString",
        "coordinates": [
          [
            -26.72088,
            -53.21609
          ],
          [
            -24.87109,
            -54.07548
          ],
          [
            -23.0781,
            -54.551
          ],
          [
            -21.3987,
            -54.26238
          ],
          [
            -19.77933,
            -53.59205
          ],
          [
            -18.71353,
            -52.60903
          ]
        ]
      }
    },
    {
      "type": "Feature",
      "id": "route:trails:399",
      "properties": {
        "id": "route:trails:399",
        "group": "trails",
        "feature": 25,
        "route_type": "trail",
        "speed_multiplier": 1.2,
        "allowed_movement_types": [
          "land",
          "flight"
        ],
        "kind": "road",
        "review_status": "candidate"
      },
      "geometry": {
        "type": "LineString",
        "coordinates": [
          [
            -26.90348,
            -50.52436
          ],
          [
            -27.14468,
            -51.90347
          ],
          [
            -26.72088,
            -53.21609
          ]
        ]
      }
    },
    {
      "type": "Feature",
      "id": "route:trails:400",
      "properties": {
        "id": "route:trails:400",
        "group": "trails",
        "feature": 25,
        "route_type": "trail",
        "speed_multiplier": 1.2,
        "allowed_movement_types": [
          "land",
          "flight"
        ],
        "kind": "road",
        "review_status": "candidate"
      },
      "geometry": {
        "type": "LineString",
        "coordinates": [
          [
            -32.17965,
            -46.2224
          ],
          [
            -30.96755,
            -47.26797
          ],
          [
            -30.22886,
            -47.91889
          ],
          [
            -29.4269,
            -49.24912
          ],
          [
            -26.90348,
            -50.52436
          ]
        ]
      }
    }
  ]
}
